case_id,ticker,company_name,announcement_date,filing_date,filing_type,accession_number,source_url,possible_signal_type,keyword_hits,excerpt_if_available,confidence,recommended_status
RHC-0104-ACQUIRED-ALBO,ALBO,Albireo Pharma,2023-01-09,2021-07-21,8-K,0001104659-21-094043,https://www.sec.gov/Archives/edgar/data/1322505/000110465921094043/0001104659-21-094043-index.htm,,,Primary and complete submission text fetched.,LOW,LIKELY_NO_HIT
RHC-0104-ACQUIRED-ALBO,ALBO,Albireo Pharma,2023-01-09,2021-08-05,10-Q,0001558370-21-010431,https://www.sec.gov/Archives/edgar/data/1322505/000155837021010431/0001558370-21-010431-index.htm,,,Primary and complete submission text fetched.,LOW,LIKELY_NO_HIT
RHC-0104-ACQUIRED-ALBO,ALBO,Albireo Pharma,2023-01-09,2021-08-05,8-K,0001104659-21-100457,https://www.sec.gov/Archives/edgar/data/1322505/000110465921100457/0001104659-21-100457-index.htm,,,Primary and complete submission text fetched.,LOW,LIKELY_NO_HIT
RHC-0104-ACQUIRED-ALBO,ALBO,Albireo Pharma,2023-01-09,2021-09-07,8-K,0001104659-21-113212,https://www.sec.gov/Archives/edgar/data/1322505/000110465921113212/0001104659-21-113212-index.htm,,,Primary and complete submission text fetched.,LOW,LIKELY_NO_HIT
RHC-0104-ACQUIRED-ALBO,ALBO,Albireo Pharma,2023-01-09,2021-11-04,10-Q,0001558370-21-014469,https://www.sec.gov/Archives/edgar/data/1322505/000155837021014469/0001558370-21-014469-index.htm,,,Primary and complete submission text fetched.,LOW,LIKELY_NO_HIT
RHC-0104-ACQUIRED-ALBO,ALBO,Albireo Pharma,2023-01-09,2021-11-04,8-K,0001104659-21-134069,https://www.sec.gov/Archives/edgar/data/1322505/000110465921134069/0001104659-21-134069-index.htm,,,Primary and complete submission text fetched.,LOW,LIKELY_NO_HIT
RHC-0104-ACQUIRED-ALBO,ALBO,Albireo Pharma,2023-01-09,2021-12-09,8-K,0001104659-21-147935,https://www.sec.gov/Archives/edgar/data/1322505/000110465921147935/0001104659-21-147935-index.htm,,,Primary and complete submission text fetched.,LOW,LIKELY_NO_HIT
RHC-0104-ACQUIRED-ALBO,ALBO,Albireo Pharma,2023-01-09,2022-01-05,8-K,0001104659-22-001291,https://www.sec.gov/Archives/edgar/data/1322505/000110465922001291/0001104659-22-001291-index.htm,,,Primary and complete submission text fetched.,LOW,LIKELY_NO_HIT
RHC-0104-ACQUIRED-ALBO,ALBO,Albireo Pharma,2023-01-09,2022-03-01,10-K,0001558370-22-002501,https://www.sec.gov/Archives/edgar/data/1322505/000155837022002501/0001558370-22-002501-index.htm,,,Primary and complete submission text fetched.,LOW,LIKELY_NO_HIT
RHC-0104-ACQUIRED-ALBO,ALBO,Albireo Pharma,2023-01-09,2022-03-01,8-K,0001104659-22-028359,https://www.sec.gov/Archives/edgar/data/1322505/000110465922028359/0001104659-22-028359-index.htm,,,Primary and complete submission text fetched.,LOW,LIKELY_NO_HIT
RHC-0104-ACQUIRED-ALBO,ALBO,Albireo Pharma,2023-01-09,2022-04-21,DEF 14A,0001104659-22-048085,https://www.sec.gov/Archives/edgar/data/1322505/000110465922048085/0001104659-22-048085-index.htm,,,Primary and complete submission text fetched.,LOW,LIKELY_NO_HIT
RHC-0104-ACQUIRED-ALBO,ALBO,Albireo Pharma,2023-01-09,2022-05-16,10-Q,0001558370-22-008984,https://www.sec.gov/Archives/edgar/data/1322505/000155837022008984/0001558370-22-008984-index.htm,,,Primary and complete submission text fetched.,LOW,LIKELY_NO_HIT
RHC-0104-ACQUIRED-ALBO,ALBO,Albireo Pharma,2023-01-09,2022-05-16,8-K,0001104659-22-061289,https://www.sec.gov/Archives/edgar/data/1322505/000110465922061289/0001104659-22-061289-index.htm,,,Primary and complete submission text fetched.,LOW,LIKELY_NO_HIT
RHC-0104-ACQUIRED-ALBO,ALBO,Albireo Pharma,2023-01-09,2022-06-17,8-K,0001104659-22-072382,https://www.sec.gov/Archives/edgar/data/1322505/000110465922072382/0001104659-22-072382-index.htm,,,Primary and complete submission text fetched.,LOW,LIKELY_NO_HIT
RHC-0104-ACQUIRED-ALBO,ALBO,Albireo Pharma,2023-01-09,2022-07-29,8-K,0001104659-22-084208,https://www.sec.gov/Archives/edgar/data/1322505/000110465922084208/0001104659-22-084208-index.htm,,,Primary and complete submission text fetched.,LOW,LIKELY_NO_HIT
RHC-0104-ACQUIRED-ALBO,ALBO,Albireo Pharma,2023-01-09,2022-08-10,8-K,0001104659-22-088331,https://www.sec.gov/Archives/edgar/data/1322505/000110465922088331/0001104659-22-088331-index.htm,,,Primary and complete submission text fetched.,LOW,LIKELY_NO_HIT
RHC-0104-ACQUIRED-ALBO,ALBO,Albireo Pharma,2023-01-09,2022-08-15,10-Q,0001558370-22-013652,https://www.sec.gov/Archives/edgar/data/1322505/000155837022013652/0001558370-22-013652-index.htm,,,Primary and complete submission text fetched.,LOW,LIKELY_NO_HIT
RHC-0104-ACQUIRED-ALBO,ALBO,Albireo Pharma,2023-01-09,2022-08-15,8-K,0001104659-22-091240,https://www.sec.gov/Archives/edgar/data/1322505/000110465922091240/0001104659-22-091240-index.htm,,,Primary and complete submission text fetched.,LOW,LIKELY_NO_HIT
RHC-0104-ACQUIRED-ALBO,ALBO,Albireo Pharma,2023-01-09,2022-08-16,8-K,0001104659-22-091453,https://www.sec.gov/Archives/edgar/data/1322505/000110465922091453/0001104659-22-091453-index.htm,,,Primary and complete submission text fetched.,LOW,LIKELY_NO_HIT
RHC-0104-ACQUIRED-ALBO,ALBO,Albireo Pharma,2023-01-09,2022-08-25,424B3,0001104659-22-094468,https://www.sec.gov/Archives/edgar/data/1322505/000110465922094468/0001104659-22-094468-index.htm,acquisition_proposal|unsolicited_proposal,acquisition proposal|unsolicited acquisition proposal,certain types of transactions that may involve an actual or threatened change of our control. These provisions are designed to reduce our vulnerability to an unsolicited acquisition proposal and to discourage certain tactics that may be used in proxy fights. Such provisions also may have the effect of preventing changes in our management. Delaware Statutory Business Combinations Provision We are subject to,LOW,POSSIBLE_HIT
RHC-0104-ACQUIRED-ALBO,ALBO,Albireo Pharma,2023-01-09,2022-09-22,8-K,0001104659-22-102172,https://www.sec.gov/Archives/edgar/data/1322505/000110465922102172/0001104659-22-102172-index.htm,,,Primary and complete submission text fetched.,LOW,LIKELY_NO_HIT
RHC-0104-ACQUIRED-ALBO,ALBO,Albireo Pharma,2023-01-09,2022-10-11,8-K,0001104659-22-107454,https://www.sec.gov/Archives/edgar/data/1322505/000110465922107454/0001104659-22-107454-index.htm,,,Primary and complete submission text fetched.,LOW,LIKELY_NO_HIT
RHC-0104-ACQUIRED-ALBO,ALBO,Albireo Pharma,2023-01-09,2022-11-08,10-Q,0001558370-22-016893,https://www.sec.gov/Archives/edgar/data/1322505/000155837022016893/0001558370-22-016893-index.htm,,,Primary and complete submission text fetched.,LOW,LIKELY_NO_HIT
RHC-0104-ACQUIRED-ALBO,ALBO,Albireo Pharma,2023-01-09,2022-11-08,8-K,0001104659-22-115925,https://www.sec.gov/Archives/edgar/data/1322505/000110465922115925/0001104659-22-115925-index.htm,,,Primary and complete submission text fetched.,LOW,LIKELY_NO_HIT
RHC-0104-ACQUIRED-ALBO,ALBO,Albireo Pharma,2023-01-09,2022-12-06,8-K,0001104659-22-124753,https://www.sec.gov/Archives/edgar/data/1322505/000110465922124753/0001104659-22-124753-index.htm,,,Primary and complete submission text fetched.,LOW,LIKELY_NO_HIT
RHC-0101-ACQUIRED-CHMA,CHMA,Chiasma,2021-05-05,2019-11-05,10-Q,0001193125-19-284741,https://www.sec.gov/Archives/edgar/data/1339469/000119312519284741/0001193125-19-284741-index.htm,,,Primary and complete submission text fetched.,LOW,LIKELY_NO_HIT
RHC-0101-ACQUIRED-CHMA,CHMA,Chiasma,2021-05-05,2019-11-05,8-K,0001193125-19-284720,https://www.sec.gov/Archives/edgar/data/1339469/000119312519284720/0001193125-19-284720-index.htm,,,Primary and complete submission text fetched.,LOW,LIKELY_NO_HIT
RHC-0101-ACQUIRED-CHMA,CHMA,Chiasma,2021-05-05,2020-01-10,8-K,0001193125-20-005017,https://www.sec.gov/Archives/edgar/data/1339469/000119312520005017/0001193125-20-005017-index.htm,,,Primary and complete submission text fetched.,LOW,LIKELY_NO_HIT
RHC-0101-ACQUIRED-CHMA,CHMA,Chiasma,2021-05-05,2020-01-13,8-K,0001193125-20-005887,https://www.sec.gov/Archives/edgar/data/1339469/000119312520005887/0001193125-20-005887-index.htm,,,Primary and complete submission text fetched.,LOW,LIKELY_NO_HIT
RHC-0101-ACQUIRED-CHMA,CHMA,Chiasma,2021-05-05,2020-02-21,8-K,0001193125-20-044722,https://www.sec.gov/Archives/edgar/data/1339469/000119312520044722/0001193125-20-044722-index.htm,,,Primary and complete submission text fetched.,LOW,LIKELY_NO_HIT
RHC-0101-ACQUIRED-CHMA,CHMA,Chiasma,2021-05-05,2020-03-16,10-K,0001193125-20-074902,https://www.sec.gov/Archives/edgar/data/1339469/000119312520074902/0001193125-20-074902-index.htm,,,Primary and complete submission text fetched.,LOW,LIKELY_NO_HIT
RHC-0101-ACQUIRED-CHMA,CHMA,Chiasma,2021-05-05,2020-03-16,8-K,0001193125-20-074878,https://www.sec.gov/Archives/edgar/data/1339469/000119312520074878/0001193125-20-074878-index.htm,,,Primary and complete submission text fetched.,LOW,LIKELY_NO_HIT
RHC-0101-ACQUIRED-CHMA,CHMA,Chiasma,2021-05-05,2020-04-08,8-K,0001193125-20-100860,https://www.sec.gov/Archives/edgar/data/1339469/000119312520100860/0001193125-20-100860-index.htm,,,Primary and complete submission text fetched.,LOW,LIKELY_NO_HIT
RHC-0101-ACQUIRED-CHMA,CHMA,Chiasma,2021-05-05,2020-04-28,DEF 14A,0001193125-20-123025,https://www.sec.gov/Archives/edgar/data/1339469/000119312520123025/0001193125-20-123025-index.htm,retained_advisor,financial advisor,"o sit on our Board of Directors include his extensive experience in the life sciences sector, his financial expertise and his years of experience providing strategic and financial advisory services to biopharmaceutical organizations. John A. Scarlett, M.D. joined our Board of Directors in February 2015. Dr. Scarlett has been Chief Executive Officer and director of Geron Corporation (NASDAQ: GERN), a biot",LOW,POSSIBLE_HIT
RHC-0101-ACQUIRED-CHMA,CHMA,Chiasma,2021-05-05,2020-05-07,10-Q,0001193125-20-136301,https://www.sec.gov/Archives/edgar/data/1339469/000119312520136301/0001193125-20-136301-index.htm,,,Primary and complete submission text fetched.,LOW,LIKELY_NO_HIT
RHC-0101-ACQUIRED-CHMA,CHMA,Chiasma,2021-05-05,2020-05-07,8-K,0001193125-20-136231,https://www.sec.gov/Archives/edgar/data/1339469/000119312520136231/0001193125-20-136231-index.htm,,,Primary and complete submission text fetched.,LOW,LIKELY_NO_HIT
RHC-0101-ACQUIRED-CHMA,CHMA,Chiasma,2021-05-05,2020-06-15,8-K,0001193125-20-169334,https://www.sec.gov/Archives/edgar/data/1339469/000119312520169334/0001193125-20-169334-index.htm,,,Primary and complete submission text fetched.,LOW,LIKELY_NO_HIT
RHC-0101-ACQUIRED-CHMA,CHMA,Chiasma,2021-05-05,2020-06-26,8-K,0001193125-20-181099,https://www.sec.gov/Archives/edgar/data/1339469/000119312520181099/0001193125-20-181099-index.htm,,,Primary and complete submission text fetched.,LOW,LIKELY_NO_HIT
RHC-0101-ACQUIRED-CHMA,CHMA,Chiasma,2021-05-05,2020-07-02,8-K,0001193125-20-185573,https://www.sec.gov/Archives/edgar/data/1339469/000119312520185573/0001193125-20-185573-index.htm,,,Primary and complete submission text fetched.,LOW,LIKELY_NO_HIT
RHC-0101-ACQUIRED-CHMA,CHMA,Chiasma,2021-05-05,2020-08-10,10-Q,0001193125-20-215056,https://www.sec.gov/Archives/edgar/data/1339469/000119312520215056/0001193125-20-215056-index.htm,,,Primary and complete submission text fetched.,LOW,LIKELY_NO_HIT
RHC-0101-ACQUIRED-CHMA,CHMA,Chiasma,2021-05-05,2020-08-10,8-K,0001193125-20-214957,https://www.sec.gov/Archives/edgar/data/1339469/000119312520214957/0001193125-20-214957-index.htm,,,Primary and complete submission text fetched.,LOW,LIKELY_NO_HIT
RHC-0101-ACQUIRED-CHMA,CHMA,Chiasma,2021-05-05,2020-10-01,8-K,0001193125-20-260463,https://www.sec.gov/Archives/edgar/data/1339469/000119312520260463/0001193125-20-260463-index.htm,,,Primary and complete submission text fetched.,LOW,LIKELY_NO_HIT
RHC-0101-ACQUIRED-CHMA,CHMA,Chiasma,2021-05-05,2020-11-05,10-Q,0001193125-20-286853,https://www.sec.gov/Archives/edgar/data/1339469/000119312520286853/0001193125-20-286853-index.htm,,,Primary and complete submission text fetched.,LOW,LIKELY_NO_HIT
RHC-0101-ACQUIRED-CHMA,CHMA,Chiasma,2021-05-05,2020-11-05,8-K,0001193125-20-286834,https://www.sec.gov/Archives/edgar/data/1339469/000119312520286834/0001193125-20-286834-index.htm,,,Primary and complete submission text fetched.,LOW,LIKELY_NO_HIT
RHC-0101-ACQUIRED-CHMA,CHMA,Chiasma,2021-05-05,2020-11-18,8-K,0001193125-20-296516,https://www.sec.gov/Archives/edgar/data/1339469/000119312520296516/0001193125-20-296516-index.htm,,,Primary and complete submission text fetched.,LOW,LIKELY_NO_HIT
RHC-0101-ACQUIRED-CHMA,CHMA,Chiasma,2021-05-05,2021-01-06,8-K,0001193125-21-003177,https://www.sec.gov/Archives/edgar/data/1339469/000119312521003177/0001193125-21-003177-index.htm,,,Primary and complete submission text fetched.,LOW,LIKELY_NO_HIT
RHC-0101-ACQUIRED-CHMA,CHMA,Chiasma,2021-05-05,2021-01-19,8-K,0001193125-21-010778,https://www.sec.gov/Archives/edgar/data/1339469/000119312521010778/0001193125-21-010778-index.htm,,,Primary and complete submission text fetched.,LOW,LIKELY_NO_HIT
RHC-0101-ACQUIRED-CHMA,CHMA,Chiasma,2021-05-05,2021-03-04,10-K,0001564590-21-010965,https://www.sec.gov/Archives/edgar/data/1339469/000156459021010965/0001564590-21-010965-index.htm,,,Primary and complete submission text fetched.,LOW,LIKELY_NO_HIT
RHC-0101-ACQUIRED-CHMA,CHMA,Chiasma,2021-05-05,2021-03-04,8-K,0001193125-21-069486,https://www.sec.gov/Archives/edgar/data/1339469/000119312521069486/0001193125-21-069486-index.htm,,,Primary and complete submission text fetched.,LOW,LIKELY_NO_HIT
RHC-0101-ACQUIRED-CHMA,CHMA,Chiasma,2021-05-05,2021-04-26,DEF 14A,0001193125-21-131446,https://www.sec.gov/Archives/edgar/data/1339469/000119312521131446/0001193125-21-131446-index.htm,retained_advisor,financial advisor,"o sit on our Board of Directors include his extensive experience in the life sciences sector, his financial expertise and his years of experience providing strategic and financial advisory services to biopharmaceutical organizations. Mr. Stack has confirmed to our Board of Directors that he is fully committed to continuing to dedicate the required amount of time to fulfill his duties as a director of Chi",LOW,POSSIBLE_HIT
RHC-0102-ACQUIRED-CNST,CNST,Constellation Pharmaceuticals,2021-06-02,2019-12-09,8-K,0001193125-19-309320,https://www.sec.gov/Archives/edgar/data/1434418/000119312519309320/0001193125-19-309320-index.htm,,,Primary and complete submission text fetched.,LOW,LIKELY_NO_HIT
RHC-0102-ACQUIRED-CNST,CNST,Constellation Pharmaceuticals,2021-06-02,2019-12-11,8-K,0001193125-19-311623,https://www.sec.gov/Archives/edgar/data/1434418/000119312519311623/0001193125-19-311623-index.htm,,,Primary and complete submission text fetched.,LOW,LIKELY_NO_HIT
RHC-0102-ACQUIRED-CNST,CNST,Constellation Pharmaceuticals,2021-06-02,2020-01-03,8-K,0001193125-20-001448,https://www.sec.gov/Archives/edgar/data/1434418/000119312520001448/0001193125-20-001448-index.htm,,,Primary and complete submission text fetched.,LOW,LIKELY_NO_HIT
RHC-0102-ACQUIRED-CNST,CNST,Constellation Pharmaceuticals,2021-06-02,2020-01-13,8-K,0001193125-20-006011,https://www.sec.gov/Archives/edgar/data/1434418/000119312520006011/0001193125-20-006011-index.htm,,,Primary and complete submission text fetched.,LOW,LIKELY_NO_HIT
RHC-0102-ACQUIRED-CNST,CNST,Constellation Pharmaceuticals,2021-06-02,2020-03-10,10-K,0001564590-20-009735,https://www.sec.gov/Archives/edgar/data/1434418/000156459020009735/0001564590-20-009735-index.htm,,,Primary and complete submission text fetched.,LOW,LIKELY_NO_HIT
RHC-0102-ACQUIRED-CNST,CNST,Constellation Pharmaceuticals,2021-06-02,2020-04-06,8-K,0001193125-20-098890,https://www.sec.gov/Archives/edgar/data/1434418/000119312520098890/0001193125-20-098890-index.htm,,,Primary and complete submission text fetched.,LOW,LIKELY_NO_HIT
RHC-0102-ACQUIRED-CNST,CNST,Constellation Pharmaceuticals,2021-06-02,2020-04-24,DEF 14A,0001564590-20-018513,https://www.sec.gov/Archives/edgar/data/1434418/000156459020018513/0001564590-20-018513-index.htm,,,Primary and complete submission text fetched.,LOW,LIKELY_NO_HIT
RHC-0102-ACQUIRED-CNST,CNST,Constellation Pharmaceuticals,2021-06-02,2020-05-06,10-Q,0001564590-20-021953,https://www.sec.gov/Archives/edgar/data/1434418/000156459020021953/0001564590-20-021953-index.htm,,,Primary and complete submission text fetched.,LOW,LIKELY_NO_HIT
RHC-0102-ACQUIRED-CNST,CNST,Constellation Pharmaceuticals,2021-06-02,2020-05-06,8-K,0001193125-20-134889,https://www.sec.gov/Archives/edgar/data/1434418/000119312520134889/0001193125-20-134889-index.htm,,,Primary and complete submission text fetched.,LOW,LIKELY_NO_HIT
RHC-0102-ACQUIRED-CNST,CNST,Constellation Pharmaceuticals,2021-06-02,2020-05-14,8-K,0001193125-20-142254,https://www.sec.gov/Archives/edgar/data/1434418/000119312520142254/0001193125-20-142254-index.htm,,,Primary and complete submission text fetched.,LOW,LIKELY_NO_HIT
RHC-0102-ACQUIRED-CNST,CNST,Constellation Pharmaceuticals,2021-06-02,2020-06-04,8-K,0001193125-20-160691,https://www.sec.gov/Archives/edgar/data/1434418/000119312520160691/0001193125-20-160691-index.htm,,,Primary and complete submission text fetched.,LOW,LIKELY_NO_HIT
RHC-0102-ACQUIRED-CNST,CNST,Constellation Pharmaceuticals,2021-06-02,2020-06-08,8-K,0001193125-20-162823,https://www.sec.gov/Archives/edgar/data/1434418/000119312520162823/0001193125-20-162823-index.htm,,,Primary and complete submission text fetched.,LOW,LIKELY_NO_HIT
RHC-0102-ACQUIRED-CNST,CNST,Constellation Pharmaceuticals,2021-06-02,2020-06-15,8-K,0001193125-20-169325,https://www.sec.gov/Archives/edgar/data/1434418/000119312520169325/0001193125-20-169325-index.htm,,,Primary and complete submission text fetched.,LOW,LIKELY_NO_HIT
RHC-0102-ACQUIRED-CNST,CNST,Constellation Pharmaceuticals,2021-06-02,2020-06-17,8-K,0001193125-20-171476,https://www.sec.gov/Archives/edgar/data/1434418/000119312520171476/0001193125-20-171476-index.htm,,,Primary and complete submission text fetched.,LOW,LIKELY_NO_HIT
RHC-0102-ACQUIRED-CNST,CNST,Constellation Pharmaceuticals,2021-06-02,2020-08-05,10-Q,0001564590-20-036390,https://www.sec.gov/Archives/edgar/data/1434418/000156459020036390/0001564590-20-036390-index.htm,,,Primary and complete submission text fetched.,LOW,LIKELY_NO_HIT
RHC-0102-ACQUIRED-CNST,CNST,Constellation Pharmaceuticals,2021-06-02,2020-10-29,10-Q,0001564590-20-048495,https://www.sec.gov/Archives/edgar/data/1434418/000156459020048495/0001564590-20-048495-index.htm,,,Primary and complete submission text fetched.,LOW,LIKELY_NO_HIT
RHC-0102-ACQUIRED-CNST,CNST,Constellation Pharmaceuticals,2021-06-02,2020-11-09,8-K,0001564590-20-052513,https://www.sec.gov/Archives/edgar/data/1434418/000156459020052513/0001564590-20-052513-index.htm,,,Primary and complete submission text fetched.,LOW,LIKELY_NO_HIT
RHC-0102-ACQUIRED-CNST,CNST,Constellation Pharmaceuticals,2021-06-02,2020-11-18,8-K,0001564590-20-054498,https://www.sec.gov/Archives/edgar/data/1434418/000156459020054498/0001564590-20-054498-index.htm,,,Primary and complete submission text fetched.,LOW,LIKELY_NO_HIT
RHC-0102-ACQUIRED-CNST,CNST,Constellation Pharmaceuticals,2021-06-02,2020-12-07,8-K,0001564590-20-056302,https://www.sec.gov/Archives/edgar/data/1434418/000156459020056302/0001564590-20-056302-index.htm,,,Primary and complete submission text fetched.,LOW,LIKELY_NO_HIT
RHC-0102-ACQUIRED-CNST,CNST,Constellation Pharmaceuticals,2021-06-02,2021-02-24,10-K,0001564590-21-007783,https://www.sec.gov/Archives/edgar/data/1434418/000156459021007783/0001564590-21-007783-index.htm,,,Primary and complete submission text fetched.,LOW,LIKELY_NO_HIT
RHC-0102-ACQUIRED-CNST,CNST,Constellation Pharmaceuticals,2021-06-02,2021-04-23,DEF 14A,0001564590-21-020191,https://www.sec.gov/Archives/edgar/data/1434418/000156459021020191/0001564590-21-020191-index.htm,,,Primary and complete submission text fetched.,LOW,LIKELY_NO_HIT
RHC-0102-ACQUIRED-CNST,CNST,Constellation Pharmaceuticals,2021-06-02,2021-05-10,10-Q,0001564590-21-025723,https://www.sec.gov/Archives/edgar/data/1434418/000156459021025723/0001564590-21-025723-index.htm,,,Primary and complete submission text fetched.,LOW,LIKELY_NO_HIT
RHC-0073-ACQUIRED-FUSN,FUSN,Fusion Pharmaceuticals Inc.,2024-03-19,2022-11-08,10-Q,0000950170-22-022918,https://www.sec.gov/Archives/edgar/data/1805890/000095017022022918/0000950170-22-022918-index.htm,,,Primary and complete submission text fetched.,LOW,LIKELY_NO_HIT
RHC-0073-ACQUIRED-FUSN,FUSN,Fusion Pharmaceuticals Inc.,2024-03-19,2022-11-08,8-K,0000950170-22-022905,https://www.sec.gov/Archives/edgar/data/1805890/000095017022022905/0000950170-22-022905-index.htm,,,Primary and complete submission text fetched.,LOW,LIKELY_NO_HIT
RHC-0073-ACQUIRED-FUSN,FUSN,Fusion Pharmaceuticals Inc.,2024-03-19,2023-02-13,8-K,0001193125-23-036128,https://www.sec.gov/Archives/edgar/data/1805890/000119312523036128/0001193125-23-036128-index.htm,,,Primary and complete submission text fetched.,LOW,LIKELY_NO_HIT
RHC-0073-ACQUIRED-FUSN,FUSN,Fusion Pharmaceuticals Inc.,2024-03-19,2023-02-28,SC 13D/A,0000947871-23-000251,https://www.sec.gov/Archives/edgar/data/1805890/000094787123000251/0000947871-23-000251-index.htm,,,Primary and complete submission text fetched.,LOW,LIKELY_NO_HIT
RHC-0073-ACQUIRED-FUSN,FUSN,Fusion Pharmaceuticals Inc.,2024-03-19,2023-03-06,SC 13D/A,0001193125-23-061371,https://www.sec.gov/Archives/edgar/data/1805890/000119312523061371/0001193125-23-061371-index.htm,,,Primary and complete submission text fetched.,LOW,LIKELY_NO_HIT
RHC-0073-ACQUIRED-FUSN,FUSN,Fusion Pharmaceuticals Inc.,2024-03-19,2023-03-10,8-K,0000950170-23-007233,https://www.sec.gov/Archives/edgar/data/1805890/000095017023007233/0000950170-23-007233-index.htm,,,Primary and complete submission text fetched.,LOW,LIKELY_NO_HIT
RHC-0073-ACQUIRED-FUSN,FUSN,Fusion Pharmaceuticals Inc.,2024-03-19,2023-03-16,10-K,0000950170-23-008310,https://www.sec.gov/Archives/edgar/data/1805890/000095017023008310/0000950170-23-008310-index.htm,,,Primary and complete submission text fetched.,LOW,LIKELY_NO_HIT
RHC-0073-ACQUIRED-FUSN,FUSN,Fusion Pharmaceuticals Inc.,2024-03-19,2023-03-16,8-K,0000950170-23-008306,https://www.sec.gov/Archives/edgar/data/1805890/000095017023008306/0000950170-23-008306-index.htm,,,Primary and complete submission text fetched.,LOW,LIKELY_NO_HIT
RHC-0073-ACQUIRED-FUSN,FUSN,Fusion Pharmaceuticals Inc.,2024-03-19,2023-04-27,DEF 14A,0000950170-23-015321,https://www.sec.gov/Archives/edgar/data/1805890/000095017023015321/0000950170-23-015321-index.htm,,,Primary and complete submission text fetched.,LOW,LIKELY_NO_HIT
RHC-0073-ACQUIRED-FUSN,FUSN,Fusion Pharmaceuticals Inc.,2024-03-19,2023-05-11,10-Q,0000950170-23-020855,https://www.sec.gov/Archives/edgar/data/1805890/000095017023020855/0000950170-23-020855-index.htm,,,Primary and complete submission text fetched.,LOW,LIKELY_NO_HIT
RHC-0073-ACQUIRED-FUSN,FUSN,Fusion Pharmaceuticals Inc.,2024-03-19,2023-05-11,8-K,0001193125-23-141442,https://www.sec.gov/Archives/edgar/data/1805890/000119312523141442/0001193125-23-141442-index.htm,,,Primary and complete submission text fetched.,LOW,LIKELY_NO_HIT
RHC-0073-ACQUIRED-FUSN,FUSN,Fusion Pharmaceuticals Inc.,2024-03-19,2023-05-16,SC 13D/A,0000947871-23-000590,https://www.sec.gov/Archives/edgar/data/1805890/000094787123000590/0000947871-23-000590-index.htm,,,Primary and complete submission text fetched.,LOW,LIKELY_NO_HIT
RHC-0073-ACQUIRED-FUSN,FUSN,Fusion Pharmaceuticals Inc.,2024-03-19,2023-06-20,8-K,0000950170-23-028783,https://www.sec.gov/Archives/edgar/data/1805890/000095017023028783/0000950170-23-028783-index.htm,,,Primary and complete submission text fetched.,LOW,LIKELY_NO_HIT
RHC-0073-ACQUIRED-FUSN,FUSN,Fusion Pharmaceuticals Inc.,2024-03-19,2023-06-27,8-K,0001193125-23-176131,https://www.sec.gov/Archives/edgar/data/1805890/000119312523176131/0001193125-23-176131-index.htm,,,Primary and complete submission text fetched.,LOW,LIKELY_NO_HIT
RHC-0073-ACQUIRED-FUSN,FUSN,Fusion Pharmaceuticals Inc.,2024-03-19,2023-08-08,10-Q,0000950170-23-039395,https://www.sec.gov/Archives/edgar/data/1805890/000095017023039395/0000950170-23-039395-index.htm,,,Primary and complete submission text fetched.,LOW,LIKELY_NO_HIT
RHC-0073-ACQUIRED-FUSN,FUSN,Fusion Pharmaceuticals Inc.,2024-03-19,2023-08-08,8-K,0000950170-23-039365,https://www.sec.gov/Archives/edgar/data/1805890/000095017023039365/0000950170-23-039365-index.htm,,,Primary and complete submission text fetched.,LOW,LIKELY_NO_HIT
RHC-0073-ACQUIRED-FUSN,FUSN,Fusion Pharmaceuticals Inc.,2024-03-19,2023-10-16,8-K,0000950170-23-053546,https://www.sec.gov/Archives/edgar/data/1805890/000095017023053546/0000950170-23-053546-index.htm,,,Primary and complete submission text fetched.,LOW,LIKELY_NO_HIT
RHC-0073-ACQUIRED-FUSN,FUSN,Fusion Pharmaceuticals Inc.,2024-03-19,2023-11-07,10-Q,0000950170-23-059777,https://www.sec.gov/Archives/edgar/data/1805890/000095017023059777/0000950170-23-059777-index.htm,,,Primary and complete submission text fetched.,LOW,LIKELY_NO_HIT
RHC-0073-ACQUIRED-FUSN,FUSN,Fusion Pharmaceuticals Inc.,2024-03-19,2023-11-07,8-K,0000950170-23-059775,https://www.sec.gov/Archives/edgar/data/1805890/000095017023059775/0000950170-23-059775-index.htm,,,Primary and complete submission text fetched.,LOW,LIKELY_NO_HIT
RHC-0073-ACQUIRED-FUSN,FUSN,Fusion Pharmaceuticals Inc.,2024-03-19,2024-01-04,8-K,0001193125-24-002463,https://www.sec.gov/Archives/edgar/data/1805890/000119312524002463/0001193125-24-002463-index.htm,,,Primary and complete submission text fetched.,LOW,LIKELY_NO_HIT
RHC-0073-ACQUIRED-FUSN,FUSN,Fusion Pharmaceuticals Inc.,2024-03-19,2024-01-19,8-K,0001193125-24-011255,https://www.sec.gov/Archives/edgar/data/1805890/000119312524011255/0001193125-24-011255-index.htm,,,Primary and complete submission text fetched.,LOW,LIKELY_NO_HIT
RHC-0073-ACQUIRED-FUSN,FUSN,Fusion Pharmaceuticals Inc.,2024-03-19,2024-02-16,8-K,0001193125-24-038468,https://www.sec.gov/Archives/edgar/data/1805890/000119312524038468/0001193125-24-038468-index.htm,,,Primary and complete submission text fetched.,LOW,LIKELY_NO_HIT
RHC-0073-ACQUIRED-FUSN,FUSN,Fusion Pharmaceuticals Inc.,2024-03-19,2024-03-07,SC 13D/A,0001193125-24-062164,https://www.sec.gov/Archives/edgar/data/1805890/000119312524062164/0001193125-24-062164-index.htm,,,Primary and complete submission text fetched.,LOW,LIKELY_NO_HIT
RHC-0074-ACQUIRED-G1T,G1T,G1 Therapeutics,2024-08-07,2023-02-13,8-K,0001628280-23-003209,https://www.sec.gov/Archives/edgar/data/1560241/000162828023003209/0001628280-23-003209-index.htm,,,Primary and complete submission text fetched.,LOW,LIKELY_NO_HIT
RHC-0074-ACQUIRED-G1T,G1T,G1 Therapeutics,2024-08-07,2023-03-01,10-K,0001628280-23-005853,https://www.sec.gov/Archives/edgar/data/1560241/000162828023005853/0001628280-23-005853-index.htm,,,Primary and complete submission text fetched.,LOW,LIKELY_NO_HIT
RHC-0074-ACQUIRED-G1T,G1T,G1 Therapeutics,2024-08-07,2023-03-01,8-K,0001628280-23-005722,https://www.sec.gov/Archives/edgar/data/1560241/000162828023005722/0001628280-23-005722-index.htm,,,Primary and complete submission text fetched.,LOW,LIKELY_NO_HIT
RHC-0074-ACQUIRED-G1T,G1T,G1 Therapeutics,2024-08-07,2023-03-10,8-K,0001628280-23-007528,https://www.sec.gov/Archives/edgar/data/1560241/000162828023007528/0001628280-23-007528-index.htm,,,Primary and complete submission text fetched.,LOW,LIKELY_NO_HIT
RHC-0074-ACQUIRED-G1T,G1T,G1 Therapeutics,2024-08-07,2023-04-26,DEF 14A,0001193125-23-118497,https://www.sec.gov/Archives/edgar/data/1560241/000119312523118497/0001193125-23-118497-index.htm,,,Primary and complete submission text fetched.,LOW,LIKELY_NO_HIT
RHC-0074-ACQUIRED-G1T,G1T,G1 Therapeutics,2024-08-07,2023-05-03,10-Q,0001628280-23-015220,https://www.sec.gov/Archives/edgar/data/1560241/000162828023015220/0001628280-23-015220-index.htm,rofr_rofn|sale_process,right of first negotiation|sale of the company,"lestone payment totaling $ 2.0 million and royalty payments in the mid-single digits based on net sales of the licensed compound after commercialization. The Company has right of first negotiation to re-acquire these assets. In the first quarter of 2022, Incyclix announced a new round of financing which the Company did not participate. Following the financing, the Company's equity interest is now approximately 6.",LOW,POSSIBLE_HIT
RHC-0074-ACQUIRED-G1T,G1T,G1 Therapeutics,2024-08-07,2023-05-03,8-K,0001628280-23-014988,https://www.sec.gov/Archives/edgar/data/1560241/000162828023014988/0001628280-23-014988-index.htm,,,Primary and complete submission text fetched.,LOW,LIKELY_NO_HIT
RHC-0074-ACQUIRED-G1T,G1T,G1 Therapeutics,2024-08-07,2023-06-09,8-K,0001628280-23-021735,https://www.sec.gov/Archives/edgar/data/1560241/000162828023021735/0001628280-23-021735-index.htm,,,Primary and complete submission text fetched.,LOW,LIKELY_NO_HIT
RHC-0074-ACQUIRED-G1T,G1T,G1 Therapeutics,2024-08-07,2023-06-16,8-K,0001628280-23-022448,https://www.sec.gov/Archives/edgar/data/1560241/000162828023022448/0001628280-23-022448-index.htm,,,Primary and complete submission text fetched.,LOW,LIKELY_NO_HIT
RHC-0074-ACQUIRED-G1T,G1T,G1 Therapeutics,2024-08-07,2023-08-02,10-Q,0001628280-23-026769,https://www.sec.gov/Archives/edgar/data/1560241/000162828023026769/0001628280-23-026769-index.htm,rofr_rofn|sale_process,right of first negotiation|sale of the company,"lestone payment totaling $ 2.0 million and royalty payments in the mid-single digits based on net sales of the licensed compound after commercialization. The Company has right of first negotiation to re-acquire these assets. In the first quarter of 2022, Incyclix announced a new round of financing which the Company did not participate. Following the financing, the Company's equity interest is now approximately 6.",LOW,POSSIBLE_HIT
RHC-0074-ACQUIRED-G1T,G1T,G1 Therapeutics,2024-08-07,2023-08-02,8-K,0001628280-23-026563,https://www.sec.gov/Archives/edgar/data/1560241/000162828023026563/0001628280-23-026563-index.htm,,,Primary and complete submission text fetched.,LOW,LIKELY_NO_HIT
RHC-0074-ACQUIRED-G1T,G1T,G1 Therapeutics,2024-08-07,2023-09-21,8-K,0001628280-23-032779,https://www.sec.gov/Archives/edgar/data/1560241/000162828023032779/0001628280-23-032779-index.htm,,,Primary and complete submission text fetched.,LOW,LIKELY_NO_HIT
RHC-0074-ACQUIRED-G1T,G1T,G1 Therapeutics,2024-08-07,2023-11-01,10-Q,0001628280-23-035947,https://www.sec.gov/Archives/edgar/data/1560241/000162828023035947/0001628280-23-035947-index.htm,rofr_rofn|sale_process,right of first negotiation|sale of the company,"lestone payment totaling $ 2.0 million and royalty payments in the mid-single digits based on net sales of the licensed compound after commercialization. The Company has right of first negotiation to re-acquire these assets. In the first quarter of 2022, Incyclix announced a new round of financing which the Company did not participate. Following the financing, the Company's equity interest is now approximately 6.",LOW,POSSIBLE_HIT
RHC-0074-ACQUIRED-G1T,G1T,G1 Therapeutics,2024-08-07,2023-11-01,8-K,0001628280-23-035780,https://www.sec.gov/Archives/edgar/data/1560241/000162828023035780/0001628280-23-035780-index.htm,,,Primary and complete submission text fetched.,LOW,LIKELY_NO_HIT
RHC-0074-ACQUIRED-G1T,G1T,G1 Therapeutics,2024-08-07,2024-01-08,8-K,0001628280-24-000755,https://www.sec.gov/Archives/edgar/data/1560241/000162828024000755/0001628280-24-000755-index.htm,,,Primary and complete submission text fetched.,LOW,LIKELY_NO_HIT
RHC-0074-ACQUIRED-G1T,G1T,G1 Therapeutics,2024-08-07,2024-02-12,8-K,0001628280-24-004188,https://www.sec.gov/Archives/edgar/data/1560241/000162828024004188/0001628280-24-004188-index.htm,,,Primary and complete submission text fetched.,LOW,LIKELY_NO_HIT
RHC-0074-ACQUIRED-G1T,G1T,G1 Therapeutics,2024-08-07,2024-02-21,SC 13D/A,0001193125-24-041509,https://www.sec.gov/Archives/edgar/data/1560241/000119312524041509/0001193125-24-041509-index.htm,,,Primary and complete submission text fetched.,LOW,LIKELY_NO_HIT
RHC-0074-ACQUIRED-G1T,G1T,G1 Therapeutics,2024-08-07,2024-02-28,10-K,0001628280-24-007601,https://www.sec.gov/Archives/edgar/data/1560241/000162828024007601/0001628280-24-007601-index.htm,,,Primary and complete submission text fetched.,LOW,LIKELY_NO_HIT
RHC-0074-ACQUIRED-G1T,G1T,G1 Therapeutics,2024-08-07,2024-02-28,8-K,0001628280-24-007378,https://www.sec.gov/Archives/edgar/data/1560241/000162828024007378/0001628280-24-007378-index.htm,,,Primary and complete submission text fetched.,LOW,LIKELY_NO_HIT
RHC-0074-ACQUIRED-G1T,G1T,G1 Therapeutics,2024-08-07,2024-03-22,8-K,0001628280-24-012736,https://www.sec.gov/Archives/edgar/data/1560241/000162828024012736/0001628280-24-012736-index.htm,,,Primary and complete submission text fetched.,LOW,LIKELY_NO_HIT
RHC-0074-ACQUIRED-G1T,G1T,G1 Therapeutics,2024-08-07,2024-04-25,DEF 14A,0001193125-24-113902,https://www.sec.gov/Archives/edgar/data/1560241/000119312524113902/0001193125-24-113902-index.htm,,,Primary and complete submission text fetched.,LOW,LIKELY_NO_HIT
RHC-0074-ACQUIRED-G1T,G1T,G1 Therapeutics,2024-08-07,2024-05-01,10-Q,0001628280-24-019622,https://www.sec.gov/Archives/edgar/data/1560241/000162828024019622/0001628280-24-019622-index.htm,rofr_rofn|sale_process,right of first negotiation|sale of the company,"lestone payment totaling $ 2.0 million and royalty payments in the mid-single digits based on net sales of the licensed compound after commercialization. The Company has right of first negotiation to re-acquire these assets. In the first quarter of 2022, Incyclix announced a new round of financing which the Company did not participate. Following the financing, the Company's equity interest is now approximately 6.",LOW,POSSIBLE_HIT
RHC-0074-ACQUIRED-G1T,G1T,G1 Therapeutics,2024-08-07,2024-05-01,8-K,0001628280-24-019453,https://www.sec.gov/Archives/edgar/data/1560241/000162828024019453/0001628280-24-019453-index.htm,,,Primary and complete submission text fetched.,LOW,LIKELY_NO_HIT
RHC-0074-ACQUIRED-G1T,G1T,G1 Therapeutics,2024-08-07,2024-06-14,8-K,0001628280-24-028288,https://www.sec.gov/Archives/edgar/data/1560241/000162828024028288/0001628280-24-028288-index.htm,,,Primary and complete submission text fetched.,LOW,LIKELY_NO_HIT
RHC-0074-ACQUIRED-G1T,G1T,G1 Therapeutics,2024-08-07,2024-06-24,8-K,0001628280-24-029426,https://www.sec.gov/Archives/edgar/data/1560241/000162828024029426/0001628280-24-029426-index.htm,,,Primary and complete submission text fetched.,LOW,LIKELY_NO_HIT
RHC-0105-ACQUIRED-HZNP,HZNP,Horizon Therapeutics plc,2022-12-12,2021-08-04,10-Q,0001564590-21-040498,https://www.sec.gov/Archives/edgar/data/1492426/000156459021040498/0001564590-21-040498-index.htm,,,Primary and complete submission text fetched.,LOW,LIKELY_NO_HIT
RHC-0105-ACQUIRED-HZNP,HZNP,Horizon Therapeutics plc,2022-12-12,2021-08-04,8-K,0001193125-21-235661,https://www.sec.gov/Archives/edgar/data/1492426/000119312521235661/0001193125-21-235661-index.htm,,,Primary and complete submission text fetched.,LOW,LIKELY_NO_HIT
RHC-0105-ACQUIRED-HZNP,HZNP,Horizon Therapeutics plc,2022-12-12,2021-09-29,8-K,0001193125-21-286043,https://www.sec.gov/Archives/edgar/data/1492426/000119312521286043/0001193125-21-286043-index.htm,,,Primary and complete submission text fetched.,LOW,LIKELY_NO_HIT
RHC-0105-ACQUIRED-HZNP,HZNP,Horizon Therapeutics plc,2022-12-12,2021-11-03,10-Q,0001564590-21-053729,https://www.sec.gov/Archives/edgar/data/1492426/000156459021053729/0001564590-21-053729-index.htm,,,Primary and complete submission text fetched.,LOW,LIKELY_NO_HIT
RHC-0105-ACQUIRED-HZNP,HZNP,Horizon Therapeutics plc,2022-12-12,2021-11-03,8-K,0001193125-21-317667,https://www.sec.gov/Archives/edgar/data/1492426/000119312521317667/0001193125-21-317667-index.htm,,,Primary and complete submission text fetched.,LOW,LIKELY_NO_HIT
RHC-0105-ACQUIRED-HZNP,HZNP,Horizon Therapeutics plc,2022-12-12,2021-12-16,8-K,0001193125-21-358620,https://www.sec.gov/Archives/edgar/data/1492426/000119312521358620/0001193125-21-358620-index.htm,,,Primary and complete submission text fetched.,LOW,LIKELY_NO_HIT
RHC-0105-ACQUIRED-HZNP,HZNP,Horizon Therapeutics plc,2022-12-12,2022-01-10,8-K,0001193125-22-005114,https://www.sec.gov/Archives/edgar/data/1492426/000119312522005114/0001193125-22-005114-index.htm,,,Primary and complete submission text fetched.,LOW,LIKELY_NO_HIT
RHC-0105-ACQUIRED-HZNP,HZNP,Horizon Therapeutics plc,2022-12-12,2022-03-01,10-K,0001564590-22-007863,https://www.sec.gov/Archives/edgar/data/1492426/000156459022007863/0001564590-22-007863-index.htm,,,Primary and complete submission text fetched.,LOW,LIKELY_NO_HIT
RHC-0105-ACQUIRED-HZNP,HZNP,Horizon Therapeutics plc,2022-12-12,2022-03-01,8-K,0001193125-22-059783,https://www.sec.gov/Archives/edgar/data/1492426/000119312522059783/0001193125-22-059783-index.htm,,,Primary and complete submission text fetched.,LOW,LIKELY_NO_HIT
RHC-0105-ACQUIRED-HZNP,HZNP,Horizon Therapeutics plc,2022-12-12,2022-03-17,DEF 14A,0001193125-22-078281,https://www.sec.gov/Archives/edgar/data/1492426/000119312522078281/0001193125-22-078281-index.htm,,,Primary and complete submission text fetched.,LOW,LIKELY_NO_HIT
RHC-0105-ACQUIRED-HZNP,HZNP,Horizon Therapeutics plc,2022-12-12,2022-05-02,8-K,0001193125-22-134596,https://www.sec.gov/Archives/edgar/data/1492426/000119312522134596/0001193125-22-134596-index.htm,sale_process,sale of the company,", a person is treated as a Consultant under this Plan only if a Form S-8 Registration Statement under the Securities Act is available to register either the offer or the sale of the Company’s securities to such person. (r) “ Continuous Service ” means that the Participant’s service with the Company or an Affiliate, whether as an Employee, Director or Consultant, is not interrupted or terminated. A change i",LOW,POSSIBLE_HIT
RHC-0105-ACQUIRED-HZNP,HZNP,Horizon Therapeutics plc,2022-12-12,2022-05-04,10-Q,0001564590-22-017669,https://www.sec.gov/Archives/edgar/data/1492426/000156459022017669/0001564590-22-017669-index.htm,,,Primary and complete submission text fetched.,LOW,LIKELY_NO_HIT
RHC-0105-ACQUIRED-HZNP,HZNP,Horizon Therapeutics plc,2022-12-12,2022-05-04,8-K,0001193125-22-139452,https://www.sec.gov/Archives/edgar/data/1492426/000119312522139452/0001193125-22-139452-index.htm,,,Primary and complete submission text fetched.,LOW,LIKELY_NO_HIT
RHC-0105-ACQUIRED-HZNP,HZNP,Horizon Therapeutics plc,2022-12-12,2022-08-03,10-Q,0001564590-22-027613,https://www.sec.gov/Archives/edgar/data/1492426/000156459022027613/0001564590-22-027613-index.htm,,,Primary and complete submission text fetched.,LOW,LIKELY_NO_HIT
RHC-0105-ACQUIRED-HZNP,HZNP,Horizon Therapeutics plc,2022-12-12,2022-08-03,8-K,0001193125-22-210537,https://www.sec.gov/Archives/edgar/data/1492426/000119312522210537/0001193125-22-210537-index.htm,,,Primary and complete submission text fetched.,LOW,LIKELY_NO_HIT
RHC-0105-ACQUIRED-HZNP,HZNP,Horizon Therapeutics plc,2022-12-12,2022-10-07,8-K,0001193125-22-259244,https://www.sec.gov/Archives/edgar/data/1492426/000119312522259244/0001193125-22-259244-index.htm,,,Primary and complete submission text fetched.,LOW,LIKELY_NO_HIT
RHC-0105-ACQUIRED-HZNP,HZNP,Horizon Therapeutics plc,2022-12-12,2022-11-02,10-Q,0000950170-22-020973,https://www.sec.gov/Archives/edgar/data/1492426/000095017022020973/0000950170-22-020973-index.htm,option_to_acquire,option to acquire,"al antibody antagonist of the interleukin-7 receptor for the treatment of autoimmune and inflammatory diseases. Under the terms of the agreement, the Company received an option to acquire the ADX-914 program, exercisable through a period of time following completion of certain planned Phase 2a trials. An upfront payment of $ 15.0 million was paid in the third quarter of 2022 and recorded as acquired IPR&",LOW,POSSIBLE_HIT
RHC-0105-ACQUIRED-HZNP,HZNP,Horizon Therapeutics plc,2022-12-12,2022-11-02,8-K,0001193125-22-275395,https://www.sec.gov/Archives/edgar/data/1492426/000119312522275395/0001193125-22-275395-index.htm,option_to_acquire,option to acquire,"ion with Q32 Bio), a fully human anti-IL-7Rα antibody that re-regulates adaptive immune function by blocking signaling mediated by both IL-7 and TSLP. The Company has an option to acquire ADX-914 on pre-negotiated terms with Q32 Bio. • Atopic Dermatitis Trial: Phase 2 trial initiated in October 2022 to evaluate ADX-914 in atopic dermatitis, a chronic, autoimmune disorder that causes inflammation, redness",LOW,POSSIBLE_HIT
RHC-0105-ACQUIRED-HZNP,HZNP,Horizon Therapeutics plc,2022-12-12,2022-11-29,8-K,0001193125-22-294455,https://www.sec.gov/Archives/edgar/data/1492426/000119312522294455/0001193125-22-294455-index.htm,,,Primary and complete submission text fetched.,LOW,LIKELY_NO_HIT
RHC-0138-ACQUIRED-KROS,KROS,Keros Therapeutics,2024-12-03,2023-06-06,8-K,0001664710-23-000036,https://www.sec.gov/Archives/edgar/data/1664710/000166471023000036/0001664710-23-000036-index.htm,,,Primary and complete submission text fetched.,LOW,LIKELY_NO_HIT
RHC-0138-ACQUIRED-KROS,KROS,Keros Therapeutics,2024-12-03,2023-06-07,8-K,0001664710-23-000038,https://www.sec.gov/Archives/edgar/data/1664710/000166471023000038/0001664710-23-000038-index.htm,,,Primary and complete submission text fetched.,LOW,LIKELY_NO_HIT
RHC-0138-ACQUIRED-KROS,KROS,Keros Therapeutics,2024-12-03,2023-06-09,8-K,0001664710-23-000041,https://www.sec.gov/Archives/edgar/data/1664710/000166471023000041/0001664710-23-000041-index.htm,,,Primary and complete submission text fetched.,LOW,LIKELY_NO_HIT
RHC-0138-ACQUIRED-KROS,KROS,Keros Therapeutics,2024-12-03,2023-07-24,8-K,0001664710-23-000044,https://www.sec.gov/Archives/edgar/data/1664710/000166471023000044/0001664710-23-000044-index.htm,,,Primary and complete submission text fetched.,LOW,LIKELY_NO_HIT
RHC-0138-ACQUIRED-KROS,KROS,Keros Therapeutics,2024-12-03,2023-08-07,10-Q,0001664710-23-000050,https://www.sec.gov/Archives/edgar/data/1664710/000166471023000050/0001664710-23-000050-index.htm,,,Primary and complete submission text fetched.,LOW,LIKELY_NO_HIT
RHC-0138-ACQUIRED-KROS,KROS,Keros Therapeutics,2024-12-03,2023-08-07,8-K,0001664710-23-000048,https://www.sec.gov/Archives/edgar/data/1664710/000166471023000048/0001664710-23-000048-index.htm,,,Primary and complete submission text fetched.,LOW,LIKELY_NO_HIT
RHC-0138-ACQUIRED-KROS,KROS,Keros Therapeutics,2024-12-03,2023-08-07,8-K,0001664710-23-000052,https://www.sec.gov/Archives/edgar/data/1664710/000166471023000052/0001664710-23-000052-index.htm,,,Primary and complete submission text fetched.,LOW,LIKELY_NO_HIT
RHC-0138-ACQUIRED-KROS,KROS,Keros Therapeutics,2024-12-03,2023-09-05,8-K,0001664710-23-000055,https://www.sec.gov/Archives/edgar/data/1664710/000166471023000055/0001664710-23-000055-index.htm,,,Primary and complete submission text fetched.,LOW,LIKELY_NO_HIT
RHC-0138-ACQUIRED-KROS,KROS,Keros Therapeutics,2024-12-03,2023-10-04,8-K,0001664710-23-000058,https://www.sec.gov/Archives/edgar/data/1664710/000166471023000058/0001664710-23-000058-index.htm,,,Primary and complete submission text fetched.,LOW,LIKELY_NO_HIT
RHC-0138-ACQUIRED-KROS,KROS,Keros Therapeutics,2024-12-03,2023-11-06,10-Q,0001664710-23-000066,https://www.sec.gov/Archives/edgar/data/1664710/000166471023000066/0001664710-23-000066-index.htm,,,Primary and complete submission text fetched.,LOW,LIKELY_NO_HIT
RHC-0138-ACQUIRED-KROS,KROS,Keros Therapeutics,2024-12-03,2023-11-06,8-K,0001664710-23-000064,https://www.sec.gov/Archives/edgar/data/1664710/000166471023000064/0001664710-23-000064-index.htm,,,Primary and complete submission text fetched.,LOW,LIKELY_NO_HIT
RHC-0138-ACQUIRED-KROS,KROS,Keros Therapeutics,2024-12-03,2023-11-06,8-K,0001664710-23-000067,https://www.sec.gov/Archives/edgar/data/1664710/000166471023000067/0001664710-23-000067-index.htm,,,Primary and complete submission text fetched.,LOW,LIKELY_NO_HIT
RHC-0138-ACQUIRED-KROS,KROS,Keros Therapeutics,2024-12-03,2023-11-07,8-K,0001664710-23-000071,https://www.sec.gov/Archives/edgar/data/1664710/000166471023000071/0001664710-23-000071-index.htm,,,Primary and complete submission text fetched.,LOW,LIKELY_NO_HIT
RHC-0138-ACQUIRED-KROS,KROS,Keros Therapeutics,2024-12-03,2023-12-11,8-K,0001664710-23-000074,https://www.sec.gov/Archives/edgar/data/1664710/000166471023000074/0001664710-23-000074-index.htm,,,Primary and complete submission text fetched.,LOW,LIKELY_NO_HIT
RHC-0138-ACQUIRED-KROS,KROS,Keros Therapeutics,2024-12-03,2023-12-13,SC 13D/A,0000947871-23-001145,https://www.sec.gov/Archives/edgar/data/1664710/000094787123001145/0000947871-23-001145-index.htm,,,Primary and complete submission text fetched.,LOW,LIKELY_NO_HIT
RHC-0138-ACQUIRED-KROS,KROS,Keros Therapeutics,2024-12-03,2024-01-03,8-K,0001664710-24-000003,https://www.sec.gov/Archives/edgar/data/1664710/000166471024000003/0001664710-24-000003-index.htm,,,Primary and complete submission text fetched.,LOW,LIKELY_NO_HIT
RHC-0138-ACQUIRED-KROS,KROS,Keros Therapeutics,2024-12-03,2024-01-04,8-K,0001664710-24-000006,https://www.sec.gov/Archives/edgar/data/1664710/000166471024000006/0001664710-24-000006-index.htm,,,Primary and complete submission text fetched.,LOW,LIKELY_NO_HIT
RHC-0138-ACQUIRED-KROS,KROS,Keros Therapeutics,2024-12-03,2024-01-09,8-K,0001664710-24-000010,https://www.sec.gov/Archives/edgar/data/1664710/000166471024000010/0001664710-24-000010-index.htm,,,Primary and complete submission text fetched.,LOW,LIKELY_NO_HIT
RHC-0138-ACQUIRED-KROS,KROS,Keros Therapeutics,2024-12-03,2024-02-28,10-K,0001664710-24-000017,https://www.sec.gov/Archives/edgar/data/1664710/000166471024000017/0001664710-24-000017-index.htm,,,Primary and complete submission text fetched.,LOW,LIKELY_NO_HIT
RHC-0138-ACQUIRED-KROS,KROS,Keros Therapeutics,2024-12-03,2024-02-28,8-K,0001664710-24-000016,https://www.sec.gov/Archives/edgar/data/1664710/000166471024000016/0001664710-24-000016-index.htm,,,Primary and complete submission text fetched.,LOW,LIKELY_NO_HIT
RHC-0138-ACQUIRED-KROS,KROS,Keros Therapeutics,2024-12-03,2024-03-05,8-K,0001664710-24-000026,https://www.sec.gov/Archives/edgar/data/1664710/000166471024000026/0001664710-24-000026-index.htm,,,Primary and complete submission text fetched.,LOW,LIKELY_NO_HIT
RHC-0138-ACQUIRED-KROS,KROS,Keros Therapeutics,2024-12-03,2024-03-05,8-K,0001664710-24-000028,https://www.sec.gov/Archives/edgar/data/1664710/000166471024000028/0001664710-24-000028-index.htm,,,Primary and complete submission text fetched.,LOW,LIKELY_NO_HIT
RHC-0138-ACQUIRED-KROS,KROS,Keros Therapeutics,2024-12-03,2024-03-06,8-K,0001664710-24-000031,https://www.sec.gov/Archives/edgar/data/1664710/000166471024000031/0001664710-24-000031-index.htm,,,Primary and complete submission text fetched.,LOW,LIKELY_NO_HIT
RHC-0138-ACQUIRED-KROS,KROS,Keros Therapeutics,2024-12-03,2024-03-14,8-K,0001664710-24-000034,https://www.sec.gov/Archives/edgar/data/1664710/000166471024000034/0001664710-24-000034-index.htm,,,Primary and complete submission text fetched.,LOW,LIKELY_NO_HIT
RHC-0138-ACQUIRED-KROS,KROS,Keros Therapeutics,2024-12-03,2024-04-17,DEF 14A,0001104659-24-048301,https://www.sec.gov/Archives/edgar/data/1664710/000110465924048301/0001104659-24-048301-index.htm,,,Primary and complete submission text fetched.,LOW,LIKELY_NO_HIT
RHC-0138-ACQUIRED-KROS,KROS,Keros Therapeutics,2024-12-03,2024-05-08,10-Q,0001664710-24-000039,https://www.sec.gov/Archives/edgar/data/1664710/000166471024000039/0001664710-24-000039-index.htm,,,Primary and complete submission text fetched.,LOW,LIKELY_NO_HIT
RHC-0138-ACQUIRED-KROS,KROS,Keros Therapeutics,2024-12-03,2024-05-08,8-K,0001664710-24-000038,https://www.sec.gov/Archives/edgar/data/1664710/000166471024000038/0001664710-24-000038-index.htm,,,Primary and complete submission text fetched.,LOW,LIKELY_NO_HIT
RHC-0138-ACQUIRED-KROS,KROS,Keros Therapeutics,2024-12-03,2024-05-28,8-K,0001664710-24-000041,https://www.sec.gov/Archives/edgar/data/1664710/000166471024000041/0001664710-24-000041-index.htm,,,Primary and complete submission text fetched.,LOW,LIKELY_NO_HIT
RHC-0138-ACQUIRED-KROS,KROS,Keros Therapeutics,2024-12-03,2024-05-30,8-K,0001664710-24-000045,https://www.sec.gov/Archives/edgar/data/1664710/000166471024000045/0001664710-24-000045-index.htm,,,Primary and complete submission text fetched.,LOW,LIKELY_NO_HIT
RHC-0138-ACQUIRED-KROS,KROS,Keros Therapeutics,2024-12-03,2024-06-03,8-K,0001664710-24-000047,https://www.sec.gov/Archives/edgar/data/1664710/000166471024000047/0001664710-24-000047-index.htm,,,Primary and complete submission text fetched.,LOW,LIKELY_NO_HIT
RHC-0138-ACQUIRED-KROS,KROS,Keros Therapeutics,2024-12-03,2024-06-04,8-K,0001664710-24-000050,https://www.sec.gov/Archives/edgar/data/1664710/000166471024000050/0001664710-24-000050-index.htm,,,Primary and complete submission text fetched.,LOW,LIKELY_NO_HIT
RHC-0138-ACQUIRED-KROS,KROS,Keros Therapeutics,2024-12-03,2024-06-17,8-K,0001664710-24-000055,https://www.sec.gov/Archives/edgar/data/1664710/000166471024000055/0001664710-24-000055-index.htm,,,Primary and complete submission text fetched.,LOW,LIKELY_NO_HIT
RHC-0138-ACQUIRED-KROS,KROS,Keros Therapeutics,2024-12-03,2024-06-17,8-K,0001664710-24-000058,https://www.sec.gov/Archives/edgar/data/1664710/000166471024000058/0001664710-24-000058-index.htm,,,Primary and complete submission text fetched.,LOW,LIKELY_NO_HIT
RHC-0138-ACQUIRED-KROS,KROS,Keros Therapeutics,2024-12-03,2024-06-17,8-K,0001664710-24-000059,https://www.sec.gov/Archives/edgar/data/1664710/000166471024000059/0001664710-24-000059-index.htm,,,Primary and complete submission text fetched.,LOW,LIKELY_NO_HIT
RHC-0138-ACQUIRED-KROS,KROS,Keros Therapeutics,2024-12-03,2024-08-07,10-Q,0001664710-24-000068,https://www.sec.gov/Archives/edgar/data/1664710/000166471024000068/0001664710-24-000068-index.htm,,,Primary and complete submission text fetched.,LOW,LIKELY_NO_HIT
RHC-0138-ACQUIRED-KROS,KROS,Keros Therapeutics,2024-12-03,2024-08-07,8-K,0001664710-24-000067,https://www.sec.gov/Archives/edgar/data/1664710/000166471024000067/0001664710-24-000067-index.htm,,,Primary and complete submission text fetched.,LOW,LIKELY_NO_HIT
RHC-0138-ACQUIRED-KROS,KROS,Keros Therapeutics,2024-12-03,2024-08-07,8-K,0001664710-24-000069,https://www.sec.gov/Archives/edgar/data/1664710/000166471024000069/0001664710-24-000069-index.htm,,,Primary and complete submission text fetched.,LOW,LIKELY_NO_HIT
RHC-0138-ACQUIRED-KROS,KROS,Keros Therapeutics,2024-12-03,2024-08-28,8-K,0001664710-24-000072,https://www.sec.gov/Archives/edgar/data/1664710/000166471024000072/0001664710-24-000072-index.htm,,,Primary and complete submission text fetched.,LOW,LIKELY_NO_HIT
RHC-0138-ACQUIRED-KROS,KROS,Keros Therapeutics,2024-12-03,2024-09-03,8-K,0001664710-24-000075,https://www.sec.gov/Archives/edgar/data/1664710/000166471024000075/0001664710-24-000075-index.htm,,,Primary and complete submission text fetched.,LOW,LIKELY_NO_HIT
RHC-0138-ACQUIRED-KROS,KROS,Keros Therapeutics,2024-12-03,2024-09-30,8-K,0001664710-24-000078,https://www.sec.gov/Archives/edgar/data/1664710/000166471024000078/0001664710-24-000078-index.htm,,,Primary and complete submission text fetched.,LOW,LIKELY_NO_HIT
RHC-0138-ACQUIRED-KROS,KROS,Keros Therapeutics,2024-12-03,2024-10-16,8-K,0001664710-24-000081,https://www.sec.gov/Archives/edgar/data/1664710/000166471024000081/0001664710-24-000081-index.htm,,,Primary and complete submission text fetched.,LOW,LIKELY_NO_HIT
RHC-0138-ACQUIRED-KROS,KROS,Keros Therapeutics,2024-12-03,2024-11-06,10-Q,0001664710-24-000091,https://www.sec.gov/Archives/edgar/data/1664710/000166471024000091/0001664710-24-000091-index.htm,,,Primary and complete submission text fetched.,LOW,LIKELY_NO_HIT
RHC-0138-ACQUIRED-KROS,KROS,Keros Therapeutics,2024-12-03,2024-11-06,8-K,0001664710-24-000086,https://www.sec.gov/Archives/edgar/data/1664710/000166471024000086/0001664710-24-000086-index.htm,,,Primary and complete submission text fetched.,LOW,LIKELY_NO_HIT
RHC-0138-ACQUIRED-KROS,KROS,Keros Therapeutics,2024-12-03,2024-11-06,8-K,0001664710-24-000088,https://www.sec.gov/Archives/edgar/data/1664710/000166471024000088/0001664710-24-000088-index.htm,,,Primary and complete submission text fetched.,LOW,LIKELY_NO_HIT
RHC-0138-ACQUIRED-KROS,KROS,Keros Therapeutics,2024-12-03,2024-11-26,8-K,0001664710-24-000094,https://www.sec.gov/Archives/edgar/data/1664710/000166471024000094/0001664710-24-000094-index.htm,,,Primary and complete submission text fetched.,LOW,LIKELY_NO_HIT
RHC-0076-ACQUIRED-KRTX,KRTX,"Karuna Therapeutics, Inc.",2023-12-22,2022-08-08,10-Q,0000950170-22-015230,https://www.sec.gov/Archives/edgar/data/1771917/000095017022015230/0000950170-22-015230-index.htm,,,Primary and complete submission text fetched.,LOW,LIKELY_NO_HIT
RHC-0076-ACQUIRED-KRTX,KRTX,"Karuna Therapeutics, Inc.",2023-12-22,2022-08-08,8-K,0000950170-22-015222,https://www.sec.gov/Archives/edgar/data/1771917/000095017022015222/0000950170-22-015222-index.htm,,,Primary and complete submission text fetched.,LOW,LIKELY_NO_HIT
RHC-0076-ACQUIRED-KRTX,KRTX,"Karuna Therapeutics, Inc.",2023-12-22,2022-08-08,8-K,0001193125-22-214126,https://www.sec.gov/Archives/edgar/data/1771917/000119312522214126/0001193125-22-214126-index.htm,,,Primary and complete submission text fetched.,LOW,LIKELY_NO_HIT
RHC-0076-ACQUIRED-KRTX,KRTX,"Karuna Therapeutics, Inc.",2023-12-22,2022-08-10,SC 13D/A,0001193125-22-216465,https://www.sec.gov/Archives/edgar/data/1771917/000119312522216465/0001193125-22-216465-index.htm,,,Primary and complete submission text fetched.,LOW,LIKELY_NO_HIT
RHC-0076-ACQUIRED-KRTX,KRTX,"Karuna Therapeutics, Inc.",2023-12-22,2022-08-11,8-K,0001193125-22-218682,https://www.sec.gov/Archives/edgar/data/1771917/000119312522218682/0001193125-22-218682-index.htm,,,Primary and complete submission text fetched.,LOW,LIKELY_NO_HIT
RHC-0076-ACQUIRED-KRTX,KRTX,"Karuna Therapeutics, Inc.",2023-12-22,2022-08-12,SC 13D/A,0001193125-22-219998,https://www.sec.gov/Archives/edgar/data/1771917/000119312522219998/0001193125-22-219998-index.htm,,,Primary and complete submission text fetched.,LOW,LIKELY_NO_HIT
RHC-0076-ACQUIRED-KRTX,KRTX,"Karuna Therapeutics, Inc.",2023-12-22,2022-09-20,SC 13D/A,0001072613-22-000569,https://www.sec.gov/Archives/edgar/data/1771917/000107261322000569/0001072613-22-000569-index.htm,,,Primary and complete submission text fetched.,LOW,LIKELY_NO_HIT
RHC-0076-ACQUIRED-KRTX,KRTX,"Karuna Therapeutics, Inc.",2023-12-22,2022-11-03,10-Q,0000950170-22-021513,https://www.sec.gov/Archives/edgar/data/1771917/000095017022021513/0000950170-22-021513-index.htm,,,Primary and complete submission text fetched.,LOW,LIKELY_NO_HIT
RHC-0076-ACQUIRED-KRTX,KRTX,"Karuna Therapeutics, Inc.",2023-12-22,2022-11-03,8-K,0000950170-22-021505,https://www.sec.gov/Archives/edgar/data/1771917/000095017022021505/0000950170-22-021505-index.htm,,,Primary and complete submission text fetched.,LOW,LIKELY_NO_HIT
RHC-0076-ACQUIRED-KRTX,KRTX,"Karuna Therapeutics, Inc.",2023-12-22,2022-12-06,8-K,0001193125-22-298839,https://www.sec.gov/Archives/edgar/data/1771917/000119312522298839/0001193125-22-298839-index.htm,,,Primary and complete submission text fetched.,LOW,LIKELY_NO_HIT
RHC-0076-ACQUIRED-KRTX,KRTX,"Karuna Therapeutics, Inc.",2023-12-22,2023-01-05,8-K,0000950170-23-000251,https://www.sec.gov/Archives/edgar/data/1771917/000095017023000251/0000950170-23-000251-index.htm,,,Primary and complete submission text fetched.,LOW,LIKELY_NO_HIT
RHC-0076-ACQUIRED-KRTX,KRTX,"Karuna Therapeutics, Inc.",2023-12-22,2023-02-02,8-K,0000950170-23-001635,https://www.sec.gov/Archives/edgar/data/1771917/000095017023001635/0000950170-23-001635-index.htm,,,Primary and complete submission text fetched.,LOW,LIKELY_NO_HIT
RHC-0076-ACQUIRED-KRTX,KRTX,"Karuna Therapeutics, Inc.",2023-12-22,2023-02-06,SC 13D/A,0001104659-23-010753,https://www.sec.gov/Archives/edgar/data/1771917/000110465923010753/0001104659-23-010753-index.htm,,,Primary and complete submission text fetched.,LOW,LIKELY_NO_HIT
RHC-0076-ACQUIRED-KRTX,KRTX,"Karuna Therapeutics, Inc.",2023-12-22,2023-02-23,10-K,0000950170-23-003929,https://www.sec.gov/Archives/edgar/data/1771917/000095017023003929/0000950170-23-003929-index.htm,,,Primary and complete submission text fetched.,LOW,LIKELY_NO_HIT
RHC-0076-ACQUIRED-KRTX,KRTX,"Karuna Therapeutics, Inc.",2023-12-22,2023-02-23,8-K,0000950170-23-003921,https://www.sec.gov/Archives/edgar/data/1771917/000095017023003921/0000950170-23-003921-index.htm,,,Primary and complete submission text fetched.,LOW,LIKELY_NO_HIT
RHC-0076-ACQUIRED-KRTX,KRTX,"Karuna Therapeutics, Inc.",2023-12-22,2023-03-10,8-K,0000950170-23-007255,https://www.sec.gov/Archives/edgar/data/1771917/000095017023007255/0000950170-23-007255-index.htm,,,Primary and complete submission text fetched.,LOW,LIKELY_NO_HIT
RHC-0076-ACQUIRED-KRTX,KRTX,"Karuna Therapeutics, Inc.",2023-12-22,2023-03-20,8-K,0000950170-23-008684,https://www.sec.gov/Archives/edgar/data/1771917/000095017023008684/0000950170-23-008684-index.htm,,,Primary and complete submission text fetched.,LOW,LIKELY_NO_HIT
RHC-0076-ACQUIRED-KRTX,KRTX,"Karuna Therapeutics, Inc.",2023-12-22,2023-03-22,8-K,0000950170-23-009234,https://www.sec.gov/Archives/edgar/data/1771917/000095017023009234/0000950170-23-009234-index.htm,,,Primary and complete submission text fetched.,LOW,LIKELY_NO_HIT
RHC-0076-ACQUIRED-KRTX,KRTX,"Karuna Therapeutics, Inc.",2023-12-22,2023-04-27,DEF 14A,0000950170-23-014979,https://www.sec.gov/Archives/edgar/data/1771917/000095017023014979/0000950170-23-014979-index.htm,,,Primary and complete submission text fetched.,LOW,LIKELY_NO_HIT
RHC-0076-ACQUIRED-KRTX,KRTX,"Karuna Therapeutics, Inc.",2023-12-22,2023-05-04,10-Q,0000950170-23-017444,https://www.sec.gov/Archives/edgar/data/1771917/000095017023017444/0000950170-23-017444-index.htm,,,Primary and complete submission text fetched.,LOW,LIKELY_NO_HIT
RHC-0076-ACQUIRED-KRTX,KRTX,"Karuna Therapeutics, Inc.",2023-12-22,2023-05-04,8-K,0000950170-23-017442,https://www.sec.gov/Archives/edgar/data/1771917/000095017023017442/0000950170-23-017442-index.htm,,,Primary and complete submission text fetched.,LOW,LIKELY_NO_HIT
RHC-0076-ACQUIRED-KRTX,KRTX,"Karuna Therapeutics, Inc.",2023-12-22,2023-06-21,8-K,0000950170-23-029140,https://www.sec.gov/Archives/edgar/data/1771917/000095017023029140/0000950170-23-029140-index.htm,,,Primary and complete submission text fetched.,LOW,LIKELY_NO_HIT
RHC-0076-ACQUIRED-KRTX,KRTX,"Karuna Therapeutics, Inc.",2023-12-22,2023-06-21,SC 13D/A,0001104659-23-073048,https://www.sec.gov/Archives/edgar/data/1771917/000110465923073048/0001104659-23-073048-index.htm,,,Primary and complete submission text fetched.,LOW,LIKELY_NO_HIT
RHC-0076-ACQUIRED-KRTX,KRTX,"Karuna Therapeutics, Inc.",2023-12-22,2023-08-03,10-Q,0000950170-23-037555,https://www.sec.gov/Archives/edgar/data/1771917/000095017023037555/0000950170-23-037555-index.htm,,,Primary and complete submission text fetched.,LOW,LIKELY_NO_HIT
RHC-0076-ACQUIRED-KRTX,KRTX,"Karuna Therapeutics, Inc.",2023-12-22,2023-08-03,8-K,0000950170-23-037552,https://www.sec.gov/Archives/edgar/data/1771917/000095017023037552/0000950170-23-037552-index.htm,,,Primary and complete submission text fetched.,LOW,LIKELY_NO_HIT
RHC-0076-ACQUIRED-KRTX,KRTX,"Karuna Therapeutics, Inc.",2023-12-22,2023-11-02,10-Q,0000950170-23-057731,https://www.sec.gov/Archives/edgar/data/1771917/000095017023057731/0000950170-23-057731-index.htm,,,Primary and complete submission text fetched.,LOW,LIKELY_NO_HIT
RHC-0076-ACQUIRED-KRTX,KRTX,"Karuna Therapeutics, Inc.",2023-12-22,2023-11-02,8-K,0000950170-23-057729,https://www.sec.gov/Archives/edgar/data/1771917/000095017023057729/0000950170-23-057729-index.htm,,,Primary and complete submission text fetched.,LOW,LIKELY_NO_HIT
RHC-0077-ACQUIRED-LBPH,LBPH,"Longboard Pharmaceuticals, Inc.",2024-10-15,2023-05-09,10-Q,0000950170-23-019717,https://www.sec.gov/Archives/edgar/data/1832168/000095017023019717/0000950170-23-019717-index.htm,,,Primary and complete submission text fetched.,LOW,LIKELY_NO_HIT
RHC-0077-ACQUIRED-LBPH,LBPH,"Longboard Pharmaceuticals, Inc.",2024-10-15,2023-05-09,8-K,0000950170-23-019623,https://www.sec.gov/Archives/edgar/data/1832168/000095017023019623/0000950170-23-019623-index.htm,,,Primary and complete submission text fetched.,LOW,LIKELY_NO_HIT
RHC-0077-ACQUIRED-LBPH,LBPH,"Longboard Pharmaceuticals, Inc.",2024-10-15,2023-05-26,8-K,0000950170-23-024507,https://www.sec.gov/Archives/edgar/data/1832168/000095017023024507/0000950170-23-024507-index.htm,,,Primary and complete submission text fetched.,LOW,LIKELY_NO_HIT
RHC-0077-ACQUIRED-LBPH,LBPH,"Longboard Pharmaceuticals, Inc.",2024-10-15,2023-08-03,10-Q,0000950170-23-038017,https://www.sec.gov/Archives/edgar/data/1832168/000095017023038017/0000950170-23-038017-index.htm,,,Primary and complete submission text fetched.,LOW,LIKELY_NO_HIT
RHC-0077-ACQUIRED-LBPH,LBPH,"Longboard Pharmaceuticals, Inc.",2024-10-15,2023-08-03,8-K,0000950170-23-037981,https://www.sec.gov/Archives/edgar/data/1832168/000095017023037981/0000950170-23-037981-index.htm,,,Primary and complete submission text fetched.,LOW,LIKELY_NO_HIT
RHC-0077-ACQUIRED-LBPH,LBPH,"Longboard Pharmaceuticals, Inc.",2024-10-15,2023-08-04,8-K,0000950170-23-038631,https://www.sec.gov/Archives/edgar/data/1832168/000095017023038631/0000950170-23-038631-index.htm,,,Primary and complete submission text fetched.,LOW,LIKELY_NO_HIT
RHC-0077-ACQUIRED-LBPH,LBPH,"Longboard Pharmaceuticals, Inc.",2024-10-15,2023-08-23,8-K,0000950170-23-044035,https://www.sec.gov/Archives/edgar/data/1832168/000095017023044035/0000950170-23-044035-index.htm,,,Primary and complete submission text fetched.,LOW,LIKELY_NO_HIT
RHC-0077-ACQUIRED-LBPH,LBPH,"Longboard Pharmaceuticals, Inc.",2024-10-15,2023-09-22,8-K,0000950170-23-049437,https://www.sec.gov/Archives/edgar/data/1832168/000095017023049437/0000950170-23-049437-index.htm,,,Primary and complete submission text fetched.,LOW,LIKELY_NO_HIT
RHC-0077-ACQUIRED-LBPH,LBPH,"Longboard Pharmaceuticals, Inc.",2024-10-15,2023-10-11,8-K,0000950170-23-052769,https://www.sec.gov/Archives/edgar/data/1832168/000095017023052769/0000950170-23-052769-index.htm,,,Primary and complete submission text fetched.,LOW,LIKELY_NO_HIT
RHC-0077-ACQUIRED-LBPH,LBPH,"Longboard Pharmaceuticals, Inc.",2024-10-15,2023-11-02,10-Q,0000950170-23-058229,https://www.sec.gov/Archives/edgar/data/1832168/000095017023058229/0000950170-23-058229-index.htm,,,Primary and complete submission text fetched.,LOW,LIKELY_NO_HIT
RHC-0077-ACQUIRED-LBPH,LBPH,"Longboard Pharmaceuticals, Inc.",2024-10-15,2023-11-02,8-K,0000950170-23-058176,https://www.sec.gov/Archives/edgar/data/1832168/000095017023058176/0000950170-23-058176-index.htm,,,Primary and complete submission text fetched.,LOW,LIKELY_NO_HIT
RHC-0077-ACQUIRED-LBPH,LBPH,"Longboard Pharmaceuticals, Inc.",2024-10-15,2023-11-29,8-K,0000950170-23-066554,https://www.sec.gov/Archives/edgar/data/1832168/000095017023066554/0000950170-23-066554-index.htm,,,Primary and complete submission text fetched.,LOW,LIKELY_NO_HIT
RHC-0077-ACQUIRED-LBPH,LBPH,"Longboard Pharmaceuticals, Inc.",2024-10-15,2024-01-02,8-K,0000950170-24-000033,https://www.sec.gov/Archives/edgar/data/1832168/000095017024000033/0000950170-24-000033-index.htm,,,Primary and complete submission text fetched.,LOW,LIKELY_NO_HIT
RHC-0077-ACQUIRED-LBPH,LBPH,"Longboard Pharmaceuticals, Inc.",2024-10-15,2024-01-02,8-K,0001193125-24-000675,https://www.sec.gov/Archives/edgar/data/1832168/000119312524000675/0001193125-24-000675-index.htm,sale_process,sale of the company,"securities of the Company, which is being made only by means of a written prospectus meeting the requirements of Section 10 of the Securities Act nor shall there be any sale of the Company’s securities in any state or jurisdiction in which such offer, solicitation or sale would be unlawful prior to registration or qualification under the securities laws of such jurisdiction. Corporate Update On November 2",LOW,POSSIBLE_HIT
RHC-0077-ACQUIRED-LBPH,LBPH,"Longboard Pharmaceuticals, Inc.",2024-10-15,2024-01-04,8-K,0001193125-24-002493,https://www.sec.gov/Archives/edgar/data/1832168/000119312524002493/0001193125-24-002493-index.htm,,,Primary and complete submission text fetched.,LOW,LIKELY_NO_HIT
RHC-0077-ACQUIRED-LBPH,LBPH,"Longboard Pharmaceuticals, Inc.",2024-10-15,2024-01-10,SC 13D/A,0000078003-24-000004,https://www.sec.gov/Archives/edgar/data/1832168/000007800324000004/0000078003-24-000004-index.htm,,,Primary and complete submission text fetched.,LOW,LIKELY_NO_HIT
RHC-0077-ACQUIRED-LBPH,LBPH,"Longboard Pharmaceuticals, Inc.",2024-10-15,2024-01-29,SC 13D/A,0000078003-24-000015,https://www.sec.gov/Archives/edgar/data/1832168/000007800324000015/0000078003-24-000015-index.htm,,,Primary and complete submission text fetched.,LOW,LIKELY_NO_HIT
RHC-0077-ACQUIRED-LBPH,LBPH,"Longboard Pharmaceuticals, Inc.",2024-10-15,2024-03-12,10-K,0000950170-24-029952,https://www.sec.gov/Archives/edgar/data/1832168/000095017024029952/0000950170-24-029952-index.htm,rofr_rofn,right of first negotiation,"eement to add an additional program, and in September 2022 we further amended the Arena License Agreement to expand the field of the license of LP659 and provide Arena a right of first negotiation to acquire certain development and commercial rights to LP659 products. Our Strategy Our goal is to develop therapies targeting well-characterized receptor pathways with optimized pharmacology and PK properties to trans",LOW,POSSIBLE_HIT
RHC-0077-ACQUIRED-LBPH,LBPH,"Longboard Pharmaceuticals, Inc.",2024-10-15,2024-03-12,8-K,0000950170-24-029928,https://www.sec.gov/Archives/edgar/data/1832168/000095017024029928/0000950170-24-029928-index.htm,,,Primary and complete submission text fetched.,LOW,LIKELY_NO_HIT
RHC-0077-ACQUIRED-LBPH,LBPH,"Longboard Pharmaceuticals, Inc.",2024-10-15,2024-03-26,8-K,0000950170-24-036596,https://www.sec.gov/Archives/edgar/data/1832168/000095017024036596/0000950170-24-036596-index.htm,,,Primary and complete submission text fetched.,LOW,LIKELY_NO_HIT
RHC-0077-ACQUIRED-LBPH,LBPH,"Longboard Pharmaceuticals, Inc.",2024-10-15,2024-04-12,DEF 14A,0000950170-24-044023,https://www.sec.gov/Archives/edgar/data/1832168/000095017024044023/0000950170-24-044023-index.htm,,,Primary and complete submission text fetched.,LOW,LIKELY_NO_HIT
RHC-0077-ACQUIRED-LBPH,LBPH,"Longboard Pharmaceuticals, Inc.",2024-10-15,2024-04-15,8-K,0000950170-24-044244,https://www.sec.gov/Archives/edgar/data/1832168/000095017024044244/0000950170-24-044244-index.htm,,,Primary and complete submission text fetched.,LOW,LIKELY_NO_HIT
RHC-0077-ACQUIRED-LBPH,LBPH,"Longboard Pharmaceuticals, Inc.",2024-10-15,2024-05-02,10-Q,0000950170-24-052137,https://www.sec.gov/Archives/edgar/data/1832168/000095017024052137/0000950170-24-052137-index.htm,,,Primary and complete submission text fetched.,LOW,LIKELY_NO_HIT
RHC-0077-ACQUIRED-LBPH,LBPH,"Longboard Pharmaceuticals, Inc.",2024-10-15,2024-05-02,8-K,0000950170-24-052111,https://www.sec.gov/Archives/edgar/data/1832168/000095017024052111/0000950170-24-052111-index.htm,,,Primary and complete submission text fetched.,LOW,LIKELY_NO_HIT
RHC-0077-ACQUIRED-LBPH,LBPH,"Longboard Pharmaceuticals, Inc.",2024-10-15,2024-05-24,8-K,0000950170-24-064559,https://www.sec.gov/Archives/edgar/data/1832168/000095017024064559/0000950170-24-064559-index.htm,,,Primary and complete submission text fetched.,LOW,LIKELY_NO_HIT
RHC-0077-ACQUIRED-LBPH,LBPH,"Longboard Pharmaceuticals, Inc.",2024-10-15,2024-06-10,8-K,0000950170-24-071093,https://www.sec.gov/Archives/edgar/data/1832168/000095017024071093/0000950170-24-071093-index.htm,,,Primary and complete submission text fetched.,LOW,LIKELY_NO_HIT
RHC-0077-ACQUIRED-LBPH,LBPH,"Longboard Pharmaceuticals, Inc.",2024-10-15,2024-07-01,8-K,0000950170-24-079294,https://www.sec.gov/Archives/edgar/data/1832168/000095017024079294/0000950170-24-079294-index.htm,,,Primary and complete submission text fetched.,LOW,LIKELY_NO_HIT
RHC-0077-ACQUIRED-LBPH,LBPH,"Longboard Pharmaceuticals, Inc.",2024-10-15,2024-08-01,10-Q,0000950170-24-089319,https://www.sec.gov/Archives/edgar/data/1832168/000095017024089319/0000950170-24-089319-index.htm,,,Primary and complete submission text fetched.,LOW,LIKELY_NO_HIT
RHC-0077-ACQUIRED-LBPH,LBPH,"Longboard Pharmaceuticals, Inc.",2024-10-15,2024-08-01,8-K,0000950170-24-089285,https://www.sec.gov/Archives/edgar/data/1832168/000095017024089285/0000950170-24-089285-index.htm,,,Primary and complete submission text fetched.,LOW,LIKELY_NO_HIT
RHC-0078-ACQUIRED-MORF,MORF,"Morphic Holding, Inc.",2024-07-08,2023-01-20,8-K,0001679363-23-000002,https://www.sec.gov/Archives/edgar/data/1679363/000167936323000002/0001679363-23-000002-index.htm,,,Primary and complete submission text fetched.,LOW,LIKELY_NO_HIT
RHC-0078-ACQUIRED-MORF,MORF,"Morphic Holding, Inc.",2024-07-08,2023-02-13,8-K,0001104659-23-019132,https://www.sec.gov/Archives/edgar/data/1679363/000110465923019132/0001104659-23-019132-index.htm,,,Primary and complete submission text fetched.,LOW,LIKELY_NO_HIT
RHC-0078-ACQUIRED-MORF,MORF,"Morphic Holding, Inc.",2024-07-08,2023-02-23,10-K,0001679363-23-000011,https://www.sec.gov/Archives/edgar/data/1679363/000167936323000011/0001679363-23-000011-index.htm,,,Primary and complete submission text fetched.,LOW,LIKELY_NO_HIT
RHC-0078-ACQUIRED-MORF,MORF,"Morphic Holding, Inc.",2024-07-08,2023-02-23,8-K,0001679363-23-000008,https://www.sec.gov/Archives/edgar/data/1679363/000167936323000008/0001679363-23-000008-index.htm,,,Primary and complete submission text fetched.,LOW,LIKELY_NO_HIT
RHC-0078-ACQUIRED-MORF,MORF,"Morphic Holding, Inc.",2024-07-08,2023-04-21,DEF 14A,0001679363-23-000029,https://www.sec.gov/Archives/edgar/data/1679363/000167936323000029/0001679363-23-000029-index.htm,,,Primary and complete submission text fetched.,LOW,LIKELY_NO_HIT
RHC-0078-ACQUIRED-MORF,MORF,"Morphic Holding, Inc.",2024-07-08,2023-04-25,10-Q,0001679363-23-000040,https://www.sec.gov/Archives/edgar/data/1679363/000167936323000040/0001679363-23-000040-index.htm,,,Primary and complete submission text fetched.,LOW,LIKELY_NO_HIT
RHC-0078-ACQUIRED-MORF,MORF,"Morphic Holding, Inc.",2024-07-08,2023-04-25,8-K,0001104659-23-049297,https://www.sec.gov/Archives/edgar/data/1679363/000110465923049297/0001104659-23-049297-index.htm,,,Primary and complete submission text fetched.,LOW,LIKELY_NO_HIT
RHC-0078-ACQUIRED-MORF,MORF,"Morphic Holding, Inc.",2024-07-08,2023-04-25,8-K,0001679363-23-000039,https://www.sec.gov/Archives/edgar/data/1679363/000167936323000039/0001679363-23-000039-index.htm,,,Primary and complete submission text fetched.,LOW,LIKELY_NO_HIT
RHC-0078-ACQUIRED-MORF,MORF,"Morphic Holding, Inc.",2024-07-08,2023-05-03,8-K,0001104659-23-055258,https://www.sec.gov/Archives/edgar/data/1679363/000110465923055258/0001104659-23-055258-index.htm,,,Primary and complete submission text fetched.,LOW,LIKELY_NO_HIT
RHC-0078-ACQUIRED-MORF,MORF,"Morphic Holding, Inc.",2024-07-08,2023-06-02,8-K,0001679363-23-000048,https://www.sec.gov/Archives/edgar/data/1679363/000167936323000048/0001679363-23-000048-index.htm,,,Primary and complete submission text fetched.,LOW,LIKELY_NO_HIT
RHC-0078-ACQUIRED-MORF,MORF,"Morphic Holding, Inc.",2024-07-08,2023-08-03,10-Q,0001679363-23-000056,https://www.sec.gov/Archives/edgar/data/1679363/000167936323000056/0001679363-23-000056-index.htm,,,Primary and complete submission text fetched.,LOW,LIKELY_NO_HIT
RHC-0078-ACQUIRED-MORF,MORF,"Morphic Holding, Inc.",2024-07-08,2023-08-03,8-K,0001679363-23-000054,https://www.sec.gov/Archives/edgar/data/1679363/000167936323000054/0001679363-23-000054-index.htm,,,Primary and complete submission text fetched.,LOW,LIKELY_NO_HIT
RHC-0078-ACQUIRED-MORF,MORF,"Morphic Holding, Inc.",2024-07-08,2023-09-26,8-K,0001679363-23-000059,https://www.sec.gov/Archives/edgar/data/1679363/000167936323000059/0001679363-23-000059-index.htm,,,Primary and complete submission text fetched.,LOW,LIKELY_NO_HIT
RHC-0078-ACQUIRED-MORF,MORF,"Morphic Holding, Inc.",2024-07-08,2023-10-12,8-K,0001679363-23-000066,https://www.sec.gov/Archives/edgar/data/1679363/000167936323000066/0001679363-23-000066-index.htm,,,Primary and complete submission text fetched.,LOW,LIKELY_NO_HIT
RHC-0078-ACQUIRED-MORF,MORF,"Morphic Holding, Inc.",2024-07-08,2023-10-18,SC 13D,0001013762-23-004823,https://www.sec.gov/Archives/edgar/data/1679363/000101376223004823/0001013762-23-004823-index.htm,,,Primary and complete submission text fetched.,LOW,LIKELY_NO_HIT
RHC-0078-ACQUIRED-MORF,MORF,"Morphic Holding, Inc.",2024-07-08,2023-11-03,10-Q,0001679363-23-000075,https://www.sec.gov/Archives/edgar/data/1679363/000167936323000075/0001679363-23-000075-index.htm,,,Primary and complete submission text fetched.,LOW,LIKELY_NO_HIT
RHC-0078-ACQUIRED-MORF,MORF,"Morphic Holding, Inc.",2024-07-08,2023-11-03,8-K,0001679363-23-000074,https://www.sec.gov/Archives/edgar/data/1679363/000167936323000074/0001679363-23-000074-index.htm,,,Primary and complete submission text fetched.,LOW,LIKELY_NO_HIT
RHC-0078-ACQUIRED-MORF,MORF,"Morphic Holding, Inc.",2024-07-08,2023-12-06,8-K,0001679363-23-000078,https://www.sec.gov/Archives/edgar/data/1679363/000167936323000078/0001679363-23-000078-index.htm,,,Primary and complete submission text fetched.,LOW,LIKELY_NO_HIT
RHC-0078-ACQUIRED-MORF,MORF,"Morphic Holding, Inc.",2024-07-08,2024-01-03,8-K,0001679363-24-000004,https://www.sec.gov/Archives/edgar/data/1679363/000167936324000004/0001679363-24-000004-index.htm,,,Primary and complete submission text fetched.,LOW,LIKELY_NO_HIT
RHC-0078-ACQUIRED-MORF,MORF,"Morphic Holding, Inc.",2024-07-08,2024-01-12,8-K,0001104659-24-003459,https://www.sec.gov/Archives/edgar/data/1679363/000110465924003459/0001104659-24-003459-index.htm,,,Primary and complete submission text fetched.,LOW,LIKELY_NO_HIT
RHC-0078-ACQUIRED-MORF,MORF,"Morphic Holding, Inc.",2024-07-08,2024-02-22,10-K,0001679363-24-000013,https://www.sec.gov/Archives/edgar/data/1679363/000167936324000013/0001679363-24-000013-index.htm,,,Primary and complete submission text fetched.,LOW,LIKELY_NO_HIT
RHC-0078-ACQUIRED-MORF,MORF,"Morphic Holding, Inc.",2024-07-08,2024-02-22,8-K,0001679363-24-000012,https://www.sec.gov/Archives/edgar/data/1679363/000167936324000012/0001679363-24-000012-index.htm,,,Primary and complete submission text fetched.,LOW,LIKELY_NO_HIT
RHC-0078-ACQUIRED-MORF,MORF,"Morphic Holding, Inc.",2024-07-08,2024-03-12,8-K,0001679363-24-000022,https://www.sec.gov/Archives/edgar/data/1679363/000167936324000022/0001679363-24-000022-index.htm,,,Primary and complete submission text fetched.,LOW,LIKELY_NO_HIT
RHC-0078-ACQUIRED-MORF,MORF,"Morphic Holding, Inc.",2024-07-08,2024-04-25,10-Q,0001679363-24-000030,https://www.sec.gov/Archives/edgar/data/1679363/000167936324000030/0001679363-24-000030-index.htm,,,Primary and complete submission text fetched.,LOW,LIKELY_NO_HIT
RHC-0078-ACQUIRED-MORF,MORF,"Morphic Holding, Inc.",2024-07-08,2024-04-25,8-K,0001679363-24-000029,https://www.sec.gov/Archives/edgar/data/1679363/000167936324000029/0001679363-24-000029-index.htm,,,Primary and complete submission text fetched.,LOW,LIKELY_NO_HIT
RHC-0078-ACQUIRED-MORF,MORF,"Morphic Holding, Inc.",2024-07-08,2024-04-25,DEF 14A,0001679363-24-000035,https://www.sec.gov/Archives/edgar/data/1679363/000167936324000035/0001679363-24-000035-index.htm,,,Primary and complete submission text fetched.,LOW,LIKELY_NO_HIT
RHC-0078-ACQUIRED-MORF,MORF,"Morphic Holding, Inc.",2024-07-08,2024-04-26,8-K,0001679363-24-000039,https://www.sec.gov/Archives/edgar/data/1679363/000167936324000039/0001679363-24-000039-index.htm,,,Primary and complete submission text fetched.,LOW,LIKELY_NO_HIT
RHC-0078-ACQUIRED-MORF,MORF,"Morphic Holding, Inc.",2024-07-08,2024-06-05,8-K,0001679363-24-000042,https://www.sec.gov/Archives/edgar/data/1679363/000167936324000042/0001679363-24-000042-index.htm,,,Primary and complete submission text fetched.,LOW,LIKELY_NO_HIT
RHC-0079-ACQUIRED-MRTX,MRTX,"Mirati Therapeutics, Inc.",2023-10-10,2022-04-15,DEF 14A,0001628280-22-009340,https://www.sec.gov/Archives/edgar/data/1576263/000162828022009340/0001628280-22-009340-index.htm,,,Primary and complete submission text fetched.,LOW,LIKELY_NO_HIT
RHC-0079-ACQUIRED-MRTX,MRTX,"Mirati Therapeutics, Inc.",2023-10-10,2022-05-04,10-Q,0001628280-22-012295,https://www.sec.gov/Archives/edgar/data/1576263/000162828022012295/0001628280-22-012295-index.htm,,,Primary and complete submission text fetched.,LOW,LIKELY_NO_HIT
RHC-0079-ACQUIRED-MRTX,MRTX,"Mirati Therapeutics, Inc.",2023-10-10,2022-05-04,8-K,0001628280-22-012278,https://www.sec.gov/Archives/edgar/data/1576263/000162828022012278/0001628280-22-012278-index.htm,,,Primary and complete submission text fetched.,LOW,LIKELY_NO_HIT
RHC-0079-ACQUIRED-MRTX,MRTX,"Mirati Therapeutics, Inc.",2023-10-10,2022-05-12,8-K,0001628280-22-014127,https://www.sec.gov/Archives/edgar/data/1576263/000162828022014127/0001628280-22-014127-index.htm,sale_process,sale of the company,", a person is treated as a Consultant under this Plan only if a Form S-8 Registration Statement under the Securities Act is available to register either the offer or the sale of the Company’s securities to such person. (q) “ Continuous Service ” means that the Participant’s service with the Company or an Affiliate, whether as an Employee, Director or Consultant, is not interrupted or terminated. A 24. chan",LOW,POSSIBLE_HIT
RHC-0079-ACQUIRED-MRTX,MRTX,"Mirati Therapeutics, Inc.",2023-10-10,2022-05-16,8-K,0001628280-22-014521,https://www.sec.gov/Archives/edgar/data/1576263/000162828022014521/0001628280-22-014521-index.htm,,,Primary and complete submission text fetched.,LOW,LIKELY_NO_HIT
RHC-0079-ACQUIRED-MRTX,MRTX,"Mirati Therapeutics, Inc.",2023-10-10,2022-05-26,8-K,0001628280-22-015490,https://www.sec.gov/Archives/edgar/data/1576263/000162828022015490/0001628280-22-015490-index.htm,,,Primary and complete submission text fetched.,LOW,LIKELY_NO_HIT
RHC-0079-ACQUIRED-MRTX,MRTX,"Mirati Therapeutics, Inc.",2023-10-10,2022-06-06,8-K,0001193125-22-167931,https://www.sec.gov/Archives/edgar/data/1576263/000119312522167931/0001193125-22-167931-index.htm,,,Primary and complete submission text fetched.,LOW,LIKELY_NO_HIT
RHC-0079-ACQUIRED-MRTX,MRTX,"Mirati Therapeutics, Inc.",2023-10-10,2022-06-07,8-K,0001193125-22-168861,https://www.sec.gov/Archives/edgar/data/1576263/000119312522168861/0001193125-22-168861-index.htm,,,Primary and complete submission text fetched.,LOW,LIKELY_NO_HIT
RHC-0079-ACQUIRED-MRTX,MRTX,"Mirati Therapeutics, Inc.",2023-10-10,2022-08-03,10-Q,0001628280-22-020594,https://www.sec.gov/Archives/edgar/data/1576263/000162828022020594/0001628280-22-020594-index.htm,,,Primary and complete submission text fetched.,LOW,LIKELY_NO_HIT
RHC-0079-ACQUIRED-MRTX,MRTX,"Mirati Therapeutics, Inc.",2023-10-10,2022-08-03,8-K,0001628280-22-020587,https://www.sec.gov/Archives/edgar/data/1576263/000162828022020587/0001628280-22-020587-index.htm,,,Primary and complete submission text fetched.,LOW,LIKELY_NO_HIT
RHC-0079-ACQUIRED-MRTX,MRTX,"Mirati Therapeutics, Inc.",2023-10-10,2022-09-08,8-K,0001193125-22-240399,https://www.sec.gov/Archives/edgar/data/1576263/000119312522240399/0001193125-22-240399-index.htm,,,Primary and complete submission text fetched.,LOW,LIKELY_NO_HIT
RHC-0079-ACQUIRED-MRTX,MRTX,"Mirati Therapeutics, Inc.",2023-10-10,2022-11-08,10-Q,0001628280-22-028942,https://www.sec.gov/Archives/edgar/data/1576263/000162828022028942/0001628280-22-028942-index.htm,,,Primary and complete submission text fetched.,LOW,LIKELY_NO_HIT
RHC-0079-ACQUIRED-MRTX,MRTX,"Mirati Therapeutics, Inc.",2023-10-10,2022-11-08,8-K,0001628280-22-028936,https://www.sec.gov/Archives/edgar/data/1576263/000162828022028936/0001628280-22-028936-index.htm,,,Primary and complete submission text fetched.,LOW,LIKELY_NO_HIT
RHC-0079-ACQUIRED-MRTX,MRTX,"Mirati Therapeutics, Inc.",2023-10-10,2022-12-02,8-K,0001193125-22-297102,https://www.sec.gov/Archives/edgar/data/1576263/000119312522297102/0001193125-22-297102-index.htm,,,Primary and complete submission text fetched.,LOW,LIKELY_NO_HIT
RHC-0079-ACQUIRED-MRTX,MRTX,"Mirati Therapeutics, Inc.",2023-10-10,2022-12-06,8-K,0001193125-22-298618,https://www.sec.gov/Archives/edgar/data/1576263/000119312522298618/0001193125-22-298618-index.htm,,,Primary and complete submission text fetched.,LOW,LIKELY_NO_HIT
RHC-0079-ACQUIRED-MRTX,MRTX,"Mirati Therapeutics, Inc.",2023-10-10,2022-12-13,8-K,0001193125-22-303018,https://www.sec.gov/Archives/edgar/data/1576263/000119312522303018/0001193125-22-303018-index.htm,,,Primary and complete submission text fetched.,LOW,LIKELY_NO_HIT
RHC-0079-ACQUIRED-MRTX,MRTX,"Mirati Therapeutics, Inc.",2023-10-10,2023-01-09,8-K,0001193125-23-004544,https://www.sec.gov/Archives/edgar/data/1576263/000119312523004544/0001193125-23-004544-index.htm,,,Primary and complete submission text fetched.,LOW,LIKELY_NO_HIT
RHC-0079-ACQUIRED-MRTX,MRTX,"Mirati Therapeutics, Inc.",2023-10-10,2023-02-28,10-K,0001628280-23-005576,https://www.sec.gov/Archives/edgar/data/1576263/000162828023005576/0001628280-23-005576-index.htm,,,Primary and complete submission text fetched.,LOW,LIKELY_NO_HIT
RHC-0079-ACQUIRED-MRTX,MRTX,"Mirati Therapeutics, Inc.",2023-10-10,2023-02-28,8-K,0001628280-23-005543,https://www.sec.gov/Archives/edgar/data/1576263/000162828023005543/0001628280-23-005543-index.htm,,,Primary and complete submission text fetched.,LOW,LIKELY_NO_HIT
RHC-0079-ACQUIRED-MRTX,MRTX,"Mirati Therapeutics, Inc.",2023-10-10,2023-04-06,DEF 14A,0001628280-23-011004,https://www.sec.gov/Archives/edgar/data/1576263/000162828023011004/0001628280-23-011004-index.htm,,,Primary and complete submission text fetched.,LOW,LIKELY_NO_HIT
RHC-0079-ACQUIRED-MRTX,MRTX,"Mirati Therapeutics, Inc.",2023-10-10,2023-05-09,10-Q,0001628280-23-016835,https://www.sec.gov/Archives/edgar/data/1576263/000162828023016835/0001628280-23-016835-index.htm,,,Primary and complete submission text fetched.,LOW,LIKELY_NO_HIT
RHC-0079-ACQUIRED-MRTX,MRTX,"Mirati Therapeutics, Inc.",2023-10-10,2023-05-09,8-K,0001628280-23-016809,https://www.sec.gov/Archives/edgar/data/1576263/000162828023016809/0001628280-23-016809-index.htm,,,Primary and complete submission text fetched.,LOW,LIKELY_NO_HIT
RHC-0079-ACQUIRED-MRTX,MRTX,"Mirati Therapeutics, Inc.",2023-10-10,2023-05-12,8-K,0001628280-23-017872,https://www.sec.gov/Archives/edgar/data/1576263/000162828023017872/0001628280-23-017872-index.htm,,,Primary and complete submission text fetched.,LOW,LIKELY_NO_HIT
RHC-0079-ACQUIRED-MRTX,MRTX,"Mirati Therapeutics, Inc.",2023-10-10,2023-05-24,8-K,0001628280-23-019591,https://www.sec.gov/Archives/edgar/data/1576263/000162828023019591/0001628280-23-019591-index.htm,,,Primary and complete submission text fetched.,LOW,LIKELY_NO_HIT
RHC-0079-ACQUIRED-MRTX,MRTX,"Mirati Therapeutics, Inc.",2023-10-10,2023-06-23,8-K,0001628280-23-023287,https://www.sec.gov/Archives/edgar/data/1576263/000162828023023287/0001628280-23-023287-index.htm,,,Primary and complete submission text fetched.,LOW,LIKELY_NO_HIT
RHC-0079-ACQUIRED-MRTX,MRTX,"Mirati Therapeutics, Inc.",2023-10-10,2023-07-21,8-K,0001193125-23-190802,https://www.sec.gov/Archives/edgar/data/1576263/000119312523190802/0001193125-23-190802-index.htm,,,Primary and complete submission text fetched.,LOW,LIKELY_NO_HIT
RHC-0079-ACQUIRED-MRTX,MRTX,"Mirati Therapeutics, Inc.",2023-10-10,2023-08-08,10-Q,0001628280-23-028162,https://www.sec.gov/Archives/edgar/data/1576263/000162828023028162/0001628280-23-028162-index.htm,,,Primary and complete submission text fetched.,LOW,LIKELY_NO_HIT
RHC-0079-ACQUIRED-MRTX,MRTX,"Mirati Therapeutics, Inc.",2023-10-10,2023-08-08,8-K,0001193125-23-206176,https://www.sec.gov/Archives/edgar/data/1576263/000119312523206176/0001193125-23-206176-index.htm,,,Primary and complete submission text fetched.,LOW,LIKELY_NO_HIT
RHC-0079-ACQUIRED-MRTX,MRTX,"Mirati Therapeutics, Inc.",2023-10-10,2023-08-09,8-K,0001193125-23-207441,https://www.sec.gov/Archives/edgar/data/1576263/000119312523207441/0001193125-23-207441-index.htm,,,Primary and complete submission text fetched.,LOW,LIKELY_NO_HIT
RHC-0079-ACQUIRED-MRTX,MRTX,"Mirati Therapeutics, Inc.",2023-10-10,2023-08-16,SC 13D/A,0000895345-23-000502,https://www.sec.gov/Archives/edgar/data/1576263/000089534523000502/0000895345-23-000502-index.htm,,,Primary and complete submission text fetched.,LOW,LIKELY_NO_HIT
RHC-0079-ACQUIRED-MRTX,MRTX,"Mirati Therapeutics, Inc.",2023-10-10,2023-08-23,8-K,0001628280-23-030373,https://www.sec.gov/Archives/edgar/data/1576263/000162828023030373/0001628280-23-030373-index.htm,,,Primary and complete submission text fetched.,LOW,LIKELY_NO_HIT
RHC-0106-ACQUIRED-SGEN,SGEN,Seagen Inc.,2023-03-13,2021-09-21,8-K,0001193125-21-277501,https://www.sec.gov/Archives/edgar/data/1060736/000119312521277501/0001193125-21-277501-index.htm,rofr_rofn,rofn,"9$ZA&]P7H:!HF[9I MF)91LG))]4@::A0R.6[3H;)=""$2WF)8L:.0'OA_UQTT&@T%!#X7-7""6*V*X( ME0RHQ01WTG9#C_M?IYH-2KJ15:U6B[HTK3I7 +ZT^J%I6@ONP$ MHD\58 A[.C!,V[ /,YT8@) 9WL6(6==/)0,)')ROFNH,%['4G4%J4OFP&! )(:!Y_ M0;0:9M6PS2\JR+SESCK4D^RD.-7YW&# >0%)0WHU4G@M#Z:;%5#@BP""7:6'4\@E(Z.RE.SR>9_=2, M];L,(A&_:@&J)>S6J[ ^)6[^*'#F2"":!+90O.O-C],+-ML8J5[8 M?P@K&KCC5Y!LH2ZH8F Z2NFG)>-CQ.,4I[HRY.>%>,2N!19!4 M^).15VQE4(]W",LOW,POSSIBLE_HIT
RHC-0106-ACQUIRED-SGEN,SGEN,Seagen Inc.,2023-03-13,2021-09-21,8-K,0001193125-21-278354,https://www.sec.gov/Archives/edgar/data/1060736/000119312521278354/0001193125-21-278354-index.htm,rofr_rofn,rofn,n Indemnitee(s) 12.1 RemeGen Continuing Technology Transfer 2.12(a) RemeGen Initial Technology Transfer 2.12(a) RemeGen Technology Transfer 2.12(a) Review Period 10.1(a) ROFN Notice 2.5 Royalty Floor 8.5(c)(v) Rules 15.5(a) Safety Auditing Party 5.5 Seagen Preamble Seagen [ * ] Technology Transfer 2.12(b)(ii) Seagen Existing CMO Agreements 11.3(f) Seagen Existing In-Licenses 11.3(e) Seagen I,LOW,POSSIBLE_HIT
RHC-0106-ACQUIRED-SGEN,SGEN,Seagen Inc.,2023-03-13,2021-10-28,10-Q,0001060736-21-000038,https://www.sec.gov/Archives/edgar/data/1060736/000106073621000038/0001060736-21-000038-index.htm,,,Primary and complete submission text fetched.,LOW,LIKELY_NO_HIT
RHC-0106-ACQUIRED-SGEN,SGEN,Seagen Inc.,2023-03-13,2021-10-28,8-K,0001060736-21-000037,https://www.sec.gov/Archives/edgar/data/1060736/000106073621000037/0001060736-21-000037-index.htm,,,Primary and complete submission text fetched.,LOW,LIKELY_NO_HIT
RHC-0106-ACQUIRED-SGEN,SGEN,Seagen Inc.,2023-03-13,2021-11-24,8-K,0001193125-21-338751,https://www.sec.gov/Archives/edgar/data/1060736/000119312521338751/0001193125-21-338751-index.htm,,,Primary and complete submission text fetched.,LOW,LIKELY_NO_HIT
RHC-0106-ACQUIRED-SGEN,SGEN,Seagen Inc.,2023-03-13,2022-02-09,10-K,0001060736-22-000016,https://www.sec.gov/Archives/edgar/data/1060736/000106073622000016/0001060736-22-000016-index.htm,,,Primary and complete submission text fetched.,LOW,LIKELY_NO_HIT
RHC-0106-ACQUIRED-SGEN,SGEN,Seagen Inc.,2023-03-13,2022-02-09,8-K,0001060736-22-000013,https://www.sec.gov/Archives/edgar/data/1060736/000106073622000013/0001060736-22-000013-index.htm,,,Primary and complete submission text fetched.,LOW,LIKELY_NO_HIT
RHC-0106-ACQUIRED-SGEN,SGEN,Seagen Inc.,2023-03-13,2022-03-10,SC 13D/A,0001104659-22-032468,https://www.sec.gov/Archives/edgar/data/1060736/000110465922032468/0001104659-22-032468-index.htm,,,Primary and complete submission text fetched.,LOW,LIKELY_NO_HIT
RHC-0106-ACQUIRED-SGEN,SGEN,Seagen Inc.,2023-03-13,2022-03-11,8-K,0001193125-22-073502,https://www.sec.gov/Archives/edgar/data/1060736/000119312522073502/0001193125-22-073502-index.htm,,,Primary and complete submission text fetched.,LOW,LIKELY_NO_HIT
RHC-0106-ACQUIRED-SGEN,SGEN,Seagen Inc.,2023-03-13,2022-03-30,DEF 14A,0001060736-22-000025,https://www.sec.gov/Archives/edgar/data/1060736/000106073622000025/0001060736-22-000025-index.htm,,,Primary and complete submission text fetched.,LOW,LIKELY_NO_HIT
RHC-0106-ACQUIRED-SGEN,SGEN,Seagen Inc.,2023-03-13,2022-04-08,8-K,0001193125-22-100473,https://www.sec.gov/Archives/edgar/data/1060736/000119312522100473/0001193125-22-100473-index.htm,,,Primary and complete submission text fetched.,LOW,LIKELY_NO_HIT
RHC-0106-ACQUIRED-SGEN,SGEN,Seagen Inc.,2023-03-13,2022-04-15,8-K,0001193125-22-106857,https://www.sec.gov/Archives/edgar/data/1060736/000119312522106857/0001193125-22-106857-index.htm,,,Primary and complete submission text fetched.,LOW,LIKELY_NO_HIT
RHC-0106-ACQUIRED-SGEN,SGEN,Seagen Inc.,2023-03-13,2022-04-28,10-Q,0001060736-22-000037,https://www.sec.gov/Archives/edgar/data/1060736/000106073622000037/0001060736-22-000037-index.htm,,,Primary and complete submission text fetched.,LOW,LIKELY_NO_HIT
RHC-0106-ACQUIRED-SGEN,SGEN,Seagen Inc.,2023-03-13,2022-04-28,8-K,0001060736-22-000036,https://www.sec.gov/Archives/edgar/data/1060736/000106073622000036/0001060736-22-000036-index.htm,,,Primary and complete submission text fetched.,LOW,LIKELY_NO_HIT
RHC-0106-ACQUIRED-SGEN,SGEN,Seagen Inc.,2023-03-13,2022-05-09,8-K,0001193125-22-144204,https://www.sec.gov/Archives/edgar/data/1060736/000119312522144204/0001193125-22-144204-index.htm,,,Primary and complete submission text fetched.,LOW,LIKELY_NO_HIT
RHC-0106-ACQUIRED-SGEN,SGEN,Seagen Inc.,2023-03-13,2022-05-16,8-K,0001193125-22-150770,https://www.sec.gov/Archives/edgar/data/1060736/000119312522150770/0001193125-22-150770-index.htm,,,Primary and complete submission text fetched.,LOW,LIKELY_NO_HIT
RHC-0106-ACQUIRED-SGEN,SGEN,Seagen Inc.,2023-03-13,2022-05-19,8-K,0001193125-22-155105,https://www.sec.gov/Archives/edgar/data/1060736/000119312522155105/0001193125-22-155105-index.htm,,,Primary and complete submission text fetched.,LOW,LIKELY_NO_HIT
RHC-0106-ACQUIRED-SGEN,SGEN,Seagen Inc.,2023-03-13,2022-05-23,8-K,0001193125-22-156858,https://www.sec.gov/Archives/edgar/data/1060736/000119312522156858/0001193125-22-156858-index.htm,,,Primary and complete submission text fetched.,LOW,LIKELY_NO_HIT
RHC-0106-ACQUIRED-SGEN,SGEN,Seagen Inc.,2023-03-13,2022-07-26,8-K,0001193125-22-201401,https://www.sec.gov/Archives/edgar/data/1060736/000119312522201401/0001193125-22-201401-index.htm,,,Primary and complete submission text fetched.,LOW,LIKELY_NO_HIT
RHC-0106-ACQUIRED-SGEN,SGEN,Seagen Inc.,2023-03-13,2022-07-28,10-Q,0001060736-22-000052,https://www.sec.gov/Archives/edgar/data/1060736/000106073622000052/0001060736-22-000052-index.htm,,,Primary and complete submission text fetched.,LOW,LIKELY_NO_HIT
RHC-0106-ACQUIRED-SGEN,SGEN,Seagen Inc.,2023-03-13,2022-07-28,8-K,0001060736-22-000050,https://www.sec.gov/Archives/edgar/data/1060736/000106073622000050/0001060736-22-000050-index.htm,,,Primary and complete submission text fetched.,LOW,LIKELY_NO_HIT
RHC-0106-ACQUIRED-SGEN,SGEN,Seagen Inc.,2023-03-13,2022-08-12,8-K,0001193125-22-219784,https://www.sec.gov/Archives/edgar/data/1060736/000119312522219784/0001193125-22-219784-index.htm,,,Primary and complete submission text fetched.,LOW,LIKELY_NO_HIT
RHC-0106-ACQUIRED-SGEN,SGEN,Seagen Inc.,2023-03-13,2022-10-27,10-Q,0001060736-22-000068,https://www.sec.gov/Archives/edgar/data/1060736/000106073622000068/0001060736-22-000068-index.htm,,,Primary and complete submission text fetched.,LOW,LIKELY_NO_HIT
RHC-0106-ACQUIRED-SGEN,SGEN,Seagen Inc.,2023-03-13,2022-10-27,8-K,0001060736-22-000065,https://www.sec.gov/Archives/edgar/data/1060736/000106073622000065/0001060736-22-000065-index.htm,,,Primary and complete submission text fetched.,LOW,LIKELY_NO_HIT
RHC-0106-ACQUIRED-SGEN,SGEN,Seagen Inc.,2023-03-13,2022-11-10,8-K,0001193125-22-281955,https://www.sec.gov/Archives/edgar/data/1060736/000119312522281955/0001193125-22-281955-index.htm,,,Primary and complete submission text fetched.,LOW,LIKELY_NO_HIT
RHC-0106-ACQUIRED-SGEN,SGEN,Seagen Inc.,2023-03-13,2022-11-18,8-K,0001193125-22-289073,https://www.sec.gov/Archives/edgar/data/1060736/000119312522289073/0001193125-22-289073-index.htm,,,Primary and complete submission text fetched.,LOW,LIKELY_NO_HIT
RHC-0106-ACQUIRED-SGEN,SGEN,Seagen Inc.,2023-03-13,2023-01-19,8-K,0001193125-23-010928,https://www.sec.gov/Archives/edgar/data/1060736/000119312523010928/0001193125-23-010928-index.htm,,,Primary and complete submission text fetched.,LOW,LIKELY_NO_HIT
RHC-0106-ACQUIRED-SGEN,SGEN,Seagen Inc.,2023-03-13,2023-02-15,10-K,0001060736-23-000009,https://www.sec.gov/Archives/edgar/data/1060736/000106073623000009/0001060736-23-000009-index.htm,,,Primary and complete submission text fetched.,LOW,LIKELY_NO_HIT
RHC-0106-ACQUIRED-SGEN,SGEN,Seagen Inc.,2023-03-13,2023-02-15,8-K,0001060736-23-000007,https://www.sec.gov/Archives/edgar/data/1060736/000106073623000007/0001060736-23-000007-index.htm,,,Primary and complete submission text fetched.,LOW,LIKELY_NO_HIT
RHC-0107-ACQUIRED-SNDX,SNDX,Syndax Pharmaceuticals,2023-12-15,2022-08-08,10-Q,0000950170-22-015523,https://www.sec.gov/Archives/edgar/data/1395937/000095017022015523/0000950170-22-015523-index.htm,sale_process,sale of the company,"ed Incyte to terminate the Incyte Agreement under circumstances under which the upfront payment of $ 117 million would be returned to Incyte and a cash settlement on the sale of the Company's common stock would be made to make the parties whole (the ""Letter Agreement""). In connection with the closing of this transaction in December 2021, the Company determined that the cash settlement feature of the Letter",LOW,POSSIBLE_HIT
RHC-0107-ACQUIRED-SNDX,SNDX,Syndax Pharmaceuticals,2023-12-15,2022-08-08,8-K,0000950170-22-015507,https://www.sec.gov/Archives/edgar/data/1395937/000095017022015507/0000950170-22-015507-index.htm,,,Primary and complete submission text fetched.,LOW,LIKELY_NO_HIT
RHC-0107-ACQUIRED-SNDX,SNDX,Syndax Pharmaceuticals,2023-12-15,2022-09-23,8-K,0000950170-22-018819,https://www.sec.gov/Archives/edgar/data/1395937/000095017022018819/0000950170-22-018819-index.htm,,,Primary and complete submission text fetched.,LOW,LIKELY_NO_HIT
RHC-0107-ACQUIRED-SNDX,SNDX,Syndax Pharmaceuticals,2023-12-15,2022-11-03,10-Q,0000950170-22-021848,https://www.sec.gov/Archives/edgar/data/1395937/000095017022021848/0000950170-22-021848-index.htm,sale_process,sale of the company,"Incyte to terminate the Incyte Agreements under circumstances under which the upfront payment of $ 117.0 million would be returned to Incyte and a cash settlement on the sale of the Company's common stock would be made to make the parties whole (the “Letter Agreement”). In connection with the closing of this transaction in December 2021, the Company determined that the cash settlement feature of the Letter",LOW,POSSIBLE_HIT
RHC-0107-ACQUIRED-SNDX,SNDX,Syndax Pharmaceuticals,2023-12-15,2022-11-03,8-K,0000950170-22-021838,https://www.sec.gov/Archives/edgar/data/1395937/000095017022021838/0000950170-22-021838-index.htm,,,Primary and complete submission text fetched.,LOW,LIKELY_NO_HIT
RHC-0107-ACQUIRED-SNDX,SNDX,Syndax Pharmaceuticals,2023-12-15,2022-12-05,8-K,0000950170-22-026017,https://www.sec.gov/Archives/edgar/data/1395937/000095017022026017/0000950170-22-026017-index.htm,,,Primary and complete submission text fetched.,LOW,LIKELY_NO_HIT
RHC-0107-ACQUIRED-SNDX,SNDX,Syndax Pharmaceuticals,2023-12-15,2022-12-07,8-K,0001193125-22-300218,https://www.sec.gov/Archives/edgar/data/1395937/000119312522300218/0001193125-22-300218-index.htm,,,Primary and complete submission text fetched.,LOW,LIKELY_NO_HIT
RHC-0107-ACQUIRED-SNDX,SNDX,Syndax Pharmaceuticals,2023-12-15,2022-12-14,8-K,0000950170-22-026546,https://www.sec.gov/Archives/edgar/data/1395937/000095017022026546/0000950170-22-026546-index.htm,,,Primary and complete submission text fetched.,LOW,LIKELY_NO_HIT
RHC-0107-ACQUIRED-SNDX,SNDX,Syndax Pharmaceuticals,2023-12-15,2023-02-08,8-K,0000950170-23-002172,https://www.sec.gov/Archives/edgar/data/1395937/000095017023002172/0000950170-23-002172-index.htm,,,Primary and complete submission text fetched.,LOW,LIKELY_NO_HIT
RHC-0107-ACQUIRED-SNDX,SNDX,Syndax Pharmaceuticals,2023-12-15,2023-02-28,10-K,0000950170-23-005079,https://www.sec.gov/Archives/edgar/data/1395937/000095017023005079/0000950170-23-005079-index.htm,,,Primary and complete submission text fetched.,LOW,LIKELY_NO_HIT
RHC-0107-ACQUIRED-SNDX,SNDX,Syndax Pharmaceuticals,2023-12-15,2023-02-28,8-K,0000950170-23-005069,https://www.sec.gov/Archives/edgar/data/1395937/000095017023005069/0000950170-23-005069-index.htm,,,Primary and complete submission text fetched.,LOW,LIKELY_NO_HIT
RHC-0107-ACQUIRED-SNDX,SNDX,Syndax Pharmaceuticals,2023-12-15,2023-03-30,8-K,0000950170-23-010756,https://www.sec.gov/Archives/edgar/data/1395937/000095017023010756/0000950170-23-010756-index.htm,,,Primary and complete submission text fetched.,LOW,LIKELY_NO_HIT
RHC-0107-ACQUIRED-SNDX,SNDX,Syndax Pharmaceuticals,2023-12-15,2023-04-07,DEF 14A,0000950170-23-012189,https://www.sec.gov/Archives/edgar/data/1395937/000095017023012189/0000950170-23-012189-index.htm,,,Primary and complete submission text fetched. Keyword context appears in later proxy/background text; not counted as prior public signal.,LOW,NEEDS_MANUAL_REVIEW
RHC-0107-ACQUIRED-SNDX,SNDX,Syndax Pharmaceuticals,2023-12-15,2023-05-08,10-Q,0000950170-23-018806,https://www.sec.gov/Archives/edgar/data/1395937/000095017023018806/0000950170-23-018806-index.htm,,,Primary and complete submission text fetched.,LOW,LIKELY_NO_HIT
RHC-0107-ACQUIRED-SNDX,SNDX,Syndax Pharmaceuticals,2023-12-15,2023-05-08,8-K,0000950170-23-018794,https://www.sec.gov/Archives/edgar/data/1395937/000095017023018794/0000950170-23-018794-index.htm,,,Primary and complete submission text fetched.,LOW,LIKELY_NO_HIT
RHC-0107-ACQUIRED-SNDX,SNDX,Syndax Pharmaceuticals,2023-12-15,2023-05-18,8-K,0000950170-23-022802,https://www.sec.gov/Archives/edgar/data/1395937/000095017023022802/0000950170-23-022802-index.htm,,,Primary and complete submission text fetched.,LOW,LIKELY_NO_HIT
RHC-0107-ACQUIRED-SNDX,SNDX,Syndax Pharmaceuticals,2023-12-15,2023-05-26,8-K,0000950170-23-024544,https://www.sec.gov/Archives/edgar/data/1395937/000095017023024544/0000950170-23-024544-index.htm,,,Primary and complete submission text fetched.,LOW,LIKELY_NO_HIT
RHC-0107-ACQUIRED-SNDX,SNDX,Syndax Pharmaceuticals,2023-12-15,2023-07-24,8-K,0000950170-23-033937,https://www.sec.gov/Archives/edgar/data/1395937/000095017023033937/0000950170-23-033937-index.htm,,,Primary and complete submission text fetched.,LOW,LIKELY_NO_HIT
RHC-0107-ACQUIRED-SNDX,SNDX,Syndax Pharmaceuticals,2023-12-15,2023-08-03,10-Q,0000950170-23-037943,https://www.sec.gov/Archives/edgar/data/1395937/000095017023037943/0000950170-23-037943-index.htm,,,Primary and complete submission text fetched.,LOW,LIKELY_NO_HIT
RHC-0107-ACQUIRED-SNDX,SNDX,Syndax Pharmaceuticals,2023-12-15,2023-08-03,8-K,0000950170-23-037936,https://www.sec.gov/Archives/edgar/data/1395937/000095017023037936/0000950170-23-037936-index.htm,,,Primary and complete submission text fetched.,LOW,LIKELY_NO_HIT
RHC-0107-ACQUIRED-SNDX,SNDX,Syndax Pharmaceuticals,2023-12-15,2023-10-02,8-K,0000950170-23-050922,https://www.sec.gov/Archives/edgar/data/1395937/000095017023050922/0000950170-23-050922-index.htm,,,Primary and complete submission text fetched.,LOW,LIKELY_NO_HIT
RHC-0107-ACQUIRED-SNDX,SNDX,Syndax Pharmaceuticals,2023-12-15,2023-11-02,10-Q,0000950170-23-058165,https://www.sec.gov/Archives/edgar/data/1395937/000095017023058165/0000950170-23-058165-index.htm,,,Primary and complete submission text fetched.,LOW,LIKELY_NO_HIT
RHC-0107-ACQUIRED-SNDX,SNDX,Syndax Pharmaceuticals,2023-12-15,2023-11-02,8-K,0000950170-23-058156,https://www.sec.gov/Archives/edgar/data/1395937/000095017023058156/0000950170-23-058156-index.htm,,,Primary and complete submission text fetched.,LOW,LIKELY_NO_HIT
RHC-0107-ACQUIRED-SNDX,SNDX,Syndax Pharmaceuticals,2023-12-15,2023-12-12,8-K,0000950170-23-069683,https://www.sec.gov/Archives/edgar/data/1395937/000095017023069683/0000950170-23-069683-index.htm,,,Primary and complete submission text fetched.,LOW,LIKELY_NO_HIT
RHC-0103-ACQUIRED-STML,STML,Stemline Therapeutics,2020-05-04,2018-11-08,10-Q,0001104659-18-066974,https://www.sec.gov/Archives/edgar/data/1264587/000110465918066974/0001104659-18-066974-index.htm,,,Primary and complete submission text fetched.,LOW,LIKELY_NO_HIT
RHC-0103-ACQUIRED-STML,STML,Stemline Therapeutics,2020-05-04,2018-11-08,8-K,0001104659-18-066967,https://www.sec.gov/Archives/edgar/data/1264587/000110465918066967/0001104659-18-066967-index.htm,,,Primary and complete submission text fetched.,LOW,LIKELY_NO_HIT
RHC-0103-ACQUIRED-STML,STML,Stemline Therapeutics,2020-05-04,2018-12-21,8-K,0001104659-18-074472,https://www.sec.gov/Archives/edgar/data/1264587/000110465918074472/0001104659-18-074472-index.htm,,,Primary and complete submission text fetched.,LOW,LIKELY_NO_HIT
RHC-0103-ACQUIRED-STML,STML,Stemline Therapeutics,2020-05-04,2019-01-16,8-K,0001104659-19-002118,https://www.sec.gov/Archives/edgar/data/1264587/000110465919002118/0001104659-19-002118-index.htm,,,Primary and complete submission text fetched.,LOW,LIKELY_NO_HIT
RHC-0103-ACQUIRED-STML,STML,Stemline Therapeutics,2020-05-04,2019-03-15,10-K,0001104659-19-015293,https://www.sec.gov/Archives/edgar/data/1264587/000110465919015293/0001104659-19-015293-index.htm,sale_process,sale of the company,"biotechnology company where he was a key member of a small team responsible for the acquisition and development of the company’s clinical stage assets and ultimately the sale of the company to Keryx Biopharmaceuticals, Inc. (Nasdaq: KERX). He received a BA in mathematics from the University of Pennsylvania, was elected to the Pi Mu Epsilon National Mathematics Honor Society, and was captain of the varsity",LOW,POSSIBLE_HIT
RHC-0103-ACQUIRED-STML,STML,Stemline Therapeutics,2020-05-04,2019-03-15,8-K,0001104659-19-015288,https://www.sec.gov/Archives/edgar/data/1264587/000110465919015288/0001104659-19-015288-index.htm,,,Primary and complete submission text fetched.,LOW,LIKELY_NO_HIT
RHC-0103-ACQUIRED-STML,STML,Stemline Therapeutics,2020-05-04,2019-04-29,8-K,0001104659-19-024280,https://www.sec.gov/Archives/edgar/data/1264587/000110465919024280/0001104659-19-024280-index.htm,,,Primary and complete submission text fetched.,LOW,LIKELY_NO_HIT
RHC-0103-ACQUIRED-STML,STML,Stemline Therapeutics,2020-05-04,2019-04-30,DEF 14A,0001104659-19-025382,https://www.sec.gov/Archives/edgar/data/1264587/000110465919025382/0001104659-19-025382-index.htm,,,Primary and complete submission text fetched. Keyword context appears in later proxy/background text; not counted as prior public signal.,LOW,NEEDS_MANUAL_REVIEW
RHC-0103-ACQUIRED-STML,STML,Stemline Therapeutics,2020-05-04,2019-05-10,10-Q,0001104659-19-028623,https://www.sec.gov/Archives/edgar/data/1264587/000110465919028623/0001104659-19-028623-index.htm,sale_process,sale of the company,"ch 31, 2018, respectively. For awards with performance conditions, such as obtaining regulatory approval on a developed product, capital raises, a change in control or a sale of the company, no expense is recognized, and no measurement date can occur, until the occurrence of the event is probable. Awards Granted to Non-Employee Consultants The Company grants stock options, restricted stock, and unrestricte",LOW,POSSIBLE_HIT
RHC-0103-ACQUIRED-STML,STML,Stemline Therapeutics,2020-05-04,2019-05-10,8-K,0001104659-19-028428,https://www.sec.gov/Archives/edgar/data/1264587/000110465919028428/0001104659-19-028428-index.htm,,,Primary and complete submission text fetched.,LOW,LIKELY_NO_HIT
RHC-0103-ACQUIRED-STML,STML,Stemline Therapeutics,2020-05-04,2019-06-28,8-K,0001104659-19-038280,https://www.sec.gov/Archives/edgar/data/1264587/000110465919038280/0001104659-19-038280-index.htm,,,Primary and complete submission text fetched.,LOW,LIKELY_NO_HIT
RHC-0103-ACQUIRED-STML,STML,Stemline Therapeutics,2020-05-04,2019-08-02,8-K,0001104659-19-043543,https://www.sec.gov/Archives/edgar/data/1264587/000110465919043543/0001104659-19-043543-index.htm,,,Primary and complete submission text fetched.,LOW,LIKELY_NO_HIT
RHC-0103-ACQUIRED-STML,STML,Stemline Therapeutics,2020-05-04,2019-08-06,10-Q,0001104659-19-044314,https://www.sec.gov/Archives/edgar/data/1264587/000110465919044314/0001104659-19-044314-index.htm,sale_process,sale of the company,"19 and 2018, respectively. For awards with performance conditions, such as obtaining regulatory approval on a developed product, capital raises, a change in control or a sale of the company, no expense is recognized, and no measurement date can occur, until the occurrence of the event is probable. Awards Granted to Non-Employee Consultants The Company grants stock options, restricted stock, and unrestricte",LOW,POSSIBLE_HIT
RHC-0103-ACQUIRED-STML,STML,Stemline Therapeutics,2020-05-04,2019-08-09,8-K,0001104659-19-045073,https://www.sec.gov/Archives/edgar/data/1264587/000110465919045073/0001104659-19-045073-index.htm,,,Primary and complete submission text fetched.,LOW,LIKELY_NO_HIT
RHC-0103-ACQUIRED-STML,STML,Stemline Therapeutics,2020-05-04,2019-11-07,8-K,0001104659-19-061232,https://www.sec.gov/Archives/edgar/data/1264587/000110465919061232/0001104659-19-061232-index.htm,,,Primary and complete submission text fetched.,LOW,LIKELY_NO_HIT
RHC-0103-ACQUIRED-STML,STML,Stemline Therapeutics,2020-05-04,2019-11-12,10-Q,0001104659-19-062655,https://www.sec.gov/Archives/edgar/data/1264587/000110465919062655/0001104659-19-062655-index.htm,sale_process,sale of the company,"19 and 2018, respectively. For awards with performance conditions, such as obtaining regulatory approval on a developed product, capital raises, a change in control or a sale of the company, no expense is recognized, and no measurement date can occur, until the occurrence of the event is probable. Awards Granted to Non-Employee Consultants The Company grants stock options, restricted stock, and unrestricte",LOW,POSSIBLE_HIT
RHC-0103-ACQUIRED-STML,STML,Stemline Therapeutics,2020-05-04,2020-03-13,8-K,0001104659-20-033250,https://www.sec.gov/Archives/edgar/data/1264587/000110465920033250/0001104659-20-033250-index.htm,,,Primary and complete submission text fetched.,LOW,LIKELY_NO_HIT
RHC-0103-ACQUIRED-STML,STML,Stemline Therapeutics,2020-05-04,2020-03-16,10-K,0001104659-20-034154,https://www.sec.gov/Archives/edgar/data/1264587/000110465920034154/0001104659-20-034154-index.htm,sale_process,sale of the company,"biotechnology company where he was a key member of a small team responsible for the acquisition and development of the company’s clinical stage assets and ultimately the sale of the company to Keryx Biopharmaceuticals, Inc. He received a BA in mathematics from the University of Pennsylvania, was elected to the Pi Mu Epsilon National Mathematics Honor Society, and was captain of the varsity wrestling team a",LOW,POSSIBLE_HIT
RHC-0103-ACQUIRED-STML,STML,Stemline Therapeutics,2020-05-04,2020-04-29,DEF 14A,0001047469-20-002716,https://www.sec.gov/Archives/edgar/data/1264587/000104746920002716/0001047469-20-002716-index.htm,,,Primary and complete submission text fetched. Keyword context appears in later proxy/background text; not counted as prior public signal.,LOW,NEEDS_MANUAL_REVIEW
RHC-0132-ACQUIRED-TBIO,TBIO,Translate Bio,2021-08-03,2020-02-14,SC 13D/A,0001387131-20-001837,https://www.sec.gov/Archives/edgar/data/1693415/000138713120001837/0001387131-20-001837-index.htm,,,Primary and complete submission text fetched.,LOW,LIKELY_NO_HIT
RHC-0132-ACQUIRED-TBIO,TBIO,Translate Bio,2021-08-03,2020-03-12,10-K,0001193125-20-071633,https://www.sec.gov/Archives/edgar/data/1693415/000119312520071633/0001193125-20-071633-index.htm,,,Primary and complete submission text fetched.,LOW,LIKELY_NO_HIT
RHC-0132-ACQUIRED-TBIO,TBIO,Translate Bio,2021-08-03,2020-03-26,8-K,0001193125-20-087031,https://www.sec.gov/Archives/edgar/data/1693415/000119312520087031/0001193125-20-087031-index.htm,,,Primary and complete submission text fetched.,LOW,LIKELY_NO_HIT
RHC-0132-ACQUIRED-TBIO,TBIO,Translate Bio,2021-08-03,2020-03-27,8-K,0001193125-20-087488,https://www.sec.gov/Archives/edgar/data/1693415/000119312520087488/0001193125-20-087488-index.htm,,,Primary and complete submission text fetched.,LOW,LIKELY_NO_HIT
RHC-0132-ACQUIRED-TBIO,TBIO,Translate Bio,2021-08-03,2020-04-07,8-K,0001193125-20-100578,https://www.sec.gov/Archives/edgar/data/1693415/000119312520100578/0001193125-20-100578-index.htm,,,Primary and complete submission text fetched.,LOW,LIKELY_NO_HIT
RHC-0132-ACQUIRED-TBIO,TBIO,Translate Bio,2021-08-03,2020-04-22,DEF 14A,0001193125-20-115119,https://www.sec.gov/Archives/edgar/data/1693415/000119312520115119/0001193125-20-115119-index.htm,,,Primary and complete submission text fetched.,LOW,LIKELY_NO_HIT
RHC-0132-ACQUIRED-TBIO,TBIO,Translate Bio,2021-08-03,2020-05-07,10-Q,0001193125-20-136205,https://www.sec.gov/Archives/edgar/data/1693415/000119312520136205/0001193125-20-136205-index.htm,,,Primary and complete submission text fetched.,LOW,LIKELY_NO_HIT
RHC-0132-ACQUIRED-TBIO,TBIO,Translate Bio,2021-08-03,2020-05-11,SC 13D/A,0001567619-20-009473,https://www.sec.gov/Archives/edgar/data/1693415/000156761920009473/0001567619-20-009473-index.htm,,,Primary and complete submission text fetched.,LOW,LIKELY_NO_HIT
RHC-0132-ACQUIRED-TBIO,TBIO,Translate Bio,2021-08-03,2020-06-16,8-K,0001193125-20-170483,https://www.sec.gov/Archives/edgar/data/1693415/000119312520170483/0001193125-20-170483-index.htm,,,Primary and complete submission text fetched.,LOW,LIKELY_NO_HIT
RHC-0132-ACQUIRED-TBIO,TBIO,Translate Bio,2021-08-03,2020-06-23,8-K,0001193125-20-175955,https://www.sec.gov/Archives/edgar/data/1693415/000119312520175955/0001193125-20-175955-index.htm,option_to_acquire,option to acquire,"ectious disease pathogens, with certain specified exceptions (the “Licensed Fields”). As a result, the license option in the Agreement, under which Sanofi Pasteur had an option to acquire licenses to additional pathogens from the Company, has been removed from the Agreement under the Amendment. Pursuant to the Amendment, Sanofi Pasteur agreed to concurrently enter into the Securities Purchase Agreement f",LOW,POSSIBLE_HIT
RHC-0132-ACQUIRED-TBIO,TBIO,Translate Bio,2021-08-03,2020-06-26,8-K,0001193125-20-180934,https://www.sec.gov/Archives/edgar/data/1693415/000119312520180934/0001193125-20-180934-index.htm,,,Primary and complete submission text fetched.,LOW,LIKELY_NO_HIT
RHC-0132-ACQUIRED-TBIO,TBIO,Translate Bio,2021-08-03,2020-07-20,8-K,0001193125-20-195485,https://www.sec.gov/Archives/edgar/data/1693415/000119312520195485/0001193125-20-195485-index.htm,,,Primary and complete submission text fetched.,LOW,LIKELY_NO_HIT
RHC-0132-ACQUIRED-TBIO,TBIO,Translate Bio,2021-08-03,2020-08-06,10-Q,0001193125-20-211886,https://www.sec.gov/Archives/edgar/data/1693415/000119312520211886/0001193125-20-211886-index.htm,,,Primary and complete submission text fetched.,LOW,LIKELY_NO_HIT
RHC-0132-ACQUIRED-TBIO,TBIO,Translate Bio,2021-08-03,2020-08-10,SC 13D/A,0001567619-20-014641,https://www.sec.gov/Archives/edgar/data/1693415/000156761920014641/0001567619-20-014641-index.htm,,,Primary and complete submission text fetched.,LOW,LIKELY_NO_HIT
RHC-0132-ACQUIRED-TBIO,TBIO,Translate Bio,2021-08-03,2020-08-25,8-K,0001193125-20-229383,https://www.sec.gov/Archives/edgar/data/1693415/000119312520229383/0001193125-20-229383-index.htm,,,Primary and complete submission text fetched.,LOW,LIKELY_NO_HIT
RHC-0132-ACQUIRED-TBIO,TBIO,Translate Bio,2021-08-03,2020-11-05,10-Q,0001193125-20-286833,https://www.sec.gov/Archives/edgar/data/1693415/000119312520286833/0001193125-20-286833-index.htm,,,Primary and complete submission text fetched.,LOW,LIKELY_NO_HIT
RHC-0132-ACQUIRED-TBIO,TBIO,Translate Bio,2021-08-03,2020-12-22,8-K,0001193125-20-324570,https://www.sec.gov/Archives/edgar/data/1693415/000119312520324570/0001193125-20-324570-index.htm,,,Primary and complete submission text fetched.,LOW,LIKELY_NO_HIT
RHC-0132-ACQUIRED-TBIO,TBIO,Translate Bio,2021-08-03,2020-12-28,8-K,0001193125-20-327660,https://www.sec.gov/Archives/edgar/data/1693415/000119312520327660/0001193125-20-327660-index.htm,,,Primary and complete submission text fetched.,LOW,LIKELY_NO_HIT
RHC-0132-ACQUIRED-TBIO,TBIO,Translate Bio,2021-08-03,2021-02-25,8-K,0001193125-21-056938,https://www.sec.gov/Archives/edgar/data/1693415/000119312521056938/0001193125-21-056938-index.htm,,,Primary and complete submission text fetched.,LOW,LIKELY_NO_HIT
RHC-0132-ACQUIRED-TBIO,TBIO,Translate Bio,2021-08-03,2021-03-01,10-K,0001193125-21-062223,https://www.sec.gov/Archives/edgar/data/1693415/000119312521062223/0001193125-21-062223-index.htm,,,Primary and complete submission text fetched.,LOW,LIKELY_NO_HIT
RHC-0132-ACQUIRED-TBIO,TBIO,Translate Bio,2021-08-03,2021-03-23,8-K,0001193125-21-091242,https://www.sec.gov/Archives/edgar/data/1693415/000119312521091242/0001193125-21-091242-index.htm,,,Primary and complete submission text fetched.,LOW,LIKELY_NO_HIT
RHC-0132-ACQUIRED-TBIO,TBIO,Translate Bio,2021-08-03,2021-04-19,DEF 14A,0001193125-21-121383,https://www.sec.gov/Archives/edgar/data/1693415/000119312521121383/0001193125-21-121383-index.htm,,,Primary and complete submission text fetched.,LOW,LIKELY_NO_HIT
RHC-0132-ACQUIRED-TBIO,TBIO,Translate Bio,2021-08-03,2021-04-20,8-K,0001193125-21-122898,https://www.sec.gov/Archives/edgar/data/1693415/000119312521122898/0001193125-21-122898-index.htm,,,Primary and complete submission text fetched.,LOW,LIKELY_NO_HIT
RHC-0132-ACQUIRED-TBIO,TBIO,Translate Bio,2021-08-03,2021-05-06,10-Q,0001193125-21-153243,https://www.sec.gov/Archives/edgar/data/1693415/000119312521153243/0001193125-21-153243-index.htm,,,Primary and complete submission text fetched.,LOW,LIKELY_NO_HIT
RHC-0132-ACQUIRED-TBIO,TBIO,Translate Bio,2021-08-03,2021-06-16,8-K,0001193125-21-192180,https://www.sec.gov/Archives/edgar/data/1693415/000119312521192180/0001193125-21-192180-index.htm,,,Primary and complete submission text fetched.,LOW,LIKELY_NO_HIT
RHC-0140-ACQUIRED-VSTM,VSTM,Verastem Oncology,2024-01-08,2022-08-08,10-Q,0001558370-22-012638,https://www.sec.gov/Archives/edgar/data/1526119/000155837022012638/0001558370-22-012638-index.htm,,,Primary and complete submission text fetched.,LOW,LIKELY_NO_HIT
RHC-0140-ACQUIRED-VSTM,VSTM,Verastem Oncology,2024-01-08,2022-08-08,8-K,0001558370-22-012520,https://www.sec.gov/Archives/edgar/data/1526119/000155837022012520/0001558370-22-012520-index.htm,,,Primary and complete submission text fetched.,LOW,LIKELY_NO_HIT
RHC-0140-ACQUIRED-VSTM,VSTM,Verastem Oncology,2024-01-08,2022-09-30,8-K,0001104659-22-104372,https://www.sec.gov/Archives/edgar/data/1526119/000110465922104372/0001104659-22-104372-index.htm,,,Primary and complete submission text fetched.,LOW,LIKELY_NO_HIT
RHC-0140-ACQUIRED-VSTM,VSTM,Verastem Oncology,2024-01-08,2022-10-04,8-K,0001558370-22-014823,https://www.sec.gov/Archives/edgar/data/1526119/000155837022014823/0001558370-22-014823-index.htm,,,Primary and complete submission text fetched.,LOW,LIKELY_NO_HIT
RHC-0140-ACQUIRED-VSTM,VSTM,Verastem Oncology,2024-01-08,2022-10-20,8-K,0001558370-22-015095,https://www.sec.gov/Archives/edgar/data/1526119/000155837022015095/0001558370-22-015095-index.htm,,,Primary and complete submission text fetched.,LOW,LIKELY_NO_HIT
RHC-0140-ACQUIRED-VSTM,VSTM,Verastem Oncology,2024-01-08,2022-11-03,10-Q,0001558370-22-016278,https://www.sec.gov/Archives/edgar/data/1526119/000155837022016278/0001558370-22-016278-index.htm,,,Primary and complete submission text fetched.,LOW,LIKELY_NO_HIT
RHC-0140-ACQUIRED-VSTM,VSTM,Verastem Oncology,2024-01-08,2022-11-07,8-K,0001104659-22-115103,https://www.sec.gov/Archives/edgar/data/1526119/000110465922115103/0001104659-22-115103-index.htm,rofr_rofn,right of first refusal,"and the Shares being exchanged by it pursuant to this Agreement are not subject to, any agreement, understanding or other arrangement (i) granting any option, warrant or right of first refusal with respect to such Shares to any person, (ii) restricting its right to surrender and exchange such Shares as contemplated by this Agreement, or (iii) restricting any other of its rights with respect to such Shares. (d",LOW,POSSIBLE_HIT
RHC-0140-ACQUIRED-VSTM,VSTM,Verastem Oncology,2024-01-08,2022-11-09,8-K,0001558370-22-017024,https://www.sec.gov/Archives/edgar/data/1526119/000155837022017024/0001558370-22-017024-index.htm,,,Primary and complete submission text fetched.,LOW,LIKELY_NO_HIT
RHC-0140-ACQUIRED-VSTM,VSTM,Verastem Oncology,2024-01-08,2022-12-15,8-K,0001558370-22-018730,https://www.sec.gov/Archives/edgar/data/1526119/000155837022018730/0001558370-22-018730-index.htm,,,Primary and complete submission text fetched.,LOW,LIKELY_NO_HIT
RHC-0140-ACQUIRED-VSTM,VSTM,Verastem Oncology,2024-01-08,2023-01-24,8-K,0001104659-23-006267,https://www.sec.gov/Archives/edgar/data/1526119/000110465923006267/0001104659-23-006267-index.htm,,,Primary and complete submission text fetched.,LOW,LIKELY_NO_HIT
RHC-0140-ACQUIRED-VSTM,VSTM,Verastem Oncology,2024-01-08,2023-01-25,8-K,0001104659-23-006382,https://www.sec.gov/Archives/edgar/data/1526119/000110465923006382/0001104659-23-006382-index.htm,,,Primary and complete submission text fetched.,LOW,LIKELY_NO_HIT
RHC-0140-ACQUIRED-VSTM,VSTM,Verastem Oncology,2024-01-08,2023-02-02,8-K,0001104659-23-009557,https://www.sec.gov/Archives/edgar/data/1526119/000110465923009557/0001104659-23-009557-index.htm,,,Primary and complete submission text fetched.,LOW,LIKELY_NO_HIT
RHC-0140-ACQUIRED-VSTM,VSTM,Verastem Oncology,2024-01-08,2023-03-13,8-K,0001104659-23-031411,https://www.sec.gov/Archives/edgar/data/1526119/000110465923031411/0001104659-23-031411-index.htm,,,Primary and complete submission text fetched.,LOW,LIKELY_NO_HIT
RHC-0140-ACQUIRED-VSTM,VSTM,Verastem Oncology,2024-01-08,2023-03-14,10-K,0001558370-23-003738,https://www.sec.gov/Archives/edgar/data/1526119/000155837023003738/0001558370-23-003738-index.htm,,,Primary and complete submission text fetched.,LOW,LIKELY_NO_HIT
RHC-0140-ACQUIRED-VSTM,VSTM,Verastem Oncology,2024-01-08,2023-03-27,8-K,0001104659-23-037143,https://www.sec.gov/Archives/edgar/data/1526119/000110465923037143/0001104659-23-037143-index.htm,,,Primary and complete submission text fetched.,LOW,LIKELY_NO_HIT
RHC-0140-ACQUIRED-VSTM,VSTM,Verastem Oncology,2024-01-08,2023-04-05,DEF 14A,0001558370-23-005490,https://www.sec.gov/Archives/edgar/data/1526119/000155837023005490/0001558370-23-005490-index.htm,,,Primary and complete submission text fetched.,LOW,LIKELY_NO_HIT
RHC-0140-ACQUIRED-VSTM,VSTM,Verastem Oncology,2024-01-08,2023-04-24,424B3,0001104659-23-048982,https://www.sec.gov/Archives/edgar/data/1526119/000110465923048982/0001104659-23-048982-index.htm,,,Primary and complete submission text fetched.,LOW,LIKELY_NO_HIT
RHC-0140-ACQUIRED-VSTM,VSTM,Verastem Oncology,2024-01-08,2023-05-09,10-Q,0001558370-23-008839,https://www.sec.gov/Archives/edgar/data/1526119/000155837023008839/0001558370-23-008839-index.htm,,,Primary and complete submission text fetched.,LOW,LIKELY_NO_HIT
RHC-0140-ACQUIRED-VSTM,VSTM,Verastem Oncology,2024-01-08,2023-05-16,8-K,0001558370-23-010004,https://www.sec.gov/Archives/edgar/data/1526119/000155837023010004/0001558370-23-010004-index.htm,,,Primary and complete submission text fetched.,LOW,LIKELY_NO_HIT
RHC-0140-ACQUIRED-VSTM,VSTM,Verastem Oncology,2024-01-08,2023-05-25,8-K,0001558370-23-010485,https://www.sec.gov/Archives/edgar/data/1526119/000155837023010485/0001558370-23-010485-index.htm,,,Primary and complete submission text fetched.,LOW,LIKELY_NO_HIT
RHC-0140-ACQUIRED-VSTM,VSTM,Verastem Oncology,2024-01-08,2023-05-31,8-K,0001104659-23-066363,https://www.sec.gov/Archives/edgar/data/1526119/000110465923066363/0001104659-23-066363-index.htm,,,Primary and complete submission text fetched.,LOW,LIKELY_NO_HIT
RHC-0140-ACQUIRED-VSTM,VSTM,Verastem Oncology,2024-01-08,2023-06-08,8-K,0001104659-23-069473,https://www.sec.gov/Archives/edgar/data/1526119/000110465923069473/0001104659-23-069473-index.htm,,,Primary and complete submission text fetched.,LOW,LIKELY_NO_HIT
RHC-0140-ACQUIRED-VSTM,VSTM,Verastem Oncology,2024-01-08,2023-06-21,8-K,0001104659-23-073116,https://www.sec.gov/Archives/edgar/data/1526119/000110465923073116/0001104659-23-073116-index.htm,sale_process,sale of the company,"securities of the Company, which is being made only by means of a written prospectus meeting the requirements of Section 10 of the Securities Act, nor shall there be any sale of the Company’s securities in any state or jurisdiction in which such offer, solicitation or sale would be unlawful prior to registration or qualification under the securities laws of such jurisdiction. Item 9.01. Financial Statement",LOW,POSSIBLE_HIT
RHC-0140-ACQUIRED-VSTM,VSTM,Verastem Oncology,2024-01-08,2023-07-12,8-K,0001104659-23-080188,https://www.sec.gov/Archives/edgar/data/1526119/000110465923080188/0001104659-23-080188-index.htm,,,Primary and complete submission text fetched.,LOW,LIKELY_NO_HIT
RHC-0140-ACQUIRED-VSTM,VSTM,Verastem Oncology,2024-01-08,2023-08-04,8-K,0001104659-23-087888,https://www.sec.gov/Archives/edgar/data/1526119/000110465923087888/0001104659-23-087888-index.htm,,,Primary and complete submission text fetched.,LOW,LIKELY_NO_HIT
RHC-0140-ACQUIRED-VSTM,VSTM,Verastem Oncology,2024-01-08,2023-08-08,10-Q,0001558370-23-013946,https://www.sec.gov/Archives/edgar/data/1526119/000155837023013946/0001558370-23-013946-index.htm,,,Primary and complete submission text fetched.,LOW,LIKELY_NO_HIT
RHC-0140-ACQUIRED-VSTM,VSTM,Verastem Oncology,2024-01-08,2023-09-12,8-K,0001558370-23-015656,https://www.sec.gov/Archives/edgar/data/1526119/000155837023015656/0001558370-23-015656-index.htm,,,Primary and complete submission text fetched.,LOW,LIKELY_NO_HIT
RHC-0140-ACQUIRED-VSTM,VSTM,Verastem Oncology,2024-01-08,2023-09-28,8-K,0001558370-23-016113,https://www.sec.gov/Archives/edgar/data/1526119/000155837023016113/0001558370-23-016113-index.htm,,,Primary and complete submission text fetched.,LOW,LIKELY_NO_HIT
RHC-0140-ACQUIRED-VSTM,VSTM,Verastem Oncology,2024-01-08,2023-10-27,8-K,0001104659-23-112203,https://www.sec.gov/Archives/edgar/data/1526119/000110465923112203/0001104659-23-112203-index.htm,,,Primary and complete submission text fetched.,LOW,LIKELY_NO_HIT
RHC-0140-ACQUIRED-VSTM,VSTM,Verastem Oncology,2024-01-08,2023-11-08,10-Q,0001558370-23-018281,https://www.sec.gov/Archives/edgar/data/1526119/000155837023018281/0001558370-23-018281-index.htm,,,Primary and complete submission text fetched.,LOW,LIKELY_NO_HIT
RHC-0140-ACQUIRED-VSTM,VSTM,Verastem Oncology,2024-01-08,2023-12-19,DEF 14A,0001104659-23-127307,https://www.sec.gov/Archives/edgar/data/1526119/000110465923127307/0001104659-23-127307-index.htm,,,Primary and complete submission text fetched.,LOW,LIKELY_NO_HIT
