case_id,ticker,company_name,announcement_date,filing_date,filing_type,accession_number,source_url,possible_signal_type,keyword_hits,excerpt_if_available,confidence,recommended_status
RHC-0051-ACQUIRED-EPZM,EPZM,Epizyme Inc.,2022-06-27,2021-02-23,10-K,0001564590-21-007292,https://www.sec.gov/Archives/edgar/data/1571498/000156459021007292/0001564590-21-007292-index.htm,,,Primary and complete submission text fetched.,LOW,LIKELY_NO_HIT
RHC-0051-ACQUIRED-EPZM,EPZM,Epizyme Inc.,2022-06-27,2021-02-23,8-K,0001193125-21-051450,https://www.sec.gov/Archives/edgar/data/1571498/000119312521051450/0001193125-21-051450-index.htm,,,Primary and complete submission text fetched.,LOW,LIKELY_NO_HIT
RHC-0051-ACQUIRED-EPZM,EPZM,Epizyme Inc.,2022-06-27,2021-04-29,DEF 14A,0001193125-21-138283,https://www.sec.gov/Archives/edgar/data/1571498/000119312521138283/0001193125-21-138283-index.htm,,,Primary and complete submission text fetched.,LOW,LIKELY_NO_HIT
RHC-0051-ACQUIRED-EPZM,EPZM,Epizyme Inc.,2022-06-27,2021-05-06,10-Q,0001564590-21-024499,https://www.sec.gov/Archives/edgar/data/1571498/000156459021024499/0001564590-21-024499-index.htm,,,Primary and complete submission text fetched.,LOW,LIKELY_NO_HIT
RHC-0051-ACQUIRED-EPZM,EPZM,Epizyme Inc.,2022-06-27,2021-05-06,8-K,0001193125-21-152435,https://www.sec.gov/Archives/edgar/data/1571498/000119312521152435/0001193125-21-152435-index.htm,,,Primary and complete submission text fetched.,LOW,LIKELY_NO_HIT
RHC-0051-ACQUIRED-EPZM,EPZM,Epizyme Inc.,2022-06-27,2021-06-16,8-K,0001193125-21-191633,https://www.sec.gov/Archives/edgar/data/1571498/000119312521191633/0001193125-21-191633-index.htm,,,Primary and complete submission text fetched.,LOW,LIKELY_NO_HIT
RHC-0051-ACQUIRED-EPZM,EPZM,Epizyme Inc.,2022-06-27,2021-06-28,8-K,0001193125-21-202180,https://www.sec.gov/Archives/edgar/data/1571498/000119312521202180/0001193125-21-202180-index.htm,,,Primary and complete submission text fetched.,LOW,LIKELY_NO_HIT
RHC-0051-ACQUIRED-EPZM,EPZM,Epizyme Inc.,2022-06-27,2021-08-09,10-Q,0001564590-21-042709,https://www.sec.gov/Archives/edgar/data/1571498/000156459021042709/0001564590-21-042709-index.htm,,,Primary and complete submission text fetched.,LOW,LIKELY_NO_HIT
RHC-0051-ACQUIRED-EPZM,EPZM,Epizyme Inc.,2022-06-27,2021-08-09,8-K,0001193125-21-239879,https://www.sec.gov/Archives/edgar/data/1571498/000119312521239879/0001193125-21-239879-index.htm,,,Primary and complete submission text fetched.,LOW,LIKELY_NO_HIT
RHC-0051-ACQUIRED-EPZM,EPZM,Epizyme Inc.,2022-06-27,2021-08-16,8-K,0001193125-21-247895,https://www.sec.gov/Archives/edgar/data/1571498/000119312521247895/0001193125-21-247895-index.htm,,,Primary and complete submission text fetched.,LOW,LIKELY_NO_HIT
RHC-0051-ACQUIRED-EPZM,EPZM,Epizyme Inc.,2022-06-27,2021-08-16,SC 13D,0001104659-21-105574,https://www.sec.gov/Archives/edgar/data/1571498/000110465921105574/0001104659-21-105574-index.htm,,,Primary and complete submission text fetched.,LOW,LIKELY_NO_HIT
RHC-0051-ACQUIRED-EPZM,EPZM,Epizyme Inc.,2022-06-27,2021-10-01,424B3,0001193125-21-289733,https://www.sec.gov/Archives/edgar/data/1571498/000119312521289733/0001193125-21-289733-index.htm,,,Primary and complete submission text fetched.,LOW,LIKELY_NO_HIT
RHC-0051-ACQUIRED-EPZM,EPZM,Epizyme Inc.,2022-06-27,2021-10-29,8-K,0001193125-21-312289,https://www.sec.gov/Archives/edgar/data/1571498/000119312521312289/0001193125-21-312289-index.htm,,,Primary and complete submission text fetched.,LOW,LIKELY_NO_HIT
RHC-0051-ACQUIRED-EPZM,EPZM,Epizyme Inc.,2022-06-27,2021-11-09,10-Q,0000950170-21-003566,https://www.sec.gov/Archives/edgar/data/1571498/000095017021003566/0000950170-21-003566-index.htm,,,Primary and complete submission text fetched.,LOW,LIKELY_NO_HIT
RHC-0051-ACQUIRED-EPZM,EPZM,Epizyme Inc.,2022-06-27,2021-11-09,8-K,0001193125-21-323694,https://www.sec.gov/Archives/edgar/data/1571498/000119312521323694/0001193125-21-323694-index.htm,,,Primary and complete submission text fetched.,LOW,LIKELY_NO_HIT
RHC-0051-ACQUIRED-EPZM,EPZM,Epizyme Inc.,2022-06-27,2021-11-18,8-K,0001193125-21-333141,https://www.sec.gov/Archives/edgar/data/1571498/000119312521333141/0001193125-21-333141-index.htm,,,Primary and complete submission text fetched.,LOW,LIKELY_NO_HIT
RHC-0051-ACQUIRED-EPZM,EPZM,Epizyme Inc.,2022-06-27,2021-12-22,8-K,0001193125-21-364952,https://www.sec.gov/Archives/edgar/data/1571498/000119312521364952/0001193125-21-364952-index.htm,,,Primary and complete submission text fetched.,LOW,LIKELY_NO_HIT
RHC-0051-ACQUIRED-EPZM,EPZM,Epizyme Inc.,2022-06-27,2022-01-10,8-K,0001193125-22-005035,https://www.sec.gov/Archives/edgar/data/1571498/000119312522005035/0001193125-22-005035-index.htm,,,Primary and complete submission text fetched.,LOW,LIKELY_NO_HIT
RHC-0051-ACQUIRED-EPZM,EPZM,Epizyme Inc.,2022-06-27,2022-01-27,8-K,0001193125-22-019951,https://www.sec.gov/Archives/edgar/data/1571498/000119312522019951/0001193125-22-019951-index.htm,,,Primary and complete submission text fetched.,LOW,LIKELY_NO_HIT
RHC-0051-ACQUIRED-EPZM,EPZM,Epizyme Inc.,2022-06-27,2022-02-01,SC 13D/A,0001193125-22-024653,https://www.sec.gov/Archives/edgar/data/1571498/000119312522024653/0001193125-22-024653-index.htm,,,Primary and complete submission text fetched.,LOW,LIKELY_NO_HIT
RHC-0051-ACQUIRED-EPZM,EPZM,Epizyme Inc.,2022-06-27,2022-02-07,SC 13D/A,0001104659-22-012194,https://www.sec.gov/Archives/edgar/data/1571498/000110465922012194/0001104659-22-012194-index.htm,,,Primary and complete submission text fetched.,LOW,LIKELY_NO_HIT
RHC-0051-ACQUIRED-EPZM,EPZM,Epizyme Inc.,2022-06-27,2022-03-01,10-K,0000950170-22-002552,https://www.sec.gov/Archives/edgar/data/1571498/000095017022002552/0000950170-22-002552-index.htm,,,Primary and complete submission text fetched.,LOW,LIKELY_NO_HIT
RHC-0051-ACQUIRED-EPZM,EPZM,Epizyme Inc.,2022-06-27,2022-03-01,8-K,0001193125-22-059832,https://www.sec.gov/Archives/edgar/data/1571498/000119312522059832/0001193125-22-059832-index.htm,,,Primary and complete submission text fetched.,LOW,LIKELY_NO_HIT
RHC-0051-ACQUIRED-EPZM,EPZM,Epizyme Inc.,2022-06-27,2022-03-15,8-K,0001193125-22-075345,https://www.sec.gov/Archives/edgar/data/1571498/000119312522075345/0001193125-22-075345-index.htm,,,Primary and complete submission text fetched.,LOW,LIKELY_NO_HIT
RHC-0051-ACQUIRED-EPZM,EPZM,Epizyme Inc.,2022-06-27,2022-03-30,DEF 14A,0001193125-22-088679,https://www.sec.gov/Archives/edgar/data/1571498/000119312522088679/0001193125-22-088679-index.htm,,,Primary and complete submission text fetched.,LOW,LIKELY_NO_HIT
RHC-0051-ACQUIRED-EPZM,EPZM,Epizyme Inc.,2022-06-27,2022-04-06,8-K,0001193125-22-097628,https://www.sec.gov/Archives/edgar/data/1571498/000119312522097628/0001193125-22-097628-index.htm,,,Primary and complete submission text fetched.,LOW,LIKELY_NO_HIT
RHC-0051-ACQUIRED-EPZM,EPZM,Epizyme Inc.,2022-06-27,2022-05-10,10-Q,0000950170-22-008721,https://www.sec.gov/Archives/edgar/data/1571498/000095017022008721/0000950170-22-008721-index.htm,rofr_rofn,right of first negotiation,"etaining development and commercialization rights in Japan, as well as a right to elect to manufacture tazemetostat and any other EZH2 product candidates in Japan, and a right of first negotiation for the rest of Asia. Eisai waived its right of first negotiation for the rest of Asia in 2018. 21 In March 2021, the Company and Eisai entered into a supply agreement providing for the manufacture and supply to Eisai o",LOW,POSSIBLE_HIT
RHC-0051-ACQUIRED-EPZM,EPZM,Epizyme Inc.,2022-06-27,2022-05-10,8-K,0001193125-22-145663,https://www.sec.gov/Archives/edgar/data/1571498/000119312522145663/0001193125-22-145663-index.htm,,,Primary and complete submission text fetched.,LOW,LIKELY_NO_HIT
RHC-0051-ACQUIRED-EPZM,EPZM,Epizyme Inc.,2022-06-27,2022-05-19,8-K,0001193125-22-154514,https://www.sec.gov/Archives/edgar/data/1571498/000119312522154514/0001193125-22-154514-index.htm,,,Primary and complete submission text fetched.,LOW,LIKELY_NO_HIT
RHC-0051-ACQUIRED-EPZM,EPZM,Epizyme Inc.,2022-06-27,2022-05-24,8-K,0001193125-22-158591,https://www.sec.gov/Archives/edgar/data/1571498/000119312522158591/0001193125-22-158591-index.htm,,,Primary and complete submission text fetched.,LOW,LIKELY_NO_HIT
RHC-0052-ACQUIRED-FMTX,FMTX,Forma Therapeutics Holdings Inc.,2022-09-01,2021-03-24,8-K,0001193125-21-092666,https://www.sec.gov/Archives/edgar/data/1538927/000119312521092666/0001193125-21-092666-index.htm,,,Primary and complete submission text fetched.,LOW,LIKELY_NO_HIT
RHC-0052-ACQUIRED-FMTX,FMTX,Forma Therapeutics Holdings Inc.,2022-09-01,2021-03-30,10-K,0001564590-21-016642,https://www.sec.gov/Archives/edgar/data/1538927/000156459021016642/0001564590-21-016642-index.htm,,,Primary and complete submission text fetched.,LOW,LIKELY_NO_HIT
RHC-0052-ACQUIRED-FMTX,FMTX,Forma Therapeutics Holdings Inc.,2022-09-01,2021-03-30,8-K,0001564590-21-016320,https://www.sec.gov/Archives/edgar/data/1538927/000156459021016320/0001564590-21-016320-index.htm,,,Primary and complete submission text fetched.,LOW,LIKELY_NO_HIT
RHC-0052-ACQUIRED-FMTX,FMTX,Forma Therapeutics Holdings Inc.,2022-09-01,2021-04-21,DEF 14A,0001193125-21-124838,https://www.sec.gov/Archives/edgar/data/1538927/000119312521124838/0001193125-21-124838-index.htm,sale_process,sale of the company,"llments thereafter, subject to such director’s continued service to us through the applicable vesting dates. Such awards are subject to full accelerated vesting upon the sale of the Company, subject to such director’s continued service to us through the date of such sale. Employee directors will receive no additional compensation for their service as a director. We will reimburse all reasonable out-of-pock",LOW,POSSIBLE_HIT
RHC-0052-ACQUIRED-FMTX,FMTX,Forma Therapeutics Holdings Inc.,2022-09-01,2021-05-14,10-Q,0001564590-21-028009,https://www.sec.gov/Archives/edgar/data/1538927/000156459021028009/0001564590-21-028009-index.htm,sale_process,sale of the company,", the Company used a probability-weighted expected returns method (“PWERM”) with four scenarios to value the common stock underlying the awards: an IPO, a delayed IPO, a sale of the Company and a remain private scenario. In the IPO and sale scenarios, the Company estimated an equity value based on the guideline public company method under a market approach. The guideline public companies consisted of bioph",LOW,POSSIBLE_HIT
RHC-0052-ACQUIRED-FMTX,FMTX,Forma Therapeutics Holdings Inc.,2022-09-01,2021-05-14,8-K,0001564590-21-027806,https://www.sec.gov/Archives/edgar/data/1538927/000156459021027806/0001564590-21-027806-index.htm,,,Primary and complete submission text fetched.,LOW,LIKELY_NO_HIT
RHC-0052-ACQUIRED-FMTX,FMTX,Forma Therapeutics Holdings Inc.,2022-09-01,2021-06-11,8-K,0001193125-21-188257,https://www.sec.gov/Archives/edgar/data/1538927/000119312521188257/0001193125-21-188257-index.htm,,,Primary and complete submission text fetched.,LOW,LIKELY_NO_HIT
RHC-0052-ACQUIRED-FMTX,FMTX,Forma Therapeutics Holdings Inc.,2022-09-01,2021-06-14,8-K,0001193125-21-189498,https://www.sec.gov/Archives/edgar/data/1538927/000119312521189498/0001193125-21-189498-index.htm,,,Primary and complete submission text fetched.,LOW,LIKELY_NO_HIT
RHC-0052-ACQUIRED-FMTX,FMTX,Forma Therapeutics Holdings Inc.,2022-09-01,2021-06-21,8-K,0001193125-21-195229,https://www.sec.gov/Archives/edgar/data/1538927/000119312521195229/0001193125-21-195229-index.htm,,,Primary and complete submission text fetched.,LOW,LIKELY_NO_HIT
RHC-0052-ACQUIRED-FMTX,FMTX,Forma Therapeutics Holdings Inc.,2022-09-01,2021-08-13,10-Q,0001564590-21-044302,https://www.sec.gov/Archives/edgar/data/1538927/000156459021044302/0001564590-21-044302-index.htm,sale_process,sale of the company,", the Company used a probability-weighted expected returns method (“PWERM”) with four scenarios to value the common stock underlying the awards: an IPO, a delayed IPO, a sale of the Company and a remain private scenario. In the IPO and sale scenarios, the Company estimated an equity value based on the guideline public company method under a market approach. The guideline public companies consisted of bioph",LOW,POSSIBLE_HIT
RHC-0052-ACQUIRED-FMTX,FMTX,Forma Therapeutics Holdings Inc.,2022-09-01,2021-08-13,8-K,0001564590-21-044161,https://www.sec.gov/Archives/edgar/data/1538927/000156459021044161/0001564590-21-044161-index.htm,,,Primary and complete submission text fetched.,LOW,LIKELY_NO_HIT
RHC-0052-ACQUIRED-FMTX,FMTX,Forma Therapeutics Holdings Inc.,2022-09-01,2021-10-07,8-K,0001193125-21-293715,https://www.sec.gov/Archives/edgar/data/1538927/000119312521293715/0001193125-21-293715-index.htm,,,Primary and complete submission text fetched.,LOW,LIKELY_NO_HIT
RHC-0052-ACQUIRED-FMTX,FMTX,Forma Therapeutics Holdings Inc.,2022-09-01,2021-10-28,SC 13D/A,0001104659-21-131085,https://www.sec.gov/Archives/edgar/data/1538927/000110465921131085/0001104659-21-131085-index.htm,,,Primary and complete submission text fetched.,LOW,LIKELY_NO_HIT
RHC-0052-ACQUIRED-FMTX,FMTX,Forma Therapeutics Holdings Inc.,2022-09-01,2021-11-12,10-Q,0000950170-21-004376,https://www.sec.gov/Archives/edgar/data/1538927/000095017021004376/0000950170-21-004376-index.htm,sale_process,sale of the company,", the Company used a probability-weighted expected returns method (“PWERM”) with four scenarios to value the common stock underlying the awards: an IPO, a delayed IPO, a sale of the Company and a remain private scenario. In the IPO and sale scenarios, the Company estimated an equity value based on the guideline public company method under a market approach. The guideline public companies consisted of bioph",LOW,POSSIBLE_HIT
RHC-0052-ACQUIRED-FMTX,FMTX,Forma Therapeutics Holdings Inc.,2022-09-01,2021-11-12,8-K,0000950170-21-004239,https://www.sec.gov/Archives/edgar/data/1538927/000095017021004239/0000950170-21-004239-index.htm,,,Primary and complete submission text fetched.,LOW,LIKELY_NO_HIT
RHC-0052-ACQUIRED-FMTX,FMTX,Forma Therapeutics Holdings Inc.,2022-09-01,2021-12-13,8-K,0001193125-21-354602,https://www.sec.gov/Archives/edgar/data/1538927/000119312521354602/0001193125-21-354602-index.htm,,,Primary and complete submission text fetched.,LOW,LIKELY_NO_HIT
RHC-0052-ACQUIRED-FMTX,FMTX,Forma Therapeutics Holdings Inc.,2022-09-01,2021-12-16,8-K,0001193125-21-358543,https://www.sec.gov/Archives/edgar/data/1538927/000119312521358543/0001193125-21-358543-index.htm,,,Primary and complete submission text fetched.,LOW,LIKELY_NO_HIT
RHC-0052-ACQUIRED-FMTX,FMTX,Forma Therapeutics Holdings Inc.,2022-09-01,2022-01-13,8-K,0001193125-22-008160,https://www.sec.gov/Archives/edgar/data/1538927/000119312522008160/0001193125-22-008160-index.htm,,,Primary and complete submission text fetched.,LOW,LIKELY_NO_HIT
RHC-0052-ACQUIRED-FMTX,FMTX,Forma Therapeutics Holdings Inc.,2022-09-01,2022-03-01,10-K,0000950170-22-002527,https://www.sec.gov/Archives/edgar/data/1538927/000095017022002527/0000950170-22-002527-index.htm,,,Primary and complete submission text fetched.,LOW,LIKELY_NO_HIT
RHC-0052-ACQUIRED-FMTX,FMTX,Forma Therapeutics Holdings Inc.,2022-09-01,2022-03-01,8-K,0000950170-22-002416,https://www.sec.gov/Archives/edgar/data/1538927/000095017022002416/0000950170-22-002416-index.htm,,,Primary and complete submission text fetched.,LOW,LIKELY_NO_HIT
RHC-0052-ACQUIRED-FMTX,FMTX,Forma Therapeutics Holdings Inc.,2022-09-01,2022-04-27,DEF 14A,0001193125-22-123562,https://www.sec.gov/Archives/edgar/data/1538927/000119312522123562/0001193125-22-123562-index.htm,,,Primary and complete submission text fetched.,LOW,LIKELY_NO_HIT
RHC-0052-ACQUIRED-FMTX,FMTX,Forma Therapeutics Holdings Inc.,2022-09-01,2022-05-06,10-Q,0000950170-22-008130,https://www.sec.gov/Archives/edgar/data/1538927/000095017022008130/0000950170-22-008130-index.htm,,,Primary and complete submission text fetched.,LOW,LIKELY_NO_HIT
RHC-0052-ACQUIRED-FMTX,FMTX,Forma Therapeutics Holdings Inc.,2022-09-01,2022-05-06,8-K,0000950170-22-007991,https://www.sec.gov/Archives/edgar/data/1538927/000095017022007991/0000950170-22-007991-index.htm,,,Primary and complete submission text fetched.,LOW,LIKELY_NO_HIT
RHC-0052-ACQUIRED-FMTX,FMTX,Forma Therapeutics Holdings Inc.,2022-09-01,2022-05-26,8-K,0001193125-22-160306,https://www.sec.gov/Archives/edgar/data/1538927/000119312522160306/0001193125-22-160306-index.htm,,,Primary and complete submission text fetched.,LOW,LIKELY_NO_HIT
RHC-0052-ACQUIRED-FMTX,FMTX,Forma Therapeutics Holdings Inc.,2022-09-01,2022-06-09,8-K,0001193125-22-171037,https://www.sec.gov/Archives/edgar/data/1538927/000119312522171037/0001193125-22-171037-index.htm,,,Primary and complete submission text fetched.,LOW,LIKELY_NO_HIT
RHC-0052-ACQUIRED-FMTX,FMTX,Forma Therapeutics Holdings Inc.,2022-09-01,2022-07-25,8-K,0001193125-22-200896,https://www.sec.gov/Archives/edgar/data/1538927/000119312522200896/0001193125-22-200896-index.htm,,,Primary and complete submission text fetched.,LOW,LIKELY_NO_HIT
RHC-0052-ACQUIRED-FMTX,FMTX,Forma Therapeutics Holdings Inc.,2022-09-01,2022-08-05,10-Q,0000950170-22-015118,https://www.sec.gov/Archives/edgar/data/1538927/000095017022015118/0000950170-22-015118-index.htm,,,Primary and complete submission text fetched.,LOW,LIKELY_NO_HIT
RHC-0052-ACQUIRED-FMTX,FMTX,Forma Therapeutics Holdings Inc.,2022-09-01,2022-08-05,8-K,0000950170-22-014950,https://www.sec.gov/Archives/edgar/data/1538927/000095017022014950/0000950170-22-014950-index.htm,,,Primary and complete submission text fetched.,LOW,LIKELY_NO_HIT
RHC-0053-ACQUIRED-GBT,GBT,Global Blood Therapeutics Inc.,2022-08-08,2021-02-24,10-K,0001193125-21-054629,https://www.sec.gov/Archives/edgar/data/1629137/000119312521054629/0001193125-21-054629-index.htm,,,Primary and complete submission text fetched.,LOW,LIKELY_NO_HIT
RHC-0053-ACQUIRED-GBT,GBT,Global Blood Therapeutics Inc.,2022-08-08,2021-02-24,8-K,0001171843-21-001273,https://www.sec.gov/Archives/edgar/data/1629137/000117184321001273/0001171843-21-001273-index.htm,,,Primary and complete submission text fetched.,LOW,LIKELY_NO_HIT
RHC-0053-ACQUIRED-GBT,GBT,Global Blood Therapeutics Inc.,2022-08-08,2021-03-16,8-K,0001171843-21-001809,https://www.sec.gov/Archives/edgar/data/1629137/000117184321001809/0001171843-21-001809-index.htm,,,Primary and complete submission text fetched.,LOW,LIKELY_NO_HIT
RHC-0053-ACQUIRED-GBT,GBT,Global Blood Therapeutics Inc.,2022-08-08,2021-03-18,8-K,0001171843-21-001883,https://www.sec.gov/Archives/edgar/data/1629137/000117184321001883/0001171843-21-001883-index.htm,,,Primary and complete submission text fetched.,LOW,LIKELY_NO_HIT
RHC-0053-ACQUIRED-GBT,GBT,Global Blood Therapeutics Inc.,2022-08-08,2021-04-28,DEF 14A,0001193125-21-136815,https://www.sec.gov/Archives/edgar/data/1629137/000119312521136815/0001193125-21-136815-index.htm,,,Primary and complete submission text fetched.,LOW,LIKELY_NO_HIT
RHC-0053-ACQUIRED-GBT,GBT,Global Blood Therapeutics Inc.,2022-08-08,2021-05-05,10-Q,0001193125-21-151732,https://www.sec.gov/Archives/edgar/data/1629137/000119312521151732/0001193125-21-151732-index.htm,,,Primary and complete submission text fetched.,LOW,LIKELY_NO_HIT
RHC-0053-ACQUIRED-GBT,GBT,Global Blood Therapeutics Inc.,2022-08-08,2021-05-05,8-K,0001171843-21-003166,https://www.sec.gov/Archives/edgar/data/1629137/000117184321003166/0001171843-21-003166-index.htm,,,Primary and complete submission text fetched.,LOW,LIKELY_NO_HIT
RHC-0053-ACQUIRED-GBT,GBT,Global Blood Therapeutics Inc.,2022-08-08,2021-05-12,8-K,0001171843-21-003417,https://www.sec.gov/Archives/edgar/data/1629137/000117184321003417/0001171843-21-003417-index.htm,,,Primary and complete submission text fetched.,LOW,LIKELY_NO_HIT
RHC-0053-ACQUIRED-GBT,GBT,Global Blood Therapeutics Inc.,2022-08-08,2021-06-11,8-K,0001171843-21-004277,https://www.sec.gov/Archives/edgar/data/1629137/000117184321004277/0001171843-21-004277-index.htm,,,Primary and complete submission text fetched.,LOW,LIKELY_NO_HIT
RHC-0053-ACQUIRED-GBT,GBT,Global Blood Therapeutics Inc.,2022-08-08,2021-06-14,8-K,0001171843-21-004301,https://www.sec.gov/Archives/edgar/data/1629137/000117184321004301/0001171843-21-004301-index.htm,,,Primary and complete submission text fetched.,LOW,LIKELY_NO_HIT
RHC-0053-ACQUIRED-GBT,GBT,Global Blood Therapeutics Inc.,2022-08-08,2021-06-17,8-K,0001171843-21-004400,https://www.sec.gov/Archives/edgar/data/1629137/000117184321004400/0001171843-21-004400-index.htm,,,Primary and complete submission text fetched.,LOW,LIKELY_NO_HIT
RHC-0053-ACQUIRED-GBT,GBT,Global Blood Therapeutics Inc.,2022-08-08,2021-07-22,8-K,0001171843-21-004997,https://www.sec.gov/Archives/edgar/data/1629137/000117184321004997/0001171843-21-004997-index.htm,,,Primary and complete submission text fetched.,LOW,LIKELY_NO_HIT
RHC-0053-ACQUIRED-GBT,GBT,Global Blood Therapeutics Inc.,2022-08-08,2021-08-03,10-Q,0001193125-21-234940,https://www.sec.gov/Archives/edgar/data/1629137/000119312521234940/0001193125-21-234940-index.htm,,,Primary and complete submission text fetched.,LOW,LIKELY_NO_HIT
RHC-0053-ACQUIRED-GBT,GBT,Global Blood Therapeutics Inc.,2022-08-08,2021-08-03,8-K,0001171843-21-005436,https://www.sec.gov/Archives/edgar/data/1629137/000117184321005436/0001171843-21-005436-index.htm,,,Primary and complete submission text fetched.,LOW,LIKELY_NO_HIT
RHC-0053-ACQUIRED-GBT,GBT,Global Blood Therapeutics Inc.,2022-08-08,2021-09-07,8-K,0001171843-21-006335,https://www.sec.gov/Archives/edgar/data/1629137/000117184321006335/0001171843-21-006335-index.htm,,,Primary and complete submission text fetched.,LOW,LIKELY_NO_HIT
RHC-0053-ACQUIRED-GBT,GBT,Global Blood Therapeutics Inc.,2022-08-08,2021-11-04,10-Q,0000950170-21-003097,https://www.sec.gov/Archives/edgar/data/1629137/000095017021003097/0000950170-21-003097-index.htm,,,Primary and complete submission text fetched.,LOW,LIKELY_NO_HIT
RHC-0053-ACQUIRED-GBT,GBT,Global Blood Therapeutics Inc.,2022-08-08,2021-11-04,8-K,0001171843-21-007520,https://www.sec.gov/Archives/edgar/data/1629137/000117184321007520/0001171843-21-007520-index.htm,,,Primary and complete submission text fetched.,LOW,LIKELY_NO_HIT
RHC-0053-ACQUIRED-GBT,GBT,Global Blood Therapeutics Inc.,2022-08-08,2021-11-04,8-K,0001171843-21-007562,https://www.sec.gov/Archives/edgar/data/1629137/000117184321007562/0001171843-21-007562-index.htm,,,Primary and complete submission text fetched.,LOW,LIKELY_NO_HIT
RHC-0053-ACQUIRED-GBT,GBT,Global Blood Therapeutics Inc.,2022-08-08,2021-12-13,8-K,0001171843-21-008476,https://www.sec.gov/Archives/edgar/data/1629137/000117184321008476/0001171843-21-008476-index.htm,,,Primary and complete submission text fetched.,LOW,LIKELY_NO_HIT
RHC-0053-ACQUIRED-GBT,GBT,Global Blood Therapeutics Inc.,2022-08-08,2021-12-13,8-K,0001193125-21-355137,https://www.sec.gov/Archives/edgar/data/1629137/000119312521355137/0001193125-21-355137-index.htm,,,Primary and complete submission text fetched.,LOW,LIKELY_NO_HIT
RHC-0053-ACQUIRED-GBT,GBT,Global Blood Therapeutics Inc.,2022-08-08,2021-12-14,8-K,0001193125-21-356184,https://www.sec.gov/Archives/edgar/data/1629137/000119312521356184/0001193125-21-356184-index.htm,,,Primary and complete submission text fetched.,LOW,LIKELY_NO_HIT
RHC-0053-ACQUIRED-GBT,GBT,Global Blood Therapeutics Inc.,2022-08-08,2021-12-15,8-K,0001193125-21-357947,https://www.sec.gov/Archives/edgar/data/1629137/000119312521357947/0001193125-21-357947-index.htm,,,Primary and complete submission text fetched.,LOW,LIKELY_NO_HIT
RHC-0053-ACQUIRED-GBT,GBT,Global Blood Therapeutics Inc.,2022-08-08,2021-12-17,8-K,0001171843-21-008594,https://www.sec.gov/Archives/edgar/data/1629137/000117184321008594/0001171843-21-008594-index.htm,,,Primary and complete submission text fetched.,LOW,LIKELY_NO_HIT
RHC-0053-ACQUIRED-GBT,GBT,Global Blood Therapeutics Inc.,2022-08-08,2021-12-17,8-K,0001171843-21-008600,https://www.sec.gov/Archives/edgar/data/1629137/000117184321008600/0001171843-21-008600-index.htm,,,Primary and complete submission text fetched.,LOW,LIKELY_NO_HIT
RHC-0053-ACQUIRED-GBT,GBT,Global Blood Therapeutics Inc.,2022-08-08,2021-12-17,8-K,0001193125-21-361305,https://www.sec.gov/Archives/edgar/data/1629137/000119312521361305/0001193125-21-361305-index.htm,,,Primary and complete submission text fetched.,LOW,LIKELY_NO_HIT
RHC-0053-ACQUIRED-GBT,GBT,Global Blood Therapeutics Inc.,2022-08-08,2022-01-10,8-K,0001171843-22-000175,https://www.sec.gov/Archives/edgar/data/1629137/000117184322000175/0001171843-22-000175-index.htm,,,Primary and complete submission text fetched.,LOW,LIKELY_NO_HIT
RHC-0053-ACQUIRED-GBT,GBT,Global Blood Therapeutics Inc.,2022-08-08,2022-01-27,8-K,0001171843-22-000544,https://www.sec.gov/Archives/edgar/data/1629137/000117184322000544/0001171843-22-000544-index.htm,,,Primary and complete submission text fetched.,LOW,LIKELY_NO_HIT
RHC-0053-ACQUIRED-GBT,GBT,Global Blood Therapeutics Inc.,2022-08-08,2022-02-16,8-K,0001171843-22-001064,https://www.sec.gov/Archives/edgar/data/1629137/000117184322001064/0001171843-22-001064-index.htm,,,Primary and complete submission text fetched.,LOW,LIKELY_NO_HIT
RHC-0053-ACQUIRED-GBT,GBT,Global Blood Therapeutics Inc.,2022-08-08,2022-02-23,10-K,0000950170-22-001781,https://www.sec.gov/Archives/edgar/data/1629137/000095017022001781/0000950170-22-001781-index.htm,,,Primary and complete submission text fetched.,LOW,LIKELY_NO_HIT
RHC-0053-ACQUIRED-GBT,GBT,Global Blood Therapeutics Inc.,2022-08-08,2022-02-23,8-K,0001171843-22-001284,https://www.sec.gov/Archives/edgar/data/1629137/000117184322001284/0001171843-22-001284-index.htm,,,Primary and complete submission text fetched.,LOW,LIKELY_NO_HIT
RHC-0053-ACQUIRED-GBT,GBT,Global Blood Therapeutics Inc.,2022-08-08,2022-03-25,8-K,0001193125-22-085127,https://www.sec.gov/Archives/edgar/data/1629137/000119312522085127/0001193125-22-085127-index.htm,,,Primary and complete submission text fetched.,LOW,LIKELY_NO_HIT
RHC-0053-ACQUIRED-GBT,GBT,Global Blood Therapeutics Inc.,2022-08-08,2022-04-28,DEF 14A,0001193125-22-127501,https://www.sec.gov/Archives/edgar/data/1629137/000119312522127501/0001193125-22-127501-index.htm,,,Primary and complete submission text fetched.,LOW,LIKELY_NO_HIT
RHC-0053-ACQUIRED-GBT,GBT,Global Blood Therapeutics Inc.,2022-08-08,2022-05-04,10-Q,0000950170-22-007395,https://www.sec.gov/Archives/edgar/data/1629137/000095017022007395/0000950170-22-007395-index.htm,,,Primary and complete submission text fetched.,LOW,LIKELY_NO_HIT
RHC-0053-ACQUIRED-GBT,GBT,Global Blood Therapeutics Inc.,2022-08-08,2022-05-04,8-K,0001171843-22-003218,https://www.sec.gov/Archives/edgar/data/1629137/000117184322003218/0001171843-22-003218-index.htm,rofr_rofn,rofr,"*O$48B1U%RI! B\#M0-C$#1O Q+FI9]@0;6>F,Q M+5)2:(CB !U !8+:'4:DN^R,R,%'BX+YB%W2+)A(3NF""&[G-&A,%1H254R>9 MIFH6HP#!E#OOQA>[L""WA A2QU.%BXTHTOIIUJNBE!=80H""%U;LMZ828Q.(A( MRPC,(ROFR*DX3\,%S1(H #HC]'/!;2769Y]):,EHO[:L3!S!$T!=Y.4@=D'4 M2\_H /M%G C;:]+K2/@A!%( =@!4I/*&:Z_U%G,!&PC[7 M^0N1+>;J]0MT;B\8GE=L#"":1D$UKLTA5A/X6628.8>F@LQ6QH?PKIS@H970+ MT52&'L3M.:U6BR)#EV/!JOXNCUH*X 6FWR; L@CCE!J;AB)$&5E.+8'#BN",LOW,POSSIBLE_HIT
RHC-0053-ACQUIRED-GBT,GBT,Global Blood Therapeutics Inc.,2022-08-08,2022-05-12,8-K,0001171843-22-003619,https://www.sec.gov/Archives/edgar/data/1629137/000117184322003619/0001171843-22-003619-index.htm,,,Primary and complete submission text fetched.,LOW,LIKELY_NO_HIT
RHC-0053-ACQUIRED-GBT,GBT,Global Blood Therapeutics Inc.,2022-08-08,2022-06-06,8-K,0001171843-22-004158,https://www.sec.gov/Archives/edgar/data/1629137/000117184322004158/0001171843-22-004158-index.htm,,,Primary and complete submission text fetched.,LOW,LIKELY_NO_HIT
RHC-0053-ACQUIRED-GBT,GBT,Global Blood Therapeutics Inc.,2022-08-08,2022-06-10,8-K,0001171843-22-004285,https://www.sec.gov/Archives/edgar/data/1629137/000117184322004285/0001171843-22-004285-index.htm,,,Primary and complete submission text fetched.,LOW,LIKELY_NO_HIT
RHC-0053-ACQUIRED-GBT,GBT,Global Blood Therapeutics Inc.,2022-08-08,2022-06-13,8-K,0001171843-22-004316,https://www.sec.gov/Archives/edgar/data/1629137/000117184322004316/0001171843-22-004316-index.htm,,,Primary and complete submission text fetched.,LOW,LIKELY_NO_HIT
RHC-0053-ACQUIRED-GBT,GBT,Global Blood Therapeutics Inc.,2022-08-08,2022-06-15,8-K,0001193125-22-174742,https://www.sec.gov/Archives/edgar/data/1629137/000119312522174742/0001193125-22-174742-index.htm,,,Primary and complete submission text fetched.,LOW,LIKELY_NO_HIT
RHC-0053-ACQUIRED-GBT,GBT,Global Blood Therapeutics Inc.,2022-08-08,2022-06-29,8-K,0001171843-22-004591,https://www.sec.gov/Archives/edgar/data/1629137/000117184322004591/0001171843-22-004591-index.htm,,,Primary and complete submission text fetched.,LOW,LIKELY_NO_HIT
RHC-0053-ACQUIRED-GBT,GBT,Global Blood Therapeutics Inc.,2022-08-08,2022-07-14,8-K,0001171843-22-004853,https://www.sec.gov/Archives/edgar/data/1629137/000117184322004853/0001171843-22-004853-index.htm,,,Primary and complete submission text fetched.,LOW,LIKELY_NO_HIT
RHC-0053-ACQUIRED-GBT,GBT,Global Blood Therapeutics Inc.,2022-08-08,2022-07-26,8-K,0001171843-22-004988,https://www.sec.gov/Archives/edgar/data/1629137/000117184322004988/0001171843-22-004988-index.htm,,,Primary and complete submission text fetched.,LOW,LIKELY_NO_HIT
RHC-0054-ACQUIRED-IMGO,IMGO,Imago BioSciences Inc.,2022-11-21,2021-07-20,8-K,0001193125-21-219763,https://www.sec.gov/Archives/edgar/data/1623715/000119312521219763/0001193125-21-219763-index.htm,,,Primary and complete submission text fetched.,LOW,LIKELY_NO_HIT
RHC-0054-ACQUIRED-IMGO,IMGO,Imago BioSciences Inc.,2022-11-21,2021-07-21,SC 13D,0001193125-21-220705,https://www.sec.gov/Archives/edgar/data/1623715/000119312521220705/0001193125-21-220705-index.htm,,,Primary and complete submission text fetched.,LOW,LIKELY_NO_HIT
RHC-0054-ACQUIRED-IMGO,IMGO,Imago BioSciences Inc.,2022-11-21,2021-07-26,8-K,0001193125-21-224417,https://www.sec.gov/Archives/edgar/data/1623715/000119312521224417/0001193125-21-224417-index.htm,,,Primary and complete submission text fetched.,LOW,LIKELY_NO_HIT
RHC-0054-ACQUIRED-IMGO,IMGO,Imago BioSciences Inc.,2022-11-21,2021-07-30,SC 13D,0001193125-21-231566,https://www.sec.gov/Archives/edgar/data/1623715/000119312521231566/0001193125-21-231566-index.htm,strategic_alternatives,strategic alternatives,"on, including, without limitation, engaging advisors, including legal, financial, regulatory, technical and/or industry advisors, to assist in any review, and evaluating strategic alternatives as they may become available. Such discussions and other actions may relate to various alternative courses of action, including, without limitation, those related to an extraordinary corporate transaction (including, bu",LOW,POSSIBLE_HIT
RHC-0054-ACQUIRED-IMGO,IMGO,Imago BioSciences Inc.,2022-11-21,2021-08-19,10-Q,0000950170-21-001529,https://www.sec.gov/Archives/edgar/data/1623715/000095017021001529/0000950170-21-001529-index.htm,,,Primary and complete submission text fetched.,LOW,LIKELY_NO_HIT
RHC-0054-ACQUIRED-IMGO,IMGO,Imago BioSciences Inc.,2022-11-21,2021-08-19,8-K,0001193125-21-251500,https://www.sec.gov/Archives/edgar/data/1623715/000119312521251500/0001193125-21-251500-index.htm,,,Primary and complete submission text fetched.,LOW,LIKELY_NO_HIT
RHC-0054-ACQUIRED-IMGO,IMGO,Imago BioSciences Inc.,2022-11-21,2021-09-30,8-K,0001193125-21-288059,https://www.sec.gov/Archives/edgar/data/1623715/000119312521288059/0001193125-21-288059-index.htm,,,Primary and complete submission text fetched.,LOW,LIKELY_NO_HIT
RHC-0054-ACQUIRED-IMGO,IMGO,Imago BioSciences Inc.,2022-11-21,2021-11-10,10-Q,0000950170-21-004137,https://www.sec.gov/Archives/edgar/data/1623715/000095017021004137/0000950170-21-004137-index.htm,,,Primary and complete submission text fetched.,LOW,LIKELY_NO_HIT
RHC-0054-ACQUIRED-IMGO,IMGO,Imago BioSciences Inc.,2022-11-21,2021-11-10,8-K,0001193125-21-326018,https://www.sec.gov/Archives/edgar/data/1623715/000119312521326018/0001193125-21-326018-index.htm,,,Primary and complete submission text fetched.,LOW,LIKELY_NO_HIT
RHC-0054-ACQUIRED-IMGO,IMGO,Imago BioSciences Inc.,2022-11-21,2021-11-19,8-K,0001193125-21-335168,https://www.sec.gov/Archives/edgar/data/1623715/000119312521335168/0001193125-21-335168-index.htm,,,Primary and complete submission text fetched.,LOW,LIKELY_NO_HIT
RHC-0054-ACQUIRED-IMGO,IMGO,Imago BioSciences Inc.,2022-11-21,2021-12-13,8-K,0001193125-21-354707,https://www.sec.gov/Archives/edgar/data/1623715/000119312521354707/0001193125-21-354707-index.htm,,,Primary and complete submission text fetched.,LOW,LIKELY_NO_HIT
RHC-0054-ACQUIRED-IMGO,IMGO,Imago BioSciences Inc.,2022-11-21,2022-01-12,8-K,0001193125-22-007694,https://www.sec.gov/Archives/edgar/data/1623715/000119312522007694/0001193125-22-007694-index.htm,,,Primary and complete submission text fetched.,LOW,LIKELY_NO_HIT
RHC-0054-ACQUIRED-IMGO,IMGO,Imago BioSciences Inc.,2022-11-21,2022-03-23,8-K,0001193125-22-082765,https://www.sec.gov/Archives/edgar/data/1623715/000119312522082765/0001193125-22-082765-index.htm,,,Primary and complete submission text fetched.,LOW,LIKELY_NO_HIT
RHC-0054-ACQUIRED-IMGO,IMGO,Imago BioSciences Inc.,2022-11-21,2022-03-24,10-K,0000950170-22-004569,https://www.sec.gov/Archives/edgar/data/1623715/000095017022004569/0000950170-22-004569-index.htm,,,Primary and complete submission text fetched.,LOW,LIKELY_NO_HIT
RHC-0054-ACQUIRED-IMGO,IMGO,Imago BioSciences Inc.,2022-11-21,2022-03-24,8-K,0001193125-22-083920,https://www.sec.gov/Archives/edgar/data/1623715/000119312522083920/0001193125-22-083920-index.htm,,,Primary and complete submission text fetched.,LOW,LIKELY_NO_HIT
RHC-0054-ACQUIRED-IMGO,IMGO,Imago BioSciences Inc.,2022-11-21,2022-04-01,SC 13D/A,0001193125-22-093864,https://www.sec.gov/Archives/edgar/data/1623715/000119312522093864/0001193125-22-093864-index.htm,,,Primary and complete submission text fetched.,LOW,LIKELY_NO_HIT
RHC-0054-ACQUIRED-IMGO,IMGO,Imago BioSciences Inc.,2022-11-21,2022-04-19,DEF 14A,0001193125-22-108616,https://www.sec.gov/Archives/edgar/data/1623715/000119312522108616/0001193125-22-108616-index.htm,,,Primary and complete submission text fetched.,LOW,LIKELY_NO_HIT
RHC-0054-ACQUIRED-IMGO,IMGO,Imago BioSciences Inc.,2022-11-21,2022-05-03,8-K,0001193125-22-137806,https://www.sec.gov/Archives/edgar/data/1623715/000119312522137806/0001193125-22-137806-index.htm,,,Primary and complete submission text fetched.,LOW,LIKELY_NO_HIT
RHC-0054-ACQUIRED-IMGO,IMGO,Imago BioSciences Inc.,2022-11-21,2022-05-09,8-K,0001193125-22-144483,https://www.sec.gov/Archives/edgar/data/1623715/000119312522144483/0001193125-22-144483-index.htm,,,Primary and complete submission text fetched.,LOW,LIKELY_NO_HIT
RHC-0054-ACQUIRED-IMGO,IMGO,Imago BioSciences Inc.,2022-11-21,2022-05-12,10-Q,0000950170-22-009736,https://www.sec.gov/Archives/edgar/data/1623715/000095017022009736/0000950170-22-009736-index.htm,,,Primary and complete submission text fetched.,LOW,LIKELY_NO_HIT
RHC-0054-ACQUIRED-IMGO,IMGO,Imago BioSciences Inc.,2022-11-21,2022-05-12,8-K,0000950170-22-009510,https://www.sec.gov/Archives/edgar/data/1623715/000095017022009510/0000950170-22-009510-index.htm,,,Primary and complete submission text fetched.,LOW,LIKELY_NO_HIT
RHC-0054-ACQUIRED-IMGO,IMGO,Imago BioSciences Inc.,2022-11-21,2022-05-12,8-K,0000950170-22-009700,https://www.sec.gov/Archives/edgar/data/1623715/000095017022009700/0000950170-22-009700-index.htm,,,Primary and complete submission text fetched.,LOW,LIKELY_NO_HIT
RHC-0054-ACQUIRED-IMGO,IMGO,Imago BioSciences Inc.,2022-11-21,2022-06-06,8-K,0001193125-22-167939,https://www.sec.gov/Archives/edgar/data/1623715/000119312522167939/0001193125-22-167939-index.htm,,,Primary and complete submission text fetched.,LOW,LIKELY_NO_HIT
RHC-0054-ACQUIRED-IMGO,IMGO,Imago BioSciences Inc.,2022-11-21,2022-06-10,8-K,0001193125-22-171424,https://www.sec.gov/Archives/edgar/data/1623715/000119312522171424/0001193125-22-171424-index.htm,,,Primary and complete submission text fetched.,LOW,LIKELY_NO_HIT
RHC-0054-ACQUIRED-IMGO,IMGO,Imago BioSciences Inc.,2022-11-21,2022-06-13,8-K,0001193125-22-172359,https://www.sec.gov/Archives/edgar/data/1623715/000119312522172359/0001193125-22-172359-index.htm,,,Primary and complete submission text fetched.,LOW,LIKELY_NO_HIT
RHC-0054-ACQUIRED-IMGO,IMGO,Imago BioSciences Inc.,2022-11-21,2022-08-12,10-Q,0000950170-22-017134,https://www.sec.gov/Archives/edgar/data/1623715/000095017022017134/0000950170-22-017134-index.htm,,,Primary and complete submission text fetched.,LOW,LIKELY_NO_HIT
RHC-0054-ACQUIRED-IMGO,IMGO,Imago BioSciences Inc.,2022-11-21,2022-08-12,8-K,0000950170-22-017129,https://www.sec.gov/Archives/edgar/data/1623715/000095017022017129/0000950170-22-017129-index.htm,,,Primary and complete submission text fetched.,LOW,LIKELY_NO_HIT
RHC-0054-ACQUIRED-IMGO,IMGO,Imago BioSciences Inc.,2022-11-21,2022-08-18,8-K,0001193125-22-224220,https://www.sec.gov/Archives/edgar/data/1623715/000119312522224220/0001193125-22-224220-index.htm,,,Primary and complete submission text fetched.,LOW,LIKELY_NO_HIT
RHC-0054-ACQUIRED-IMGO,IMGO,Imago BioSciences Inc.,2022-11-21,2022-09-01,8-K,0001193125-22-236497,https://www.sec.gov/Archives/edgar/data/1623715/000119312522236497/0001193125-22-236497-index.htm,,,Primary and complete submission text fetched.,LOW,LIKELY_NO_HIT
RHC-0054-ACQUIRED-IMGO,IMGO,Imago BioSciences Inc.,2022-11-21,2022-11-09,10-Q,0000950170-22-023883,https://www.sec.gov/Archives/edgar/data/1623715/000095017022023883/0000950170-22-023883-index.htm,,,Primary and complete submission text fetched.,LOW,LIKELY_NO_HIT
RHC-0054-ACQUIRED-IMGO,IMGO,Imago BioSciences Inc.,2022-11-21,2022-11-09,8-K,0000950170-22-023860,https://www.sec.gov/Archives/edgar/data/1623715/000095017022023860/0000950170-22-023860-index.htm,,,Primary and complete submission text fetched.,LOW,LIKELY_NO_HIT
RHC-0054-ACQUIRED-IMGO,IMGO,Imago BioSciences Inc.,2022-11-21,2022-11-14,SC 13D/A,0001193125-22-284633,https://www.sec.gov/Archives/edgar/data/1623715/000119312522284633/0001193125-22-284633-index.htm,,,Primary and complete submission text fetched.,LOW,LIKELY_NO_HIT
RHC-0055-ACQUIRED-OYST,OYST,Oyster Point Pharma Inc.,2022-11-08,2021-05-24,SC 13D/A,0001193125-21-170910,https://www.sec.gov/Archives/edgar/data/1720725/000119312521170910/0001193125-21-170910-index.htm,,,Primary and complete submission text fetched.,LOW,LIKELY_NO_HIT
RHC-0055-ACQUIRED-OYST,OYST,Oyster Point Pharma Inc.,2022-11-08,2021-06-03,8-K,0001720725-21-000050,https://www.sec.gov/Archives/edgar/data/1720725/000172072521000050/0001720725-21-000050-index.htm,,,Primary and complete submission text fetched.,LOW,LIKELY_NO_HIT
RHC-0055-ACQUIRED-OYST,OYST,Oyster Point Pharma Inc.,2022-11-08,2021-06-10,8-K,0001720725-21-000056,https://www.sec.gov/Archives/edgar/data/1720725/000172072521000056/0001720725-21-000056-index.htm,,,Primary and complete submission text fetched.,LOW,LIKELY_NO_HIT
RHC-0055-ACQUIRED-OYST,OYST,Oyster Point Pharma Inc.,2022-11-08,2021-07-01,8-K,0001193125-21-205491,https://www.sec.gov/Archives/edgar/data/1720725/000119312521205491/0001193125-21-205491-index.htm,,,Primary and complete submission text fetched.,LOW,LIKELY_NO_HIT
RHC-0055-ACQUIRED-OYST,OYST,Oyster Point Pharma Inc.,2022-11-08,2021-08-02,8-K,0001720725-21-000062,https://www.sec.gov/Archives/edgar/data/1720725/000172072521000062/0001720725-21-000062-index.htm,,,Primary and complete submission text fetched.,LOW,LIKELY_NO_HIT
RHC-0055-ACQUIRED-OYST,OYST,Oyster Point Pharma Inc.,2022-11-08,2021-08-05,10-Q,0001720725-21-000075,https://www.sec.gov/Archives/edgar/data/1720725/000172072521000075/0001720725-21-000075-index.htm,rofr_rofn|sale_process,right of first negotiation|sale of the company,"he License Agreement. Subject to certain limitations, the Company may not commercialize any nAChR agonist in the Field in the Territory, without first offering Ji Xing a right of first negotiation for such product in the Territory. The Company has also granted Ji Xing a right of first negotiation to expand indications or uses of OC-01 (varenicline) or OC-02 (simpinicline) in the Territory. The Company will receiv",LOW,POSSIBLE_HIT
RHC-0055-ACQUIRED-OYST,OYST,Oyster Point Pharma Inc.,2022-11-08,2021-08-05,8-K,0001720725-21-000073,https://www.sec.gov/Archives/edgar/data/1720725/000172072521000073/0001720725-21-000073-index.htm,,,Primary and complete submission text fetched.,LOW,LIKELY_NO_HIT
RHC-0055-ACQUIRED-OYST,OYST,Oyster Point Pharma Inc.,2022-11-08,2021-10-18,8-K,0001720725-21-000081,https://www.sec.gov/Archives/edgar/data/1720725/000172072521000081/0001720725-21-000081-index.htm,,,Primary and complete submission text fetched.,LOW,LIKELY_NO_HIT
RHC-0055-ACQUIRED-OYST,OYST,Oyster Point Pharma Inc.,2022-11-08,2021-10-19,8-K,0001720725-21-000084,https://www.sec.gov/Archives/edgar/data/1720725/000172072521000084/0001720725-21-000084-index.htm,,,Primary and complete submission text fetched.,LOW,LIKELY_NO_HIT
RHC-0055-ACQUIRED-OYST,OYST,Oyster Point Pharma Inc.,2022-11-08,2021-10-27,SC 13D/A,0001193125-21-309377,https://www.sec.gov/Archives/edgar/data/1720725/000119312521309377/0001193125-21-309377-index.htm,,,Primary and complete submission text fetched.,LOW,LIKELY_NO_HIT
RHC-0055-ACQUIRED-OYST,OYST,Oyster Point Pharma Inc.,2022-11-08,2021-11-04,10-Q,0001720725-21-000095,https://www.sec.gov/Archives/edgar/data/1720725/000172072521000095/0001720725-21-000095-index.htm,,,Primary and complete submission text fetched.,LOW,LIKELY_NO_HIT
RHC-0055-ACQUIRED-OYST,OYST,Oyster Point Pharma Inc.,2022-11-08,2021-11-04,8-K,0001720725-21-000091,https://www.sec.gov/Archives/edgar/data/1720725/000172072521000091/0001720725-21-000091-index.htm,,,Primary and complete submission text fetched.,LOW,LIKELY_NO_HIT
RHC-0055-ACQUIRED-OYST,OYST,Oyster Point Pharma Inc.,2022-11-08,2022-01-13,8-K,0001720725-22-000004,https://www.sec.gov/Archives/edgar/data/1720725/000172072522000004/0001720725-22-000004-index.htm,,,Primary and complete submission text fetched.,LOW,LIKELY_NO_HIT
RHC-0055-ACQUIRED-OYST,OYST,Oyster Point Pharma Inc.,2022-11-08,2022-01-13,SC 13D/A,0001193125-22-008709,https://www.sec.gov/Archives/edgar/data/1720725/000119312522008709/0001193125-22-008709-index.htm,,,Primary and complete submission text fetched.,LOW,LIKELY_NO_HIT
RHC-0055-ACQUIRED-OYST,OYST,Oyster Point Pharma Inc.,2022-11-08,2022-02-24,10-K,0001720725-22-000028,https://www.sec.gov/Archives/edgar/data/1720725/000172072522000028/0001720725-22-000028-index.htm,,,Primary and complete submission text fetched.,LOW,LIKELY_NO_HIT
RHC-0055-ACQUIRED-OYST,OYST,Oyster Point Pharma Inc.,2022-11-08,2022-02-24,8-K,0001720725-22-000026,https://www.sec.gov/Archives/edgar/data/1720725/000172072522000026/0001720725-22-000026-index.htm,,,Primary and complete submission text fetched.,LOW,LIKELY_NO_HIT
RHC-0055-ACQUIRED-OYST,OYST,Oyster Point Pharma Inc.,2022-11-08,2022-03-18,8-K,0001720725-22-000032,https://www.sec.gov/Archives/edgar/data/1720725/000172072522000032/0001720725-22-000032-index.htm,,,Primary and complete submission text fetched.,LOW,LIKELY_NO_HIT
RHC-0055-ACQUIRED-OYST,OYST,Oyster Point Pharma Inc.,2022-11-08,2022-04-22,DEF 14A,0001720725-22-000036,https://www.sec.gov/Archives/edgar/data/1720725/000172072522000036/0001720725-22-000036-index.htm,retained_advisor,financial advisor,"Ozawa were paid to Versant Venture Management, LLC. (7) Mr. Santel joined the Board of Directors effective July 30, 2021. (8) Fees earned by Mr. Tsai were paid to Invus Financial Advisors, LLC. 25 We also reimburse our non-employee directors for their reasonable out-of-pocket costs and travel expenses in connection with their attendance at Board and committee meetings. Outside Director Compensation Poli",LOW,POSSIBLE_HIT
RHC-0055-ACQUIRED-OYST,OYST,Oyster Point Pharma Inc.,2022-11-08,2022-05-05,10-Q,0001720725-22-000048,https://www.sec.gov/Archives/edgar/data/1720725/000172072522000048/0001720725-22-000048-index.htm,,,Primary and complete submission text fetched.,LOW,LIKELY_NO_HIT
RHC-0055-ACQUIRED-OYST,OYST,Oyster Point Pharma Inc.,2022-11-08,2022-05-05,8-K,0001720725-22-000046,https://www.sec.gov/Archives/edgar/data/1720725/000172072522000046/0001720725-22-000046-index.htm,,,Primary and complete submission text fetched.,LOW,LIKELY_NO_HIT
RHC-0055-ACQUIRED-OYST,OYST,Oyster Point Pharma Inc.,2022-11-08,2022-06-08,8-K,0001720725-22-000054,https://www.sec.gov/Archives/edgar/data/1720725/000172072522000054/0001720725-22-000054-index.htm,,,Primary and complete submission text fetched.,LOW,LIKELY_NO_HIT
RHC-0055-ACQUIRED-OYST,OYST,Oyster Point Pharma Inc.,2022-11-08,2022-06-28,8-K,0001720725-22-000057,https://www.sec.gov/Archives/edgar/data/1720725/000172072522000057/0001720725-22-000057-index.htm,,,Primary and complete submission text fetched.,LOW,LIKELY_NO_HIT
RHC-0055-ACQUIRED-OYST,OYST,Oyster Point Pharma Inc.,2022-11-08,2022-07-12,8-K,0001720725-22-000059,https://www.sec.gov/Archives/edgar/data/1720725/000172072522000059/0001720725-22-000059-index.htm,,,Primary and complete submission text fetched.,LOW,LIKELY_NO_HIT
RHC-0055-ACQUIRED-OYST,OYST,Oyster Point Pharma Inc.,2022-11-08,2022-08-11,10-Q,0001720725-22-000072,https://www.sec.gov/Archives/edgar/data/1720725/000172072522000072/0001720725-22-000072-index.htm,,,Primary and complete submission text fetched.,LOW,LIKELY_NO_HIT
RHC-0055-ACQUIRED-OYST,OYST,Oyster Point Pharma Inc.,2022-11-08,2022-08-11,8-K,0001720725-22-000071,https://www.sec.gov/Archives/edgar/data/1720725/000172072522000071/0001720725-22-000071-index.htm,,,Primary and complete submission text fetched.,LOW,LIKELY_NO_HIT
RHC-0055-ACQUIRED-OYST,OYST,Oyster Point Pharma Inc.,2022-11-08,2022-11-07,8-K,0001193125-22-278560,https://www.sec.gov/Archives/edgar/data/1720725/000119312522278560/0001193125-22-278560-index.htm,acquisition_proposal,acquisition proposal,"ding: the risk that the proposed acquisition of Oyster Point Pharma Inc. (“OP”) by Viatris Inc. (“Parent”) may not be completed; the possibility that competing offers or acquisition proposals for OP will be made; the delay or failure of the tender offer conditions to be satisfied (or waived), including insufficient shares of OP common stock being tendered in the tender offer; the failure (or delay) to recei",LOW,POSSIBLE_HIT
RHC-0056-ACQUIRED-SRRA,SRRA,Sierra Oncology Inc.,2022-04-13,2020-11-05,10-Q,0001564590-20-050865,https://www.sec.gov/Archives/edgar/data/1290149/000156459020050865/0001564590-20-050865-index.htm,,,Primary and complete submission text fetched.,LOW,LIKELY_NO_HIT
RHC-0056-ACQUIRED-SRRA,SRRA,Sierra Oncology Inc.,2022-04-13,2020-11-05,8-K,0001564590-20-050848,https://www.sec.gov/Archives/edgar/data/1290149/000156459020050848/0001564590-20-050848-index.htm,,,Primary and complete submission text fetched.,LOW,LIKELY_NO_HIT
RHC-0056-ACQUIRED-SRRA,SRRA,Sierra Oncology Inc.,2022-04-13,2020-11-12,8-K,0001564590-20-053253,https://www.sec.gov/Archives/edgar/data/1290149/000156459020053253/0001564590-20-053253-index.htm,,,Primary and complete submission text fetched.,LOW,LIKELY_NO_HIT
RHC-0056-ACQUIRED-SRRA,SRRA,Sierra Oncology Inc.,2022-04-13,2020-12-18,8-K,0001564590-20-057533,https://www.sec.gov/Archives/edgar/data/1290149/000156459020057533/0001564590-20-057533-index.htm,,,Primary and complete submission text fetched.,LOW,LIKELY_NO_HIT
RHC-0056-ACQUIRED-SRRA,SRRA,Sierra Oncology Inc.,2022-04-13,2020-12-22,8-K,0001564590-20-057913,https://www.sec.gov/Archives/edgar/data/1290149/000156459020057913/0001564590-20-057913-index.htm,,,Primary and complete submission text fetched.,LOW,LIKELY_NO_HIT
RHC-0056-ACQUIRED-SRRA,SRRA,Sierra Oncology Inc.,2022-04-13,2021-02-12,8-K,0001193125-21-040112,https://www.sec.gov/Archives/edgar/data/1290149/000119312521040112/0001193125-21-040112-index.htm,,,Primary and complete submission text fetched.,LOW,LIKELY_NO_HIT
RHC-0056-ACQUIRED-SRRA,SRRA,Sierra Oncology Inc.,2022-04-13,2021-03-11,10-K,0001564590-21-012234,https://www.sec.gov/Archives/edgar/data/1290149/000156459021012234/0001564590-21-012234-index.htm,,,Primary and complete submission text fetched.,LOW,LIKELY_NO_HIT
RHC-0056-ACQUIRED-SRRA,SRRA,Sierra Oncology Inc.,2022-04-13,2021-03-11,8-K,0001564590-21-012233,https://www.sec.gov/Archives/edgar/data/1290149/000156459021012233/0001564590-21-012233-index.htm,,,Primary and complete submission text fetched.,LOW,LIKELY_NO_HIT
RHC-0056-ACQUIRED-SRRA,SRRA,Sierra Oncology Inc.,2022-04-13,2021-04-23,DEF 14A,0001193125-21-127784,https://www.sec.gov/Archives/edgar/data/1290149/000119312521127784/0001193125-21-127784-index.htm,,,Primary and complete submission text fetched.,LOW,LIKELY_NO_HIT
RHC-0056-ACQUIRED-SRRA,SRRA,Sierra Oncology Inc.,2022-04-13,2021-05-07,10-Q,0001564590-21-025303,https://www.sec.gov/Archives/edgar/data/1290149/000156459021025303/0001564590-21-025303-index.htm,,,Primary and complete submission text fetched.,LOW,LIKELY_NO_HIT
RHC-0056-ACQUIRED-SRRA,SRRA,Sierra Oncology Inc.,2022-04-13,2021-05-07,8-K,0001564590-21-025312,https://www.sec.gov/Archives/edgar/data/1290149/000156459021025312/0001564590-21-025312-index.htm,,,Primary and complete submission text fetched.,LOW,LIKELY_NO_HIT
RHC-0056-ACQUIRED-SRRA,SRRA,Sierra Oncology Inc.,2022-04-13,2021-06-03,8-K,0001193125-21-180623,https://www.sec.gov/Archives/edgar/data/1290149/000119312521180623/0001193125-21-180623-index.htm,,,Primary and complete submission text fetched.,LOW,LIKELY_NO_HIT
RHC-0056-ACQUIRED-SRRA,SRRA,Sierra Oncology Inc.,2022-04-13,2021-06-09,8-K,0001193125-21-186858,https://www.sec.gov/Archives/edgar/data/1290149/000119312521186858/0001193125-21-186858-index.htm,,,Primary and complete submission text fetched.,LOW,LIKELY_NO_HIT
RHC-0056-ACQUIRED-SRRA,SRRA,Sierra Oncology Inc.,2022-04-13,2021-08-05,10-Q,0001564590-21-041606,https://www.sec.gov/Archives/edgar/data/1290149/000156459021041606/0001564590-21-041606-index.htm,,,Primary and complete submission text fetched.,LOW,LIKELY_NO_HIT
RHC-0056-ACQUIRED-SRRA,SRRA,Sierra Oncology Inc.,2022-04-13,2021-08-05,8-K,0001193125-21-237697,https://www.sec.gov/Archives/edgar/data/1290149/000119312521237697/0001193125-21-237697-index.htm,,,Primary and complete submission text fetched.,LOW,LIKELY_NO_HIT
RHC-0056-ACQUIRED-SRRA,SRRA,Sierra Oncology Inc.,2022-04-13,2021-08-05,8-K,0001564590-21-041587,https://www.sec.gov/Archives/edgar/data/1290149/000156459021041587/0001564590-21-041587-index.htm,,,Primary and complete submission text fetched.,LOW,LIKELY_NO_HIT
RHC-0056-ACQUIRED-SRRA,SRRA,Sierra Oncology Inc.,2022-04-13,2021-09-13,8-K,0001564590-21-047653,https://www.sec.gov/Archives/edgar/data/1290149/000156459021047653/0001564590-21-047653-index.htm,,,Primary and complete submission text fetched.,LOW,LIKELY_NO_HIT
RHC-0056-ACQUIRED-SRRA,SRRA,Sierra Oncology Inc.,2022-04-13,2021-11-05,10-Q,0001564590-21-054732,https://www.sec.gov/Archives/edgar/data/1290149/000156459021054732/0001564590-21-054732-index.htm,,,Primary and complete submission text fetched.,LOW,LIKELY_NO_HIT
RHC-0056-ACQUIRED-SRRA,SRRA,Sierra Oncology Inc.,2022-04-13,2021-11-05,8-K,0001564590-21-054741,https://www.sec.gov/Archives/edgar/data/1290149/000156459021054741/0001564590-21-054741-index.htm,,,Primary and complete submission text fetched.,LOW,LIKELY_NO_HIT
RHC-0056-ACQUIRED-SRRA,SRRA,Sierra Oncology Inc.,2022-04-13,2021-11-05,SC 13D/A,0000905718-21-001442,https://www.sec.gov/Archives/edgar/data/1290149/000090571821001442/0000905718-21-001442-index.htm,,,Primary and complete submission text fetched.,LOW,LIKELY_NO_HIT
RHC-0056-ACQUIRED-SRRA,SRRA,Sierra Oncology Inc.,2022-04-13,2021-11-05,SC 13D/A,0000947871-21-001146,https://www.sec.gov/Archives/edgar/data/1290149/000094787121001146/0000947871-21-001146-index.htm,,,Primary and complete submission text fetched.,LOW,LIKELY_NO_HIT
RHC-0056-ACQUIRED-SRRA,SRRA,Sierra Oncology Inc.,2022-04-13,2021-11-08,SC 13D/A,0001193125-21-322350,https://www.sec.gov/Archives/edgar/data/1290149/000119312521322350/0001193125-21-322350-index.htm,,,Primary and complete submission text fetched.,LOW,LIKELY_NO_HIT
RHC-0056-ACQUIRED-SRRA,SRRA,Sierra Oncology Inc.,2022-04-13,2022-01-25,8-K,0001193125-22-017038,https://www.sec.gov/Archives/edgar/data/1290149/000119312522017038/0001193125-22-017038-index.htm,,,Primary and complete submission text fetched.,LOW,LIKELY_NO_HIT
RHC-0056-ACQUIRED-SRRA,SRRA,Sierra Oncology Inc.,2022-04-13,2022-01-27,8-K,0001193125-22-018928,https://www.sec.gov/Archives/edgar/data/1290149/000119312522018928/0001193125-22-018928-index.htm,,,Primary and complete submission text fetched.,LOW,LIKELY_NO_HIT
RHC-0056-ACQUIRED-SRRA,SRRA,Sierra Oncology Inc.,2022-04-13,2022-02-02,SC 13D/A,0000947871-22-000128,https://www.sec.gov/Archives/edgar/data/1290149/000094787122000128/0000947871-22-000128-index.htm,rofr_rofn,right of first refusal,"ermination of employment, has the option to repurchase such Shares or Related Securities, (ii) is required to repurchase such Shares or Related Securities or (iii) has a right of first refusal with respect to transfers of such Shares or Related Securities upon termination of service of the undersigned; (f) the “net” exercise of outstanding options or warrants in accordance with their terms pursuant to an empl",LOW,POSSIBLE_HIT
RHC-0056-ACQUIRED-SRRA,SRRA,Sierra Oncology Inc.,2022-04-13,2022-02-04,SC 13D/A,0001193125-22-028518,https://www.sec.gov/Archives/edgar/data/1290149/000119312522028518/0001193125-22-028518-index.htm,,,Primary and complete submission text fetched.,LOW,LIKELY_NO_HIT
RHC-0056-ACQUIRED-SRRA,SRRA,Sierra Oncology Inc.,2022-04-13,2022-02-10,SC 13D/A,0000905718-22-000204,https://www.sec.gov/Archives/edgar/data/1290149/000090571822000204/0000905718-22-000204-index.htm,,,Primary and complete submission text fetched.,LOW,LIKELY_NO_HIT
RHC-0056-ACQUIRED-SRRA,SRRA,Sierra Oncology Inc.,2022-04-13,2022-03-07,8-K,0001564590-22-008931,https://www.sec.gov/Archives/edgar/data/1290149/000156459022008931/0001564590-22-008931-index.htm,,,Primary and complete submission text fetched.,LOW,LIKELY_NO_HIT
RHC-0056-ACQUIRED-SRRA,SRRA,Sierra Oncology Inc.,2022-04-13,2022-03-10,10-K,0001564590-22-009473,https://www.sec.gov/Archives/edgar/data/1290149/000156459022009473/0001564590-22-009473-index.htm,,,Primary and complete submission text fetched.,LOW,LIKELY_NO_HIT
RHC-0056-ACQUIRED-SRRA,SRRA,Sierra Oncology Inc.,2022-04-13,2022-03-10,8-K,0001564590-22-009471,https://www.sec.gov/Archives/edgar/data/1290149/000156459022009471/0001564590-22-009471-index.htm,,,Primary and complete submission text fetched.,LOW,LIKELY_NO_HIT
RHC-0056-ACQUIRED-SRRA,SRRA,Sierra Oncology Inc.,2022-04-13,2022-03-15,SC 13D/A,0000947871-22-000370,https://www.sec.gov/Archives/edgar/data/1290149/000094787122000370/0000947871-22-000370-index.htm,,,Primary and complete submission text fetched.,LOW,LIKELY_NO_HIT
RHC-0056-ACQUIRED-SRRA,SRRA,Sierra Oncology Inc.,2022-04-13,2022-03-21,SC 13D/A,0000905718-22-000480,https://www.sec.gov/Archives/edgar/data/1290149/000090571822000480/0000905718-22-000480-index.htm,,,Primary and complete submission text fetched.,LOW,LIKELY_NO_HIT
RHC-0056-ACQUIRED-SRRA,SRRA,Sierra Oncology Inc.,2022-04-13,2022-03-23,8-K,0001564590-22-011429,https://www.sec.gov/Archives/edgar/data/1290149/000156459022011429/0001564590-22-011429-index.htm,,,Primary and complete submission text fetched.,LOW,LIKELY_NO_HIT
RHC-0057-ACQUIRED-TPTX,TPTX,Turning Point Therapeutics Inc.,2022-06-03,2020-12-08,8-K,0001564590-20-056381,https://www.sec.gov/Archives/edgar/data/1595893/000156459020056381/0001564590-20-056381-index.htm,,,Primary and complete submission text fetched.,LOW,LIKELY_NO_HIT
RHC-0057-ACQUIRED-TPTX,TPTX,Turning Point Therapeutics Inc.,2022-06-03,2021-01-11,8-K,0001193125-21-005815,https://www.sec.gov/Archives/edgar/data/1595893/000119312521005815/0001193125-21-005815-index.htm,,,Primary and complete submission text fetched.,LOW,LIKELY_NO_HIT
RHC-0057-ACQUIRED-TPTX,TPTX,Turning Point Therapeutics Inc.,2022-06-03,2021-01-29,8-K,0001564590-21-003223,https://www.sec.gov/Archives/edgar/data/1595893/000156459021003223/0001564590-21-003223-index.htm,,,Primary and complete submission text fetched.,LOW,LIKELY_NO_HIT
RHC-0057-ACQUIRED-TPTX,TPTX,Turning Point Therapeutics Inc.,2022-06-03,2021-02-17,8-K,0001564590-21-006375,https://www.sec.gov/Archives/edgar/data/1595893/000156459021006375/0001564590-21-006375-index.htm,,,Primary and complete submission text fetched.,LOW,LIKELY_NO_HIT
RHC-0057-ACQUIRED-TPTX,TPTX,Turning Point Therapeutics Inc.,2022-06-03,2021-03-01,10-K,0001564590-21-009849,https://www.sec.gov/Archives/edgar/data/1595893/000156459021009849/0001564590-21-009849-index.htm,rofr_rofn,right of first negotiation,"y such drug candidate in a territory that primarily includes one or more regions in the Zai Territory (but excluding a proposed worldwide license). Zai has exercised its right of first negotiation with respect to one of these drug candidates, TPX-0022. The Zai Repotrectinib Agreement will continue in effect until expiration of the last royalty term for a Repotrectinib Product in any region in the Zai Territory, w",LOW,POSSIBLE_HIT
RHC-0057-ACQUIRED-TPTX,TPTX,Turning Point Therapeutics Inc.,2022-06-03,2021-03-01,8-K,0001564590-21-009838,https://www.sec.gov/Archives/edgar/data/1595893/000156459021009838/0001564590-21-009838-index.htm,,,Primary and complete submission text fetched.,LOW,LIKELY_NO_HIT
RHC-0057-ACQUIRED-TPTX,TPTX,Turning Point Therapeutics Inc.,2022-06-03,2021-03-15,8-K,0001193125-21-080637,https://www.sec.gov/Archives/edgar/data/1595893/000119312521080637/0001193125-21-080637-index.htm,,,Primary and complete submission text fetched.,LOW,LIKELY_NO_HIT
RHC-0057-ACQUIRED-TPTX,TPTX,Turning Point Therapeutics Inc.,2022-06-03,2021-03-31,8-K,0001193125-21-102310,https://www.sec.gov/Archives/edgar/data/1595893/000119312521102310/0001193125-21-102310-index.htm,,,Primary and complete submission text fetched.,LOW,LIKELY_NO_HIT
RHC-0057-ACQUIRED-TPTX,TPTX,Turning Point Therapeutics Inc.,2022-06-03,2021-04-05,8-K,0001564590-21-017609,https://www.sec.gov/Archives/edgar/data/1595893/000156459021017609/0001564590-21-017609-index.htm,,,Primary and complete submission text fetched.,LOW,LIKELY_NO_HIT
RHC-0057-ACQUIRED-TPTX,TPTX,Turning Point Therapeutics Inc.,2022-06-03,2021-04-07,SC 13D/A,0000947871-21-000406,https://www.sec.gov/Archives/edgar/data/1595893/000094787121000406/0000947871-21-000406-index.htm,,,Primary and complete submission text fetched.,LOW,LIKELY_NO_HIT
RHC-0057-ACQUIRED-TPTX,TPTX,Turning Point Therapeutics Inc.,2022-06-03,2021-04-13,8-K,0001564590-21-018692,https://www.sec.gov/Archives/edgar/data/1595893/000156459021018692/0001564590-21-018692-index.htm,,,Primary and complete submission text fetched.,LOW,LIKELY_NO_HIT
RHC-0057-ACQUIRED-TPTX,TPTX,Turning Point Therapeutics Inc.,2022-06-03,2021-04-15,DEF 14A,0001193125-21-117723,https://www.sec.gov/Archives/edgar/data/1595893/000119312521117723/0001193125-21-117723-index.htm,,,Primary and complete submission text fetched.,LOW,LIKELY_NO_HIT
RHC-0057-ACQUIRED-TPTX,TPTX,Turning Point Therapeutics Inc.,2022-06-03,2021-05-05,10-Q,0001564590-21-024055,https://www.sec.gov/Archives/edgar/data/1595893/000156459021024055/0001564590-21-024055-index.htm,,,Primary and complete submission text fetched.,LOW,LIKELY_NO_HIT
RHC-0057-ACQUIRED-TPTX,TPTX,Turning Point Therapeutics Inc.,2022-06-03,2021-05-05,8-K,0001564590-21-024034,https://www.sec.gov/Archives/edgar/data/1595893/000156459021024034/0001564590-21-024034-index.htm,,,Primary and complete submission text fetched.,LOW,LIKELY_NO_HIT
RHC-0057-ACQUIRED-TPTX,TPTX,Turning Point Therapeutics Inc.,2022-06-03,2021-05-13,8-K,0001564590-21-027524,https://www.sec.gov/Archives/edgar/data/1595893/000156459021027524/0001564590-21-027524-index.htm,,,Primary and complete submission text fetched.,LOW,LIKELY_NO_HIT
RHC-0057-ACQUIRED-TPTX,TPTX,Turning Point Therapeutics Inc.,2022-06-03,2021-05-25,8-K,0001564590-21-029622,https://www.sec.gov/Archives/edgar/data/1595893/000156459021029622/0001564590-21-029622-index.htm,,,Primary and complete submission text fetched.,LOW,LIKELY_NO_HIT
RHC-0057-ACQUIRED-TPTX,TPTX,Turning Point Therapeutics Inc.,2022-06-03,2021-05-26,8-K,0001564590-21-030019,https://www.sec.gov/Archives/edgar/data/1595893/000156459021030019/0001564590-21-030019-index.htm,,,Primary and complete submission text fetched.,LOW,LIKELY_NO_HIT
RHC-0057-ACQUIRED-TPTX,TPTX,Turning Point Therapeutics Inc.,2022-06-03,2021-06-07,8-K,0001564590-21-031941,https://www.sec.gov/Archives/edgar/data/1595893/000156459021031941/0001564590-21-031941-index.htm,,,Primary and complete submission text fetched.,LOW,LIKELY_NO_HIT
RHC-0057-ACQUIRED-TPTX,TPTX,Turning Point Therapeutics Inc.,2022-06-03,2021-06-29,8-K,0001564590-21-034892,https://www.sec.gov/Archives/edgar/data/1595893/000156459021034892/0001564590-21-034892-index.htm,,,Primary and complete submission text fetched.,LOW,LIKELY_NO_HIT
RHC-0057-ACQUIRED-TPTX,TPTX,Turning Point Therapeutics Inc.,2022-06-03,2021-08-09,10-Q,0001564590-21-042658,https://www.sec.gov/Archives/edgar/data/1595893/000156459021042658/0001564590-21-042658-index.htm,,,Primary and complete submission text fetched.,LOW,LIKELY_NO_HIT
RHC-0057-ACQUIRED-TPTX,TPTX,Turning Point Therapeutics Inc.,2022-06-03,2021-08-09,8-K,0001564590-21-042621,https://www.sec.gov/Archives/edgar/data/1595893/000156459021042621/0001564590-21-042621-index.htm,,,Primary and complete submission text fetched.,LOW,LIKELY_NO_HIT
RHC-0057-ACQUIRED-TPTX,TPTX,Turning Point Therapeutics Inc.,2022-06-03,2021-10-07,8-K,0000950170-21-002047,https://www.sec.gov/Archives/edgar/data/1595893/000095017021002047/0000950170-21-002047-index.htm,,,Primary and complete submission text fetched.,LOW,LIKELY_NO_HIT
RHC-0057-ACQUIRED-TPTX,TPTX,Turning Point Therapeutics Inc.,2022-06-03,2021-10-08,8-K,0000950170-21-002070,https://www.sec.gov/Archives/edgar/data/1595893/000095017021002070/0000950170-21-002070-index.htm,,,Primary and complete submission text fetched.,LOW,LIKELY_NO_HIT
RHC-0057-ACQUIRED-TPTX,TPTX,Turning Point Therapeutics Inc.,2022-06-03,2021-10-13,8-K,0000950170-21-002108,https://www.sec.gov/Archives/edgar/data/1595893/000095017021002108/0000950170-21-002108-index.htm,,,Primary and complete submission text fetched.,LOW,LIKELY_NO_HIT
RHC-0057-ACQUIRED-TPTX,TPTX,Turning Point Therapeutics Inc.,2022-06-03,2021-11-09,10-Q,0000950170-21-003748,https://www.sec.gov/Archives/edgar/data/1595893/000095017021003748/0000950170-21-003748-index.htm,,,Primary and complete submission text fetched.,LOW,LIKELY_NO_HIT
RHC-0057-ACQUIRED-TPTX,TPTX,Turning Point Therapeutics Inc.,2022-06-03,2021-11-09,8-K,0000950170-21-003728,https://www.sec.gov/Archives/edgar/data/1595893/000095017021003728/0000950170-21-003728-index.htm,,,Primary and complete submission text fetched.,LOW,LIKELY_NO_HIT
RHC-0057-ACQUIRED-TPTX,TPTX,Turning Point Therapeutics Inc.,2022-06-03,2022-01-18,8-K,0000950170-22-000360,https://www.sec.gov/Archives/edgar/data/1595893/000095017022000360/0000950170-22-000360-index.htm,,,Primary and complete submission text fetched.,LOW,LIKELY_NO_HIT
RHC-0057-ACQUIRED-TPTX,TPTX,Turning Point Therapeutics Inc.,2022-06-03,2022-02-18,8-K,0000950170-22-001485,https://www.sec.gov/Archives/edgar/data/1595893/000095017022001485/0000950170-22-001485-index.htm,,,Primary and complete submission text fetched.,LOW,LIKELY_NO_HIT
RHC-0057-ACQUIRED-TPTX,TPTX,Turning Point Therapeutics Inc.,2022-06-03,2022-02-28,10-K,0000950170-22-002302,https://www.sec.gov/Archives/edgar/data/1595893/000095017022002302/0000950170-22-002302-index.htm,,,Primary and complete submission text fetched.,LOW,LIKELY_NO_HIT
RHC-0057-ACQUIRED-TPTX,TPTX,Turning Point Therapeutics Inc.,2022-06-03,2022-02-28,8-K,0000950170-22-002296,https://www.sec.gov/Archives/edgar/data/1595893/000095017022002296/0000950170-22-002296-index.htm,,,Primary and complete submission text fetched.,LOW,LIKELY_NO_HIT
RHC-0057-ACQUIRED-TPTX,TPTX,Turning Point Therapeutics Inc.,2022-06-03,2022-03-04,8-K,0001193125-22-066060,https://www.sec.gov/Archives/edgar/data/1595893/000119312522066060/0001193125-22-066060-index.htm,,,Primary and complete submission text fetched.,LOW,LIKELY_NO_HIT
RHC-0057-ACQUIRED-TPTX,TPTX,Turning Point Therapeutics Inc.,2022-06-03,2022-04-13,8-K,0000950170-22-005632,https://www.sec.gov/Archives/edgar/data/1595893/000095017022005632/0000950170-22-005632-index.htm,,,Primary and complete submission text fetched.,LOW,LIKELY_NO_HIT
RHC-0057-ACQUIRED-TPTX,TPTX,Turning Point Therapeutics Inc.,2022-06-03,2022-04-29,DEF 14A,0001193125-22-131647,https://www.sec.gov/Archives/edgar/data/1595893/000119312522131647/0001193125-22-131647-index.htm,,,Primary and complete submission text fetched.,LOW,LIKELY_NO_HIT
RHC-0057-ACQUIRED-TPTX,TPTX,Turning Point Therapeutics Inc.,2022-06-03,2022-05-05,8-K,0000950170-22-007585,https://www.sec.gov/Archives/edgar/data/1595893/000095017022007585/0000950170-22-007585-index.htm,,,Primary and complete submission text fetched.,LOW,LIKELY_NO_HIT
RHC-0057-ACQUIRED-TPTX,TPTX,Turning Point Therapeutics Inc.,2022-06-03,2022-05-10,10-Q,0000950170-22-008971,https://www.sec.gov/Archives/edgar/data/1595893/000095017022008971/0000950170-22-008971-index.htm,,,Primary and complete submission text fetched.,LOW,LIKELY_NO_HIT
RHC-0057-ACQUIRED-TPTX,TPTX,Turning Point Therapeutics Inc.,2022-06-03,2022-05-10,8-K,0000950170-22-008970,https://www.sec.gov/Archives/edgar/data/1595893/000095017022008970/0000950170-22-008970-index.htm,,,Primary and complete submission text fetched.,LOW,LIKELY_NO_HIT
RHC-0058-ACQUIRED-BLU,BLU,BELLUS Health Inc.,2023-04-18,,,,https://efts.sec.gov/LATEST/search-index?q=BLU+%22BELLUS+Health+Inc.%22+%28%22strategic+alternatives%22+OR+%22financial+advisor%22+OR+%22sale+process%22+OR+%22acquisition+proposal%22+OR+%22unsolicited+proposal%22+OR+%22competing+bid%22+OR+ROFR+OR+ROFN+OR+%22option+to+acquire%22+OR+activist+OR+%22Item+4%22%29&forms=10-K%2C10-Q%2C424B3%2C8-K%2CDEF+14A%2CDEFM14A%2CS-4%2CSC+13D%2CSC+13D%2FA&dateRange=custom&startdt=2021-10-17&enddt=2023-04-18,,,EDGAR submissions search completed. No target-form filings collected in the 18-month pre-announcement window.,LOW,LIKELY_NO_HIT
RHC-0059-ACQUIRED-CINC,CINC,CinCor Pharma Inc.,2023-01-09,2022-01-11,8-K,0001193125-22-006735,https://www.sec.gov/Archives/edgar/data/1868734/000119312522006735/0001193125-22-006735-index.htm,,,Primary and complete submission text fetched.,LOW,LIKELY_NO_HIT
RHC-0059-ACQUIRED-CINC,CINC,CinCor Pharma Inc.,2023-01-09,2022-01-21,SC 13D,0000950142-22-000407,https://www.sec.gov/Archives/edgar/data/1868734/000095014222000407/0000950142-22-000407-index.htm,,,Primary and complete submission text fetched.,LOW,LIKELY_NO_HIT
RHC-0059-ACQUIRED-CINC,CINC,CinCor Pharma Inc.,2023-01-09,2022-01-21,SC 13D,0001104659-22-006437,https://www.sec.gov/Archives/edgar/data/1868734/000110465922006437/0001104659-22-006437-index.htm,,,Primary and complete submission text fetched.,LOW,LIKELY_NO_HIT
RHC-0059-ACQUIRED-CINC,CINC,CinCor Pharma Inc.,2023-01-09,2022-01-28,8-K,0001193125-22-021708,https://www.sec.gov/Archives/edgar/data/1868734/000119312522021708/0001193125-22-021708-index.htm,,,Primary and complete submission text fetched.,LOW,LIKELY_NO_HIT
RHC-0059-ACQUIRED-CINC,CINC,CinCor Pharma Inc.,2023-01-09,2022-03-22,10-K,0000950170-22-004307,https://www.sec.gov/Archives/edgar/data/1868734/000095017022004307/0000950170-22-004307-index.htm,,,Primary and complete submission text fetched.,LOW,LIKELY_NO_HIT
RHC-0059-ACQUIRED-CINC,CINC,CinCor Pharma Inc.,2023-01-09,2022-03-22,8-K,0000950170-22-004258,https://www.sec.gov/Archives/edgar/data/1868734/000095017022004258/0000950170-22-004258-index.htm,,,Primary and complete submission text fetched.,LOW,LIKELY_NO_HIT
RHC-0059-ACQUIRED-CINC,CINC,CinCor Pharma Inc.,2023-01-09,2022-05-10,10-Q,0000950170-22-009030,https://www.sec.gov/Archives/edgar/data/1868734/000095017022009030/0000950170-22-009030-index.htm,sale_process,sale of the company,"tible preferred stock senior to the Company's common stock at the time, and a probability analysis of various liquidity events at that time, such as a public offering or sale of the Company, under differing scenarios. Changes to the key assumptions used in the valuations could have resulted in different fair values of common stock at each valuation date. The Company's results and business operations can al",LOW,POSSIBLE_HIT
RHC-0059-ACQUIRED-CINC,CINC,CinCor Pharma Inc.,2023-01-09,2022-05-10,8-K,0000950170-22-008738,https://www.sec.gov/Archives/edgar/data/1868734/000095017022008738/0000950170-22-008738-index.htm,,,Primary and complete submission text fetched.,LOW,LIKELY_NO_HIT
RHC-0059-ACQUIRED-CINC,CINC,CinCor Pharma Inc.,2023-01-09,2022-08-08,10-Q,0000950170-22-015254,https://www.sec.gov/Archives/edgar/data/1868734/000095017022015254/0000950170-22-015254-index.htm,sale_process,sale of the company,"tible preferred stock senior to the Company's common stock at the time, and a probability analysis of various liquidity events at that time, such as a public offering or sale of the Company, under differing scenarios. Changes to the key assumptions used in the valuations could have resulted in different fair values of common stock at each valuation date. The Company's results and business operations can al",LOW,POSSIBLE_HIT
RHC-0059-ACQUIRED-CINC,CINC,CinCor Pharma Inc.,2023-01-09,2022-08-08,8-K,0000950170-22-015240,https://www.sec.gov/Archives/edgar/data/1868734/000095017022015240/0000950170-22-015240-index.htm,,,Primary and complete submission text fetched.,LOW,LIKELY_NO_HIT
RHC-0059-ACQUIRED-CINC,CINC,CinCor Pharma Inc.,2023-01-09,2022-08-08,8-K,0000950170-22-015246,https://www.sec.gov/Archives/edgar/data/1868734/000095017022015246/0000950170-22-015246-index.htm,,,Primary and complete submission text fetched.,LOW,LIKELY_NO_HIT
RHC-0059-ACQUIRED-CINC,CINC,CinCor Pharma Inc.,2023-01-09,2022-08-11,8-K,0001193125-22-218109,https://www.sec.gov/Archives/edgar/data/1868734/000119312522218109/0001193125-22-218109-index.htm,,,Primary and complete submission text fetched.,LOW,LIKELY_NO_HIT
RHC-0059-ACQUIRED-CINC,CINC,CinCor Pharma Inc.,2023-01-09,2022-08-22,SC 13D/A,0001104659-22-093020,https://www.sec.gov/Archives/edgar/data/1868734/000110465922093020/0001104659-22-093020-index.htm,,,Primary and complete submission text fetched.,LOW,LIKELY_NO_HIT
RHC-0059-ACQUIRED-CINC,CINC,CinCor Pharma Inc.,2023-01-09,2022-11-03,10-Q,0000950170-22-021582,https://www.sec.gov/Archives/edgar/data/1868734/000095017022021582/0000950170-22-021582-index.htm,sale_process,sale of the company,"tible preferred stock senior to the Company's common stock at the time, and a probability analysis of various liquidity events at that time, such as a public offering or sale of the Company, under differing scenarios. Changes to the key assumptions used in the valuations could have resulted in different fair values of common stock at each valuation date. The Company's results and business operations can al",LOW,POSSIBLE_HIT
RHC-0059-ACQUIRED-CINC,CINC,CinCor Pharma Inc.,2023-01-09,2022-11-03,8-K,0000950170-22-021577,https://www.sec.gov/Archives/edgar/data/1868734/000095017022021577/0000950170-22-021577-index.htm,,,Primary and complete submission text fetched.,LOW,LIKELY_NO_HIT
RHC-0059-ACQUIRED-CINC,CINC,CinCor Pharma Inc.,2023-01-09,2022-11-07,8-K,0000950170-22-022339,https://www.sec.gov/Archives/edgar/data/1868734/000095017022022339/0000950170-22-022339-index.htm,,,Primary and complete submission text fetched.,LOW,LIKELY_NO_HIT
RHC-0059-ACQUIRED-CINC,CINC,CinCor Pharma Inc.,2023-01-09,2022-11-08,8-K,0000950170-22-022838,https://www.sec.gov/Archives/edgar/data/1868734/000095017022022838/0000950170-22-022838-index.htm,,,Primary and complete submission text fetched.,LOW,LIKELY_NO_HIT
RHC-0059-ACQUIRED-CINC,CINC,CinCor Pharma Inc.,2023-01-09,2022-11-28,8-K,0000950170-22-025707,https://www.sec.gov/Archives/edgar/data/1868734/000095017022025707/0000950170-22-025707-index.htm,,,Primary and complete submission text fetched.,LOW,LIKELY_NO_HIT
RHC-0060-ACQUIRED-CTIC,CTIC,CTI BioPharma Corp.,2023-05-10,2021-11-12,10-Q,0000891293-21-000044,https://www.sec.gov/Archives/edgar/data/891293/000089129321000044/0000891293-21-000044-index.htm,,,Primary and complete submission text fetched.,LOW,LIKELY_NO_HIT
RHC-0060-ACQUIRED-CTIC,CTIC,CTI BioPharma Corp.,2023-05-10,2022-03-02,8-K,0001193125-22-061828,https://www.sec.gov/Archives/edgar/data/891293/000119312522061828/0001193125-22-061828-index.htm,,,Primary and complete submission text fetched.,LOW,LIKELY_NO_HIT
RHC-0060-ACQUIRED-CTIC,CTIC,CTI BioPharma Corp.,2023-05-10,2022-03-04,8-K,0001193125-22-066282,https://www.sec.gov/Archives/edgar/data/891293/000119312522066282/0001193125-22-066282-index.htm,,,Primary and complete submission text fetched.,LOW,LIKELY_NO_HIT
RHC-0060-ACQUIRED-CTIC,CTIC,CTI BioPharma Corp.,2023-05-10,2022-03-31,10-K,0000891293-22-000010,https://www.sec.gov/Archives/edgar/data/891293/000089129322000010/0000891293-22-000010-index.htm,,,Primary and complete submission text fetched.,LOW,LIKELY_NO_HIT
RHC-0060-ACQUIRED-CTIC,CTIC,CTI BioPharma Corp.,2023-05-10,2022-03-31,8-K,0000891293-22-000008,https://www.sec.gov/Archives/edgar/data/891293/000089129322000008/0000891293-22-000008-index.htm,,,Primary and complete submission text fetched.,LOW,LIKELY_NO_HIT
RHC-0060-ACQUIRED-CTIC,CTIC,CTI BioPharma Corp.,2023-05-10,2022-04-19,DEF 14A,0000891293-22-000015,https://www.sec.gov/Archives/edgar/data/891293/000089129322000015/0000891293-22-000015-index.htm,,,Primary and complete submission text fetched.,LOW,LIKELY_NO_HIT
RHC-0060-ACQUIRED-CTIC,CTIC,CTI BioPharma Corp.,2023-05-10,2022-05-12,10-Q,0000891293-22-000026,https://www.sec.gov/Archives/edgar/data/891293/000089129322000026/0000891293-22-000026-index.htm,,,Primary and complete submission text fetched.,LOW,LIKELY_NO_HIT
RHC-0060-ACQUIRED-CTIC,CTIC,CTI BioPharma Corp.,2023-05-10,2022-05-12,8-K,0000891293-22-000024,https://www.sec.gov/Archives/edgar/data/891293/000089129322000024/0000891293-22-000024-index.htm,,,Primary and complete submission text fetched.,LOW,LIKELY_NO_HIT
RHC-0060-ACQUIRED-CTIC,CTIC,CTI BioPharma Corp.,2023-05-10,2022-06-03,8-K,0001193125-22-167307,https://www.sec.gov/Archives/edgar/data/891293/000119312522167307/0001193125-22-167307-index.htm,,,Primary and complete submission text fetched.,LOW,LIKELY_NO_HIT
RHC-0060-ACQUIRED-CTIC,CTIC,CTI BioPharma Corp.,2023-05-10,2022-06-17,SC 13D/A,0001072613-22-000460,https://www.sec.gov/Archives/edgar/data/891293/000107261322000460/0001072613-22-000460-index.htm,,,Primary and complete submission text fetched.,LOW,LIKELY_NO_HIT
RHC-0060-ACQUIRED-CTIC,CTIC,CTI BioPharma Corp.,2023-05-10,2022-07-22,SC 13D/A,0001072613-22-000492,https://www.sec.gov/Archives/edgar/data/891293/000107261322000492/0001072613-22-000492-index.htm,,,Primary and complete submission text fetched.,LOW,LIKELY_NO_HIT
RHC-0060-ACQUIRED-CTIC,CTIC,CTI BioPharma Corp.,2023-05-10,2022-08-08,10-Q,0000891293-22-000043,https://www.sec.gov/Archives/edgar/data/891293/000089129322000043/0000891293-22-000043-index.htm,,,Primary and complete submission text fetched.,LOW,LIKELY_NO_HIT
RHC-0060-ACQUIRED-CTIC,CTIC,CTI BioPharma Corp.,2023-05-10,2022-08-08,8-K,0000891293-22-000040,https://www.sec.gov/Archives/edgar/data/891293/000089129322000040/0000891293-22-000040-index.htm,,,Primary and complete submission text fetched.,LOW,LIKELY_NO_HIT
RHC-0060-ACQUIRED-CTIC,CTIC,CTI BioPharma Corp.,2023-05-10,2022-08-11,SC 13D/A,0000921895-22-002401,https://www.sec.gov/Archives/edgar/data/891293/000092189522002401/0000921895-22-002401-index.htm,,,Primary and complete submission text fetched.,LOW,LIKELY_NO_HIT
RHC-0060-ACQUIRED-CTIC,CTIC,CTI BioPharma Corp.,2023-05-10,2022-08-15,8-K,0001193125-22-220688,https://www.sec.gov/Archives/edgar/data/891293/000119312522220688/0001193125-22-220688-index.htm,,,Primary and complete submission text fetched.,LOW,LIKELY_NO_HIT
RHC-0060-ACQUIRED-CTIC,CTIC,CTI BioPharma Corp.,2023-05-10,2022-09-28,8-K,0001193125-22-253261,https://www.sec.gov/Archives/edgar/data/891293/000119312522253261/0001193125-22-253261-index.htm,,,Primary and complete submission text fetched.,LOW,LIKELY_NO_HIT
RHC-0060-ACQUIRED-CTIC,CTIC,CTI BioPharma Corp.,2023-05-10,2022-10-13,8-K,0001193125-22-262275,https://www.sec.gov/Archives/edgar/data/891293/000119312522262275/0001193125-22-262275-index.htm,,,Primary and complete submission text fetched.,LOW,LIKELY_NO_HIT
RHC-0060-ACQUIRED-CTIC,CTIC,CTI BioPharma Corp.,2023-05-10,2022-11-07,10-Q,0000891293-22-000054,https://www.sec.gov/Archives/edgar/data/891293/000089129322000054/0000891293-22-000054-index.htm,,,Primary and complete submission text fetched.,LOW,LIKELY_NO_HIT
RHC-0060-ACQUIRED-CTIC,CTIC,CTI BioPharma Corp.,2023-05-10,2022-11-07,8-K,0000891293-22-000052,https://www.sec.gov/Archives/edgar/data/891293/000089129322000052/0000891293-22-000052-index.htm,,,Primary and complete submission text fetched.,LOW,LIKELY_NO_HIT
RHC-0060-ACQUIRED-CTIC,CTIC,CTI BioPharma Corp.,2023-05-10,2023-03-06,10-K,0000891293-23-000011,https://www.sec.gov/Archives/edgar/data/891293/000089129323000011/0000891293-23-000011-index.htm,,,Primary and complete submission text fetched.,LOW,LIKELY_NO_HIT
RHC-0060-ACQUIRED-CTIC,CTIC,CTI BioPharma Corp.,2023-05-10,2023-03-06,8-K,0000891293-23-000009,https://www.sec.gov/Archives/edgar/data/891293/000089129323000009/0000891293-23-000009-index.htm,,,Primary and complete submission text fetched.,LOW,LIKELY_NO_HIT
RHC-0060-ACQUIRED-CTIC,CTIC,CTI BioPharma Corp.,2023-05-10,2023-04-28,DEF 14A,0001193125-23-126851,https://www.sec.gov/Archives/edgar/data/891293/000119312523126851/0001193125-23-126851-index.htm,,,Primary and complete submission text fetched.,LOW,LIKELY_NO_HIT
RHC-0061-ACQUIRED-DICE,DICE,DICE Therapeutics Inc.,2023-06-20,2022-02-17,8-K,0001193125-22-044809,https://www.sec.gov/Archives/edgar/data/1645569/000119312522044809/0001193125-22-044809-index.htm,,,Primary and complete submission text fetched.,LOW,LIKELY_NO_HIT
RHC-0061-ACQUIRED-DICE,DICE,DICE Therapeutics Inc.,2023-06-20,2022-03-21,8-K,0001564590-22-011191,https://www.sec.gov/Archives/edgar/data/1645569/000156459022011191/0001564590-22-011191-index.htm,,,Primary and complete submission text fetched.,LOW,LIKELY_NO_HIT
RHC-0061-ACQUIRED-DICE,DICE,DICE Therapeutics Inc.,2023-06-20,2022-03-28,10-K,0001564590-22-011972,https://www.sec.gov/Archives/edgar/data/1645569/000156459022011972/0001564590-22-011972-index.htm,,,Primary and complete submission text fetched.,LOW,LIKELY_NO_HIT
RHC-0061-ACQUIRED-DICE,DICE,DICE Therapeutics Inc.,2023-06-20,2022-03-28,8-K,0001193125-22-086654,https://www.sec.gov/Archives/edgar/data/1645569/000119312522086654/0001193125-22-086654-index.htm,,,Primary and complete submission text fetched.,LOW,LIKELY_NO_HIT
RHC-0061-ACQUIRED-DICE,DICE,DICE Therapeutics Inc.,2023-06-20,2022-04-26,DEF 14A,0001564590-22-015687,https://www.sec.gov/Archives/edgar/data/1645569/000156459022015687/0001564590-22-015687-index.htm,,,Primary and complete submission text fetched.,LOW,LIKELY_NO_HIT
RHC-0061-ACQUIRED-DICE,DICE,DICE Therapeutics Inc.,2023-06-20,2022-05-03,8-K,0001193125-22-137739,https://www.sec.gov/Archives/edgar/data/1645569/000119312522137739/0001193125-22-137739-index.htm,,,Primary and complete submission text fetched.,LOW,LIKELY_NO_HIT
RHC-0061-ACQUIRED-DICE,DICE,DICE Therapeutics Inc.,2023-06-20,2022-05-12,10-Q,0001564590-22-019841,https://www.sec.gov/Archives/edgar/data/1645569/000156459022019841/0001564590-22-019841-index.htm,,,Primary and complete submission text fetched.,LOW,LIKELY_NO_HIT
RHC-0061-ACQUIRED-DICE,DICE,DICE Therapeutics Inc.,2023-06-20,2022-05-12,8-K,0001564590-22-019867,https://www.sec.gov/Archives/edgar/data/1645569/000156459022019867/0001564590-22-019867-index.htm,,,Primary and complete submission text fetched.,LOW,LIKELY_NO_HIT
RHC-0061-ACQUIRED-DICE,DICE,DICE Therapeutics Inc.,2023-06-20,2022-06-08,8-K,0001564590-22-022764,https://www.sec.gov/Archives/edgar/data/1645569/000156459022022764/0001564590-22-022764-index.htm,,,Primary and complete submission text fetched.,LOW,LIKELY_NO_HIT
RHC-0061-ACQUIRED-DICE,DICE,DICE Therapeutics Inc.,2023-06-20,2022-06-28,8-K,0000950170-22-012263,https://www.sec.gov/Archives/edgar/data/1645569/000095017022012263/0000950170-22-012263-index.htm,,,Primary and complete submission text fetched.,LOW,LIKELY_NO_HIT
RHC-0061-ACQUIRED-DICE,DICE,DICE Therapeutics Inc.,2023-06-20,2022-08-11,10-Q,0000950170-22-016848,https://www.sec.gov/Archives/edgar/data/1645569/000095017022016848/0000950170-22-016848-index.htm,,,Primary and complete submission text fetched.,LOW,LIKELY_NO_HIT
RHC-0061-ACQUIRED-DICE,DICE,DICE Therapeutics Inc.,2023-06-20,2022-08-11,8-K,0000950170-22-016876,https://www.sec.gov/Archives/edgar/data/1645569/000095017022016876/0000950170-22-016876-index.htm,,,Primary and complete submission text fetched.,LOW,LIKELY_NO_HIT
RHC-0061-ACQUIRED-DICE,DICE,DICE Therapeutics Inc.,2023-06-20,2022-10-11,8-K,0001193125-22-260253,https://www.sec.gov/Archives/edgar/data/1645569/000119312522260253/0001193125-22-260253-index.htm,,,Primary and complete submission text fetched.,LOW,LIKELY_NO_HIT
RHC-0061-ACQUIRED-DICE,DICE,DICE Therapeutics Inc.,2023-06-20,2022-10-13,8-K,0001193125-22-262157,https://www.sec.gov/Archives/edgar/data/1645569/000119312522262157/0001193125-22-262157-index.htm,,,Primary and complete submission text fetched.,LOW,LIKELY_NO_HIT
RHC-0061-ACQUIRED-DICE,DICE,DICE Therapeutics Inc.,2023-06-20,2022-10-19,SC 13D/A,0001104659-22-110002,https://www.sec.gov/Archives/edgar/data/1645569/000110465922110002/0001104659-22-110002-index.htm,acquisition_proposal,proposal to acquire,"rted herein for investment purposes and not with an intent, purpose or effect of changing control of the Issuer. Although the Reporting Persons currently have no plan or proposal to acquire any additional Issuer securities or to dispose of any of the Issuer securities reported herein, the Reporting Persons may acquire additional Issuer securities from time to time or dispose of Issuer securities they benef",LOW,POSSIBLE_HIT
RHC-0061-ACQUIRED-DICE,DICE,DICE Therapeutics Inc.,2023-06-20,2022-11-09,10-Q,0000950170-22-023833,https://www.sec.gov/Archives/edgar/data/1645569/000095017022023833/0000950170-22-023833-index.htm,,,Primary and complete submission text fetched.,LOW,LIKELY_NO_HIT
RHC-0061-ACQUIRED-DICE,DICE,DICE Therapeutics Inc.,2023-06-20,2022-11-09,8-K,0000950170-22-023856,https://www.sec.gov/Archives/edgar/data/1645569/000095017022023856/0000950170-22-023856-index.htm,,,Primary and complete submission text fetched.,LOW,LIKELY_NO_HIT
RHC-0061-ACQUIRED-DICE,DICE,DICE Therapeutics Inc.,2023-06-20,2022-11-10,SC 13D/A,0001193125-22-282627,https://www.sec.gov/Archives/edgar/data/1645569/000119312522282627/0001193125-22-282627-index.htm,,,Primary and complete submission text fetched.,LOW,LIKELY_NO_HIT
RHC-0061-ACQUIRED-DICE,DICE,DICE Therapeutics Inc.,2023-06-20,2022-11-17,8-K,0000950170-22-025384,https://www.sec.gov/Archives/edgar/data/1645569/000095017022025384/0000950170-22-025384-index.htm,,,Primary and complete submission text fetched.,LOW,LIKELY_NO_HIT
RHC-0061-ACQUIRED-DICE,DICE,DICE Therapeutics Inc.,2023-06-20,2023-02-10,8-K,0000950170-23-002474,https://www.sec.gov/Archives/edgar/data/1645569/000095017023002474/0000950170-23-002474-index.htm,,,Primary and complete submission text fetched.,LOW,LIKELY_NO_HIT
RHC-0061-ACQUIRED-DICE,DICE,DICE Therapeutics Inc.,2023-06-20,2023-03-15,10-K,0000950170-23-008119,https://www.sec.gov/Archives/edgar/data/1645569/000095017023008119/0000950170-23-008119-index.htm,,,Primary and complete submission text fetched.,LOW,LIKELY_NO_HIT
RHC-0061-ACQUIRED-DICE,DICE,DICE Therapeutics Inc.,2023-06-20,2023-03-15,8-K,0000950170-23-008131,https://www.sec.gov/Archives/edgar/data/1645569/000095017023008131/0000950170-23-008131-index.htm,,,Primary and complete submission text fetched.,LOW,LIKELY_NO_HIT
RHC-0061-ACQUIRED-DICE,DICE,DICE Therapeutics Inc.,2023-06-20,2023-03-29,SC 13D/A,0001104659-23-038414,https://www.sec.gov/Archives/edgar/data/1645569/000110465923038414/0001104659-23-038414-index.htm,,,Primary and complete submission text fetched.,LOW,LIKELY_NO_HIT
RHC-0061-ACQUIRED-DICE,DICE,DICE Therapeutics Inc.,2023-06-20,2023-04-26,DEF 14A,0000950170-23-014782,https://www.sec.gov/Archives/edgar/data/1645569/000095017023014782/0000950170-23-014782-index.htm,,,Primary and complete submission text fetched.,LOW,LIKELY_NO_HIT
RHC-0061-ACQUIRED-DICE,DICE,DICE Therapeutics Inc.,2023-06-20,2023-05-11,10-Q,0000950170-23-021193,https://www.sec.gov/Archives/edgar/data/1645569/000095017023021193/0000950170-23-021193-index.htm,,,Primary and complete submission text fetched.,LOW,LIKELY_NO_HIT
RHC-0061-ACQUIRED-DICE,DICE,DICE Therapeutics Inc.,2023-06-20,2023-05-11,8-K,0000950170-23-021228,https://www.sec.gov/Archives/edgar/data/1645569/000095017023021228/0000950170-23-021228-index.htm,,,Primary and complete submission text fetched.,LOW,LIKELY_NO_HIT
RHC-0061-ACQUIRED-DICE,DICE,DICE Therapeutics Inc.,2023-06-20,2023-06-07,8-K,0000950170-23-026821,https://www.sec.gov/Archives/edgar/data/1645569/000095017023026821/0000950170-23-026821-index.htm,,,Primary and complete submission text fetched.,LOW,LIKELY_NO_HIT
RHC-0062-ACQUIRED-HARP,HARP,Harpoon Therapeutics Inc.,2024-01-08,2022-08-10,10-Q,0000950170-22-016482,https://www.sec.gov/Archives/edgar/data/1708493/000095017022016482/0000950170-22-016482-index.htm,,,Primary and complete submission text fetched.,LOW,LIKELY_NO_HIT
RHC-0062-ACQUIRED-HARP,HARP,Harpoon Therapeutics Inc.,2024-01-08,2022-08-10,8-K,0000950170-22-016475,https://www.sec.gov/Archives/edgar/data/1708493/000095017022016475/0000950170-22-016475-index.htm,,,Primary and complete submission text fetched.,LOW,LIKELY_NO_HIT
RHC-0062-ACQUIRED-HARP,HARP,Harpoon Therapeutics Inc.,2024-01-08,2022-09-19,8-K,0001193125-22-247095,https://www.sec.gov/Archives/edgar/data/1708493/000119312522247095/0001193125-22-247095-index.htm,,,Primary and complete submission text fetched.,LOW,LIKELY_NO_HIT
RHC-0062-ACQUIRED-HARP,HARP,Harpoon Therapeutics Inc.,2024-01-08,2022-11-14,10-Q,0000950170-22-025077,https://www.sec.gov/Archives/edgar/data/1708493/000095017022025077/0000950170-22-025077-index.htm,,,Primary and complete submission text fetched.,LOW,LIKELY_NO_HIT
RHC-0062-ACQUIRED-HARP,HARP,Harpoon Therapeutics Inc.,2024-01-08,2022-11-14,8-K,0000950170-22-025050,https://www.sec.gov/Archives/edgar/data/1708493/000095017022025050/0000950170-22-025050-index.htm,,,Primary and complete submission text fetched.,LOW,LIKELY_NO_HIT
RHC-0062-ACQUIRED-HARP,HARP,Harpoon Therapeutics Inc.,2024-01-08,2022-12-01,8-K,0001193125-22-296516,https://www.sec.gov/Archives/edgar/data/1708493/000119312522296516/0001193125-22-296516-index.htm,,,Primary and complete submission text fetched.,LOW,LIKELY_NO_HIT
RHC-0062-ACQUIRED-HARP,HARP,Harpoon Therapeutics Inc.,2024-01-08,2022-12-12,8-K,0001193125-22-302733,https://www.sec.gov/Archives/edgar/data/1708493/000119312522302733/0001193125-22-302733-index.htm,,,Primary and complete submission text fetched.,LOW,LIKELY_NO_HIT
RHC-0062-ACQUIRED-HARP,HARP,Harpoon Therapeutics Inc.,2024-01-08,2023-03-27,10-K,0000950170-23-010030,https://www.sec.gov/Archives/edgar/data/1708493/000095017023010030/0000950170-23-010030-index.htm,,,Primary and complete submission text fetched.,LOW,LIKELY_NO_HIT
RHC-0062-ACQUIRED-HARP,HARP,Harpoon Therapeutics Inc.,2024-01-08,2023-03-27,8-K,0001193125-23-080536,https://www.sec.gov/Archives/edgar/data/1708493/000119312523080536/0001193125-23-080536-index.htm,,,Primary and complete submission text fetched.,LOW,LIKELY_NO_HIT
RHC-0062-ACQUIRED-HARP,HARP,Harpoon Therapeutics Inc.,2024-01-08,2023-03-29,SC 13D/A,0001193125-23-083705,https://www.sec.gov/Archives/edgar/data/1708493/000119312523083705/0001193125-23-083705-index.htm,,,Primary and complete submission text fetched.,LOW,LIKELY_NO_HIT
RHC-0062-ACQUIRED-HARP,HARP,Harpoon Therapeutics Inc.,2024-01-08,2023-03-31,8-K,0001193125-23-088198,https://www.sec.gov/Archives/edgar/data/1708493/000119312523088198/0001193125-23-088198-index.htm,,,Primary and complete submission text fetched.,LOW,LIKELY_NO_HIT
RHC-0062-ACQUIRED-HARP,HARP,Harpoon Therapeutics Inc.,2024-01-08,2023-04-27,DEF 14A,0001193125-23-122195,https://www.sec.gov/Archives/edgar/data/1708493/000119312523122195/0001193125-23-122195-index.htm,,,Primary and complete submission text fetched.,LOW,LIKELY_NO_HIT
RHC-0062-ACQUIRED-HARP,HARP,Harpoon Therapeutics Inc.,2024-01-08,2023-05-11,10-Q,0000950170-23-021327,https://www.sec.gov/Archives/edgar/data/1708493/000095017023021327/0000950170-23-021327-index.htm,,,Primary and complete submission text fetched.,LOW,LIKELY_NO_HIT
RHC-0062-ACQUIRED-HARP,HARP,Harpoon Therapeutics Inc.,2024-01-08,2023-05-12,8-K,0001193125-23-142363,https://www.sec.gov/Archives/edgar/data/1708493/000119312523142363/0001193125-23-142363-index.htm,,,Primary and complete submission text fetched.,LOW,LIKELY_NO_HIT
RHC-0062-ACQUIRED-HARP,HARP,Harpoon Therapeutics Inc.,2024-01-08,2023-05-30,424B3,0001193125-23-156663,https://www.sec.gov/Archives/edgar/data/1708493/000119312523156663/0001193125-23-156663-index.htm,,,Primary and complete submission text fetched.,LOW,LIKELY_NO_HIT
RHC-0062-ACQUIRED-HARP,HARP,Harpoon Therapeutics Inc.,2024-01-08,2023-06-23,8-K,0001193125-23-173916,https://www.sec.gov/Archives/edgar/data/1708493/000119312523173916/0001193125-23-173916-index.htm,,,Primary and complete submission text fetched.,LOW,LIKELY_NO_HIT
RHC-0062-ACQUIRED-HARP,HARP,Harpoon Therapeutics Inc.,2024-01-08,2023-08-09,10-Q,0000950170-23-040663,https://www.sec.gov/Archives/edgar/data/1708493/000095017023040663/0000950170-23-040663-index.htm,,,Primary and complete submission text fetched.,LOW,LIKELY_NO_HIT
RHC-0062-ACQUIRED-HARP,HARP,Harpoon Therapeutics Inc.,2024-01-08,2023-08-09,8-K,0001193125-23-207401,https://www.sec.gov/Archives/edgar/data/1708493/000119312523207401/0001193125-23-207401-index.htm,,,Primary and complete submission text fetched.,LOW,LIKELY_NO_HIT
RHC-0062-ACQUIRED-HARP,HARP,Harpoon Therapeutics Inc.,2024-01-08,2023-09-01,8-K,0001193125-23-227267,https://www.sec.gov/Archives/edgar/data/1708493/000119312523227267/0001193125-23-227267-index.htm,,,Primary and complete submission text fetched.,LOW,LIKELY_NO_HIT
RHC-0062-ACQUIRED-HARP,HARP,Harpoon Therapeutics Inc.,2024-01-08,2023-09-13,8-K,0001193125-23-234371,https://www.sec.gov/Archives/edgar/data/1708493/000119312523234371/0001193125-23-234371-index.htm,,,Primary and complete submission text fetched.,LOW,LIKELY_NO_HIT
RHC-0062-ACQUIRED-HARP,HARP,Harpoon Therapeutics Inc.,2024-01-08,2023-09-29,8-K,0001193125-23-247523,https://www.sec.gov/Archives/edgar/data/1708493/000119312523247523/0001193125-23-247523-index.htm,,,Primary and complete submission text fetched.,LOW,LIKELY_NO_HIT
RHC-0062-ACQUIRED-HARP,HARP,Harpoon Therapeutics Inc.,2024-01-08,2023-10-23,8-K,0001193125-23-260366,https://www.sec.gov/Archives/edgar/data/1708493/000119312523260366/0001193125-23-260366-index.htm,,,Primary and complete submission text fetched.,LOW,LIKELY_NO_HIT
RHC-0062-ACQUIRED-HARP,HARP,Harpoon Therapeutics Inc.,2024-01-08,2023-10-24,8-K,0001193125-23-260990,https://www.sec.gov/Archives/edgar/data/1708493/000119312523260990/0001193125-23-260990-index.htm,,,Primary and complete submission text fetched.,LOW,LIKELY_NO_HIT
RHC-0062-ACQUIRED-HARP,HARP,Harpoon Therapeutics Inc.,2024-01-08,2023-11-09,10-Q,0000950170-23-062125,https://www.sec.gov/Archives/edgar/data/1708493/000095017023062125/0000950170-23-062125-index.htm,,,Primary and complete submission text fetched.,LOW,LIKELY_NO_HIT
RHC-0062-ACQUIRED-HARP,HARP,Harpoon Therapeutics Inc.,2024-01-08,2023-11-09,8-K,0001193125-23-274508,https://www.sec.gov/Archives/edgar/data/1708493/000119312523274508/0001193125-23-274508-index.htm,,,Primary and complete submission text fetched.,LOW,LIKELY_NO_HIT
RHC-0062-ACQUIRED-HARP,HARP,Harpoon Therapeutics Inc.,2024-01-08,2023-11-24,8-K,0001193125-23-282726,https://www.sec.gov/Archives/edgar/data/1708493/000119312523282726/0001193125-23-282726-index.htm,,,Primary and complete submission text fetched.,LOW,LIKELY_NO_HIT
RHC-0062-ACQUIRED-HARP,HARP,Harpoon Therapeutics Inc.,2024-01-08,2023-11-28,8-K,0001193125-23-284289,https://www.sec.gov/Archives/edgar/data/1708493/000119312523284289/0001193125-23-284289-index.htm,,,Primary and complete submission text fetched.,LOW,LIKELY_NO_HIT
RHC-0062-ACQUIRED-HARP,HARP,Harpoon Therapeutics Inc.,2024-01-08,2023-12-22,424B3,0001193125-23-302109,https://www.sec.gov/Archives/edgar/data/1708493/000119312523302109/0001193125-23-302109-index.htm,,,Primary and complete submission text fetched.,LOW,LIKELY_NO_HIT
RHC-0063-ACQUIRED-ISEE,ISEE,IVERIC bio Inc.,2023-05-01,2021-11-09,10-Q,0001410939-21-000051,https://www.sec.gov/Archives/edgar/data/1410939/000141093921000051/0001410939-21-000051-index.htm,,,Primary and complete submission text fetched.,LOW,LIKELY_NO_HIT
RHC-0063-ACQUIRED-ISEE,ISEE,IVERIC bio Inc.,2023-05-01,2021-11-09,8-K,0001410939-21-000048,https://www.sec.gov/Archives/edgar/data/1410939/000141093921000048/0001410939-21-000048-index.htm,,,Primary and complete submission text fetched.,LOW,LIKELY_NO_HIT
RHC-0063-ACQUIRED-ISEE,ISEE,IVERIC bio Inc.,2023-05-01,2022-01-11,8-K,0001410939-22-000004,https://www.sec.gov/Archives/edgar/data/1410939/000141093922000004/0001410939-22-000004-index.htm,,,Primary and complete submission text fetched.,LOW,LIKELY_NO_HIT
RHC-0063-ACQUIRED-ISEE,ISEE,IVERIC bio Inc.,2023-05-01,2022-01-11,8-K,0001410939-22-000005,https://www.sec.gov/Archives/edgar/data/1410939/000141093922000005/0001410939-22-000005-index.htm,,,Primary and complete submission text fetched.,LOW,LIKELY_NO_HIT
RHC-0063-ACQUIRED-ISEE,ISEE,IVERIC bio Inc.,2023-05-01,2022-02-24,10-K,0001410939-22-000015,https://www.sec.gov/Archives/edgar/data/1410939/000141093922000015/0001410939-22-000015-index.htm,,,Primary and complete submission text fetched.,LOW,LIKELY_NO_HIT
RHC-0063-ACQUIRED-ISEE,ISEE,IVERIC bio Inc.,2023-05-01,2022-02-24,8-K,0001410939-22-000012,https://www.sec.gov/Archives/edgar/data/1410939/000141093922000012/0001410939-22-000012-index.htm,,,Primary and complete submission text fetched.,LOW,LIKELY_NO_HIT
RHC-0063-ACQUIRED-ISEE,ISEE,IVERIC bio Inc.,2023-05-01,2022-03-25,8-K,0001410939-22-000027,https://www.sec.gov/Archives/edgar/data/1410939/000141093922000027/0001410939-22-000027-index.htm,,,Primary and complete submission text fetched.,LOW,LIKELY_NO_HIT
RHC-0063-ACQUIRED-ISEE,ISEE,IVERIC bio Inc.,2023-05-01,2022-03-30,DEF 14A,0001410939-22-000037,https://www.sec.gov/Archives/edgar/data/1410939/000141093922000037/0001410939-22-000037-index.htm,,,Primary and complete submission text fetched.,LOW,LIKELY_NO_HIT
RHC-0063-ACQUIRED-ISEE,ISEE,IVERIC bio Inc.,2023-05-01,2022-04-04,8-K,0001410939-22-000042,https://www.sec.gov/Archives/edgar/data/1410939/000141093922000042/0001410939-22-000042-index.htm,,,Primary and complete submission text fetched.,LOW,LIKELY_NO_HIT
RHC-0063-ACQUIRED-ISEE,ISEE,IVERIC bio Inc.,2023-05-01,2022-05-04,10-Q,0001410939-22-000059,https://www.sec.gov/Archives/edgar/data/1410939/000141093922000059/0001410939-22-000059-index.htm,,,Primary and complete submission text fetched.,LOW,LIKELY_NO_HIT
RHC-0063-ACQUIRED-ISEE,ISEE,IVERIC bio Inc.,2023-05-01,2022-05-04,8-K,0001410939-22-000056,https://www.sec.gov/Archives/edgar/data/1410939/000141093922000056/0001410939-22-000056-index.htm,,,Primary and complete submission text fetched.,LOW,LIKELY_NO_HIT
RHC-0063-ACQUIRED-ISEE,ISEE,IVERIC bio Inc.,2023-05-01,2022-05-18,8-K,0001410939-22-000075,https://www.sec.gov/Archives/edgar/data/1410939/000141093922000075/0001410939-22-000075-index.htm,,,Primary and complete submission text fetched.,LOW,LIKELY_NO_HIT
RHC-0063-ACQUIRED-ISEE,ISEE,IVERIC bio Inc.,2023-05-01,2022-07-05,8-K,0001410939-22-000080,https://www.sec.gov/Archives/edgar/data/1410939/000141093922000080/0001410939-22-000080-index.htm,,,Primary and complete submission text fetched.,LOW,LIKELY_NO_HIT
RHC-0063-ACQUIRED-ISEE,ISEE,IVERIC bio Inc.,2023-05-01,2022-07-26,10-Q,0001410939-22-000090,https://www.sec.gov/Archives/edgar/data/1410939/000141093922000090/0001410939-22-000090-index.htm,,,Primary and complete submission text fetched.,LOW,LIKELY_NO_HIT
RHC-0063-ACQUIRED-ISEE,ISEE,IVERIC bio Inc.,2023-05-01,2022-07-26,8-K,0001410939-22-000087,https://www.sec.gov/Archives/edgar/data/1410939/000141093922000087/0001410939-22-000087-index.htm,,,Primary and complete submission text fetched.,LOW,LIKELY_NO_HIT
RHC-0063-ACQUIRED-ISEE,ISEE,IVERIC bio Inc.,2023-05-01,2022-09-06,8-K,0001410939-22-000094,https://www.sec.gov/Archives/edgar/data/1410939/000141093922000094/0001410939-22-000094-index.htm,,,Primary and complete submission text fetched.,LOW,LIKELY_NO_HIT
RHC-0063-ACQUIRED-ISEE,ISEE,IVERIC bio Inc.,2023-05-01,2022-09-07,8-K,0001410939-22-000097,https://www.sec.gov/Archives/edgar/data/1410939/000141093922000097/0001410939-22-000097-index.htm,,,Primary and complete submission text fetched.,LOW,LIKELY_NO_HIT
RHC-0063-ACQUIRED-ISEE,ISEE,IVERIC bio Inc.,2023-05-01,2022-09-28,8-K,0001410939-22-000099,https://www.sec.gov/Archives/edgar/data/1410939/000141093922000099/0001410939-22-000099-index.htm,,,Primary and complete submission text fetched.,LOW,LIKELY_NO_HIT
RHC-0063-ACQUIRED-ISEE,ISEE,IVERIC bio Inc.,2023-05-01,2022-11-03,8-K,0001410939-22-000103,https://www.sec.gov/Archives/edgar/data/1410939/000141093922000103/0001410939-22-000103-index.htm,,,Primary and complete submission text fetched.,LOW,LIKELY_NO_HIT
RHC-0063-ACQUIRED-ISEE,ISEE,IVERIC bio Inc.,2023-05-01,2022-11-04,10-Q,0001410939-22-000108,https://www.sec.gov/Archives/edgar/data/1410939/000141093922000108/0001410939-22-000108-index.htm,,,Primary and complete submission text fetched.,LOW,LIKELY_NO_HIT
RHC-0063-ACQUIRED-ISEE,ISEE,IVERIC bio Inc.,2023-05-01,2022-11-17,8-K,0001410939-22-000114,https://www.sec.gov/Archives/edgar/data/1410939/000141093922000114/0001410939-22-000114-index.htm,,,Primary and complete submission text fetched.,LOW,LIKELY_NO_HIT
RHC-0063-ACQUIRED-ISEE,ISEE,IVERIC bio Inc.,2023-05-01,2022-11-28,8-K,0001410939-22-000118,https://www.sec.gov/Archives/edgar/data/1410939/000141093922000118/0001410939-22-000118-index.htm,,,Primary and complete submission text fetched.,LOW,LIKELY_NO_HIT
RHC-0063-ACQUIRED-ISEE,ISEE,IVERIC bio Inc.,2023-05-01,2022-12-05,8-K,0001104659-22-124402,https://www.sec.gov/Archives/edgar/data/1410939/000110465922124402/0001104659-22-124402-index.htm,,,Primary and complete submission text fetched.,LOW,LIKELY_NO_HIT
RHC-0063-ACQUIRED-ISEE,ISEE,IVERIC bio Inc.,2023-05-01,2022-12-12,8-K,0001410939-22-000122,https://www.sec.gov/Archives/edgar/data/1410939/000141093922000122/0001410939-22-000122-index.htm,,,Primary and complete submission text fetched.,LOW,LIKELY_NO_HIT
RHC-0063-ACQUIRED-ISEE,ISEE,IVERIC bio Inc.,2023-05-01,2022-12-27,8-K,0001104659-22-130160,https://www.sec.gov/Archives/edgar/data/1410939/000110465922130160/0001104659-22-130160-index.htm,,,Primary and complete submission text fetched.,LOW,LIKELY_NO_HIT
RHC-0063-ACQUIRED-ISEE,ISEE,IVERIC bio Inc.,2023-05-01,2023-01-06,8-K,0001410939-23-000012,https://www.sec.gov/Archives/edgar/data/1410939/000141093923000012/0001410939-23-000012-index.htm,,,Primary and complete submission text fetched.,LOW,LIKELY_NO_HIT
RHC-0063-ACQUIRED-ISEE,ISEE,IVERIC bio Inc.,2023-05-01,2023-03-01,10-K,0001410939-23-000025,https://www.sec.gov/Archives/edgar/data/1410939/000141093923000025/0001410939-23-000025-index.htm,,,Primary and complete submission text fetched.,LOW,LIKELY_NO_HIT
RHC-0063-ACQUIRED-ISEE,ISEE,IVERIC bio Inc.,2023-05-01,2023-03-01,8-K,0001410939-23-000020,https://www.sec.gov/Archives/edgar/data/1410939/000141093923000020/0001410939-23-000020-index.htm,,,Primary and complete submission text fetched.,LOW,LIKELY_NO_HIT
RHC-0063-ACQUIRED-ISEE,ISEE,IVERIC bio Inc.,2023-05-01,2023-03-10,8-K,0001410939-23-000029,https://www.sec.gov/Archives/edgar/data/1410939/000141093923000029/0001410939-23-000029-index.htm,,,Primary and complete submission text fetched.,LOW,LIKELY_NO_HIT
RHC-0063-ACQUIRED-ISEE,ISEE,IVERIC bio Inc.,2023-05-01,2023-03-20,8-K,0001410939-23-000032,https://www.sec.gov/Archives/edgar/data/1410939/000141093923000032/0001410939-23-000032-index.htm,,,Primary and complete submission text fetched.,LOW,LIKELY_NO_HIT
RHC-0063-ACQUIRED-ISEE,ISEE,IVERIC bio Inc.,2023-05-01,2023-04-05,DEF 14A,0001410939-23-000041,https://www.sec.gov/Archives/edgar/data/1410939/000141093923000041/0001410939-23-000041-index.htm,,,Primary and complete submission text fetched.,LOW,LIKELY_NO_HIT
RHC-0064-ACQUIRED-RETA,RETA,Reata Pharmaceuticals Inc.,2023-07-31,2022-02-07,8-K,0001564590-22-004081,https://www.sec.gov/Archives/edgar/data/1358762/000156459022004081/0001564590-22-004081-index.htm,,,Primary and complete submission text fetched.,LOW,LIKELY_NO_HIT
RHC-0064-ACQUIRED-RETA,RETA,Reata Pharmaceuticals Inc.,2023-07-31,2022-02-28,10-K,0001564590-22-007338,https://www.sec.gov/Archives/edgar/data/1358762/000156459022007338/0001564590-22-007338-index.htm,,,Primary and complete submission text fetched.,LOW,LIKELY_NO_HIT
RHC-0064-ACQUIRED-RETA,RETA,Reata Pharmaceuticals Inc.,2023-07-31,2022-02-28,8-K,0001564590-22-007336,https://www.sec.gov/Archives/edgar/data/1358762/000156459022007336/0001564590-22-007336-index.htm,rofr_rofn,rofr,"9\* MMO;S3YZ ^4C2#/U*G%?-22FYN;N\8$O @Q7N/B M[4/L?AW4)""=LDRK;1 ^E^EGZ=?GT.ZT&W M""*KMPSC.?3H>>2>GTXZ M.1GN?KQFG:E(JV\@)SSD= 2""<>_\C2]HZE=]M+O\+V\K:+_@!&#A0VM=-KSN ME_5CRW6ROFR Q MXX![=^.>QY]^M=+=PY5R C/;Y?FO):;:]?Q/,K1WEMVT[V^;OO^IM>""-'N+B[O]16!9K7S8+""9 M6 )V^:R?+R,[1+SC(""GZUC?%>""*S_LS3[51&)IY)YXP.%\AS''C'4,KY/+ OZ!;&&,2+P% M!)(4[B!]X_5>H.._&37 :5:*TJY7(R""HZ N1R!UY->AC*O)32U3=DU'O=776ZU5[[?EY",LOW,POSSIBLE_HIT
RHC-0064-ACQUIRED-RETA,RETA,Reata Pharmaceuticals Inc.,2023-07-31,2022-03-02,8-K,0001564590-22-008266,https://www.sec.gov/Archives/edgar/data/1358762/000156459022008266/0001564590-22-008266-index.htm,,,Primary and complete submission text fetched.,LOW,LIKELY_NO_HIT
RHC-0064-ACQUIRED-RETA,RETA,Reata Pharmaceuticals Inc.,2023-07-31,2022-04-29,DEF 14A,0001564590-22-016608,https://www.sec.gov/Archives/edgar/data/1358762/000156459022016608/0001564590-22-016608-index.htm,,,Primary and complete submission text fetched.,LOW,LIKELY_NO_HIT
RHC-0064-ACQUIRED-RETA,RETA,Reata Pharmaceuticals Inc.,2023-07-31,2022-05-10,10-Q,0000950170-22-008703,https://www.sec.gov/Archives/edgar/data/1358762/000095017022008703/0000950170-22-008703-index.htm,,,Primary and complete submission text fetched.,LOW,LIKELY_NO_HIT
RHC-0064-ACQUIRED-RETA,RETA,Reata Pharmaceuticals Inc.,2023-07-31,2022-05-10,8-K,0000950170-22-008701,https://www.sec.gov/Archives/edgar/data/1358762/000095017022008701/0000950170-22-008701-index.htm,,,Primary and complete submission text fetched.,LOW,LIKELY_NO_HIT
RHC-0064-ACQUIRED-RETA,RETA,Reata Pharmaceuticals Inc.,2023-07-31,2022-06-09,8-K,0000950170-22-011393,https://www.sec.gov/Archives/edgar/data/1358762/000095017022011393/0000950170-22-011393-index.htm,,,Primary and complete submission text fetched.,LOW,LIKELY_NO_HIT
RHC-0064-ACQUIRED-RETA,RETA,Reata Pharmaceuticals Inc.,2023-07-31,2022-07-12,8-K,0000950170-22-012639,https://www.sec.gov/Archives/edgar/data/1358762/000095017022012639/0000950170-22-012639-index.htm,,,Primary and complete submission text fetched.,LOW,LIKELY_NO_HIT
RHC-0064-ACQUIRED-RETA,RETA,Reata Pharmaceuticals Inc.,2023-07-31,2022-08-08,10-Q,0000950170-22-015223,https://www.sec.gov/Archives/edgar/data/1358762/000095017022015223/0000950170-22-015223-index.htm,,,Primary and complete submission text fetched.,LOW,LIKELY_NO_HIT
RHC-0064-ACQUIRED-RETA,RETA,Reata Pharmaceuticals Inc.,2023-07-31,2022-08-08,8-K,0000950170-22-015220,https://www.sec.gov/Archives/edgar/data/1358762/000095017022015220/0000950170-22-015220-index.htm,,,Primary and complete submission text fetched.,LOW,LIKELY_NO_HIT
RHC-0064-ACQUIRED-RETA,RETA,Reata Pharmaceuticals Inc.,2023-07-31,2022-11-07,8-K,0000950170-22-022703,https://www.sec.gov/Archives/edgar/data/1358762/000095017022022703/0000950170-22-022703-index.htm,,,Primary and complete submission text fetched.,LOW,LIKELY_NO_HIT
RHC-0064-ACQUIRED-RETA,RETA,Reata Pharmaceuticals Inc.,2023-07-31,2022-11-08,10-Q,0000950170-22-022879,https://www.sec.gov/Archives/edgar/data/1358762/000095017022022879/0000950170-22-022879-index.htm,,,Primary and complete submission text fetched.,LOW,LIKELY_NO_HIT
RHC-0064-ACQUIRED-RETA,RETA,Reata Pharmaceuticals Inc.,2023-07-31,2022-11-08,8-K,0000950170-22-022878,https://www.sec.gov/Archives/edgar/data/1358762/000095017022022878/0000950170-22-022878-index.htm,,,Primary and complete submission text fetched.,LOW,LIKELY_NO_HIT
RHC-0064-ACQUIRED-RETA,RETA,Reata Pharmaceuticals Inc.,2023-07-31,2023-02-24,10-K,0000950170-23-004236,https://www.sec.gov/Archives/edgar/data/1358762/000095017023004236/0000950170-23-004236-index.htm,,,Primary and complete submission text fetched.,LOW,LIKELY_NO_HIT
RHC-0064-ACQUIRED-RETA,RETA,Reata Pharmaceuticals Inc.,2023-07-31,2023-02-28,8-K,0000950170-23-005219,https://www.sec.gov/Archives/edgar/data/1358762/000095017023005219/0000950170-23-005219-index.htm,,,Primary and complete submission text fetched.,LOW,LIKELY_NO_HIT
RHC-0064-ACQUIRED-RETA,RETA,Reata Pharmaceuticals Inc.,2023-07-31,2023-03-01,8-K,0000950170-23-005600,https://www.sec.gov/Archives/edgar/data/1358762/000095017023005600/0000950170-23-005600-index.htm,,,Primary and complete submission text fetched.,LOW,LIKELY_NO_HIT
RHC-0064-ACQUIRED-RETA,RETA,Reata Pharmaceuticals Inc.,2023-07-31,2023-04-28,DEF 14A,0001564590-23-006540,https://www.sec.gov/Archives/edgar/data/1358762/000156459023006540/0001564590-23-006540-index.htm,,,Primary and complete submission text fetched.,LOW,LIKELY_NO_HIT
RHC-0064-ACQUIRED-RETA,RETA,Reata Pharmaceuticals Inc.,2023-07-31,2023-05-10,10-Q,0000950170-23-020056,https://www.sec.gov/Archives/edgar/data/1358762/000095017023020056/0000950170-23-020056-index.htm,,,Primary and complete submission text fetched.,LOW,LIKELY_NO_HIT
RHC-0064-ACQUIRED-RETA,RETA,Reata Pharmaceuticals Inc.,2023-07-31,2023-05-10,8-K,0000950170-23-020053,https://www.sec.gov/Archives/edgar/data/1358762/000095017023020053/0000950170-23-020053-index.htm,,,Primary and complete submission text fetched.,LOW,LIKELY_NO_HIT
RHC-0064-ACQUIRED-RETA,RETA,Reata Pharmaceuticals Inc.,2023-07-31,2023-06-07,8-K,0000950170-23-026808,https://www.sec.gov/Archives/edgar/data/1358762/000095017023026808/0000950170-23-026808-index.htm,,,Primary and complete submission text fetched.,LOW,LIKELY_NO_HIT
RHC-0064-ACQUIRED-RETA,RETA,Reata Pharmaceuticals Inc.,2023-07-31,2023-06-20,8-K,0000950170-23-028918,https://www.sec.gov/Archives/edgar/data/1358762/000095017023028918/0000950170-23-028918-index.htm,,,Primary and complete submission text fetched.,LOW,LIKELY_NO_HIT
RHC-0064-ACQUIRED-RETA,RETA,Reata Pharmaceuticals Inc.,2023-07-31,2023-07-11,8-K,0000950170-23-032425,https://www.sec.gov/Archives/edgar/data/1358762/000095017023032425/0000950170-23-032425-index.htm,,,Primary and complete submission text fetched.,LOW,LIKELY_NO_HIT
RHC-0064-ACQUIRED-RETA,RETA,Reata Pharmaceuticals Inc.,2023-07-31,2023-07-28,8-K,0001193125-23-196812,https://www.sec.gov/Archives/edgar/data/1358762/000119312523196812/0001193125-23-196812-index.htm,,,Primary and complete submission text fetched.,LOW,LIKELY_NO_HIT
RHC-0066-ACQUIRED-ZYNE,ZYNE,Zynerba Pharmaceuticals Inc.,2023-08-14,2022-02-28,8-K,0001104659-22-028093,https://www.sec.gov/Archives/edgar/data/1621443/000110465922028093/0001104659-22-028093-index.htm,,,Primary and complete submission text fetched.,LOW,LIKELY_NO_HIT
RHC-0066-ACQUIRED-ZYNE,ZYNE,Zynerba Pharmaceuticals Inc.,2023-08-14,2022-03-01,10-K,0001558370-22-002451,https://www.sec.gov/Archives/edgar/data/1621443/000155837022002451/0001558370-22-002451-index.htm,,,Primary and complete submission text fetched.,LOW,LIKELY_NO_HIT
RHC-0066-ACQUIRED-ZYNE,ZYNE,Zynerba Pharmaceuticals Inc.,2023-08-14,2022-03-01,8-K,0001104659-22-028306,https://www.sec.gov/Archives/edgar/data/1621443/000110465922028306/0001104659-22-028306-index.htm,,,Primary and complete submission text fetched.,LOW,LIKELY_NO_HIT
RHC-0066-ACQUIRED-ZYNE,ZYNE,Zynerba Pharmaceuticals Inc.,2023-08-14,2022-04-25,DEF 14A,0001104659-22-049257,https://www.sec.gov/Archives/edgar/data/1621443/000110465922049257/0001104659-22-049257-index.htm,sale_process,sale of the company,"was the chief executive officer of Prism Pharmaceuticals, Inc., a venture-backed, specialty pharmaceutical company that he led from inception in September 2004 until the sale of the company to Baxter International in May 2011. His career in the pharmaceutical industry began with Merck, Sharp and Dohme and spanned 12 years, initially as a clinical research physician in the United Kingdom, then as head of Eu",LOW,POSSIBLE_HIT
RHC-0066-ACQUIRED-ZYNE,ZYNE,Zynerba Pharmaceuticals Inc.,2023-08-14,2022-05-16,10-Q,0001558370-22-008853,https://www.sec.gov/Archives/edgar/data/1621443/000155837022008853/0001558370-22-008853-index.htm,,,Primary and complete submission text fetched.,LOW,LIKELY_NO_HIT
RHC-0066-ACQUIRED-ZYNE,ZYNE,Zynerba Pharmaceuticals Inc.,2023-08-14,2022-05-16,8-K,0001104659-22-060815,https://www.sec.gov/Archives/edgar/data/1621443/000110465922060815/0001104659-22-060815-index.htm,,,Primary and complete submission text fetched.,LOW,LIKELY_NO_HIT
RHC-0066-ACQUIRED-ZYNE,ZYNE,Zynerba Pharmaceuticals Inc.,2023-08-14,2022-06-01,8-K,0001104659-22-066868,https://www.sec.gov/Archives/edgar/data/1621443/000110465922066868/0001104659-22-066868-index.htm,,,Primary and complete submission text fetched.,LOW,LIKELY_NO_HIT
RHC-0066-ACQUIRED-ZYNE,ZYNE,Zynerba Pharmaceuticals Inc.,2023-08-14,2022-06-16,8-K,0001104659-22-071912,https://www.sec.gov/Archives/edgar/data/1621443/000110465922071912/0001104659-22-071912-index.htm,,,Primary and complete submission text fetched.,LOW,LIKELY_NO_HIT
RHC-0066-ACQUIRED-ZYNE,ZYNE,Zynerba Pharmaceuticals Inc.,2023-08-14,2022-06-22,8-K,0001104659-22-073183,https://www.sec.gov/Archives/edgar/data/1621443/000110465922073183/0001104659-22-073183-index.htm,,,Primary and complete submission text fetched.,LOW,LIKELY_NO_HIT
RHC-0066-ACQUIRED-ZYNE,ZYNE,Zynerba Pharmaceuticals Inc.,2023-08-14,2022-07-21,8-K,0001104659-22-081392,https://www.sec.gov/Archives/edgar/data/1621443/000110465922081392/0001104659-22-081392-index.htm,,,Primary and complete submission text fetched.,LOW,LIKELY_NO_HIT
RHC-0066-ACQUIRED-ZYNE,ZYNE,Zynerba Pharmaceuticals Inc.,2023-08-14,2022-08-10,10-Q,0001558370-22-012982,https://www.sec.gov/Archives/edgar/data/1621443/000155837022012982/0001558370-22-012982-index.htm,,,Primary and complete submission text fetched.,LOW,LIKELY_NO_HIT
RHC-0066-ACQUIRED-ZYNE,ZYNE,Zynerba Pharmaceuticals Inc.,2023-08-14,2022-08-10,8-K,0001104659-22-088302,https://www.sec.gov/Archives/edgar/data/1621443/000110465922088302/0001104659-22-088302-index.htm,,,Primary and complete submission text fetched.,LOW,LIKELY_NO_HIT
RHC-0066-ACQUIRED-ZYNE,ZYNE,Zynerba Pharmaceuticals Inc.,2023-08-14,2022-09-13,8-K,0001104659-22-099451,https://www.sec.gov/Archives/edgar/data/1621443/000110465922099451/0001104659-22-099451-index.htm,,,Primary and complete submission text fetched.,LOW,LIKELY_NO_HIT
RHC-0066-ACQUIRED-ZYNE,ZYNE,Zynerba Pharmaceuticals Inc.,2023-08-14,2022-11-04,8-K,0001104659-22-114908,https://www.sec.gov/Archives/edgar/data/1621443/000110465922114908/0001104659-22-114908-index.htm,,,Primary and complete submission text fetched.,LOW,LIKELY_NO_HIT
RHC-0066-ACQUIRED-ZYNE,ZYNE,Zynerba Pharmaceuticals Inc.,2023-08-14,2022-11-14,10-Q,0001558370-22-017583,https://www.sec.gov/Archives/edgar/data/1621443/000155837022017583/0001558370-22-017583-index.htm,,,Primary and complete submission text fetched.,LOW,LIKELY_NO_HIT
RHC-0066-ACQUIRED-ZYNE,ZYNE,Zynerba Pharmaceuticals Inc.,2023-08-14,2022-11-14,8-K,0001104659-22-117715,https://www.sec.gov/Archives/edgar/data/1621443/000110465922117715/0001104659-22-117715-index.htm,,,Primary and complete submission text fetched.,LOW,LIKELY_NO_HIT
RHC-0066-ACQUIRED-ZYNE,ZYNE,Zynerba Pharmaceuticals Inc.,2023-08-14,2022-11-15,8-K,0001104659-22-118961,https://www.sec.gov/Archives/edgar/data/1621443/000110465922118961/0001104659-22-118961-index.htm,,,Primary and complete submission text fetched.,LOW,LIKELY_NO_HIT
RHC-0066-ACQUIRED-ZYNE,ZYNE,Zynerba Pharmaceuticals Inc.,2023-08-14,2022-12-05,8-K,0001104659-22-124414,https://www.sec.gov/Archives/edgar/data/1621443/000110465922124414/0001104659-22-124414-index.htm,,,Primary and complete submission text fetched.,LOW,LIKELY_NO_HIT
RHC-0066-ACQUIRED-ZYNE,ZYNE,Zynerba Pharmaceuticals Inc.,2023-08-14,2022-12-21,8-K,0001104659-22-128854,https://www.sec.gov/Archives/edgar/data/1621443/000110465922128854/0001104659-22-128854-index.htm,,,Primary and complete submission text fetched.,LOW,LIKELY_NO_HIT
RHC-0066-ACQUIRED-ZYNE,ZYNE,Zynerba Pharmaceuticals Inc.,2023-08-14,2023-01-09,8-K,0001104659-23-002058,https://www.sec.gov/Archives/edgar/data/1621443/000110465923002058/0001104659-23-002058-index.htm,,,Primary and complete submission text fetched.,LOW,LIKELY_NO_HIT
RHC-0066-ACQUIRED-ZYNE,ZYNE,Zynerba Pharmaceuticals Inc.,2023-08-14,2023-03-13,8-K,0001104659-23-031344,https://www.sec.gov/Archives/edgar/data/1621443/000110465923031344/0001104659-23-031344-index.htm,,,Primary and complete submission text fetched.,LOW,LIKELY_NO_HIT
RHC-0066-ACQUIRED-ZYNE,ZYNE,Zynerba Pharmaceuticals Inc.,2023-08-14,2023-03-28,10-K,0001558370-23-004765,https://www.sec.gov/Archives/edgar/data/1621443/000155837023004765/0001558370-23-004765-index.htm,,,Primary and complete submission text fetched.,LOW,LIKELY_NO_HIT
RHC-0066-ACQUIRED-ZYNE,ZYNE,Zynerba Pharmaceuticals Inc.,2023-08-14,2023-03-28,8-K,0001104659-23-037398,https://www.sec.gov/Archives/edgar/data/1621443/000110465923037398/0001104659-23-037398-index.htm,,,Primary and complete submission text fetched.,LOW,LIKELY_NO_HIT
RHC-0066-ACQUIRED-ZYNE,ZYNE,Zynerba Pharmaceuticals Inc.,2023-08-14,2023-04-21,DEF 14A,0001104659-23-048365,https://www.sec.gov/Archives/edgar/data/1621443/000110465923048365/0001104659-23-048365-index.htm,sale_process,sale of the company,"was the chief executive officer of Prism Pharmaceuticals, Inc., a venture-backed, specialty pharmaceutical company that he led from inception in September 2004 until the sale of the company to Baxter International in May 2011. His career in the pharmaceutical industry began with Merck, Sharp and Dohme and spanned 12 years, initially as a clinical research physician in the United Kingdom, then as head of Eu",LOW,POSSIBLE_HIT
RHC-0066-ACQUIRED-ZYNE,ZYNE,Zynerba Pharmaceuticals Inc.,2023-08-14,2023-05-04,8-K,0001104659-23-056002,https://www.sec.gov/Archives/edgar/data/1621443/000110465923056002/0001104659-23-056002-index.htm,,,Primary and complete submission text fetched.,LOW,LIKELY_NO_HIT
RHC-0066-ACQUIRED-ZYNE,ZYNE,Zynerba Pharmaceuticals Inc.,2023-08-14,2023-05-15,10-Q,0001558370-23-009685,https://www.sec.gov/Archives/edgar/data/1621443/000155837023009685/0001558370-23-009685-index.htm,,,Primary and complete submission text fetched.,LOW,LIKELY_NO_HIT
RHC-0066-ACQUIRED-ZYNE,ZYNE,Zynerba Pharmaceuticals Inc.,2023-08-14,2023-05-15,8-K,0001104659-23-060152,https://www.sec.gov/Archives/edgar/data/1621443/000110465923060152/0001104659-23-060152-index.htm,,,Primary and complete submission text fetched.,LOW,LIKELY_NO_HIT
RHC-0066-ACQUIRED-ZYNE,ZYNE,Zynerba Pharmaceuticals Inc.,2023-08-14,2023-06-14,8-K,0001104659-23-071183,https://www.sec.gov/Archives/edgar/data/1621443/000110465923071183/0001104659-23-071183-index.htm,,,Primary and complete submission text fetched.,LOW,LIKELY_NO_HIT
RHC-0067-ACQUIRED-ALPN,ALPN,Alpine Immune Sciences Inc.,2024-04-10,2022-10-24,8-K,0001626199-22-000074,https://www.sec.gov/Archives/edgar/data/1626199/000162619922000074/0001626199-22-000074-index.htm,,,Primary and complete submission text fetched.,LOW,LIKELY_NO_HIT
RHC-0067-ACQUIRED-ALPN,ALPN,Alpine Immune Sciences Inc.,2024-04-10,2022-11-14,10-Q,0001626199-22-000080,https://www.sec.gov/Archives/edgar/data/1626199/000162619922000080/0001626199-22-000080-index.htm,,,Primary and complete submission text fetched.,LOW,LIKELY_NO_HIT
RHC-0067-ACQUIRED-ALPN,ALPN,Alpine Immune Sciences Inc.,2024-04-10,2022-11-14,8-K,0001626199-22-000079,https://www.sec.gov/Archives/edgar/data/1626199/000162619922000079/0001626199-22-000079-index.htm,,,Primary and complete submission text fetched.,LOW,LIKELY_NO_HIT
RHC-0067-ACQUIRED-ALPN,ALPN,Alpine Immune Sciences Inc.,2024-04-10,2023-01-26,8-K,0001626199-23-000029,https://www.sec.gov/Archives/edgar/data/1626199/000162619923000029/0001626199-23-000029-index.htm,,,Primary and complete submission text fetched.,LOW,LIKELY_NO_HIT
RHC-0067-ACQUIRED-ALPN,ALPN,Alpine Immune Sciences Inc.,2024-04-10,2023-03-23,10-K,0001626199-23-000037,https://www.sec.gov/Archives/edgar/data/1626199/000162619923000037/0001626199-23-000037-index.htm,,,Primary and complete submission text fetched.,LOW,LIKELY_NO_HIT
RHC-0067-ACQUIRED-ALPN,ALPN,Alpine Immune Sciences Inc.,2024-04-10,2023-03-23,8-K,0001626199-23-000034,https://www.sec.gov/Archives/edgar/data/1626199/000162619923000034/0001626199-23-000034-index.htm,,,Primary and complete submission text fetched.,LOW,LIKELY_NO_HIT
RHC-0067-ACQUIRED-ALPN,ALPN,Alpine Immune Sciences Inc.,2024-04-10,2023-04-27,DEF 14A,0001626199-23-000062,https://www.sec.gov/Archives/edgar/data/1626199/000162619923000062/0001626199-23-000062-index.htm,,,Primary and complete submission text fetched.,LOW,LIKELY_NO_HIT
RHC-0067-ACQUIRED-ALPN,ALPN,Alpine Immune Sciences Inc.,2024-04-10,2023-04-28,8-K,0001626199-23-000069,https://www.sec.gov/Archives/edgar/data/1626199/000162619923000069/0001626199-23-000069-index.htm,,,Primary and complete submission text fetched.,LOW,LIKELY_NO_HIT
RHC-0067-ACQUIRED-ALPN,ALPN,Alpine Immune Sciences Inc.,2024-04-10,2023-05-11,10-Q,0001626199-23-000076,https://www.sec.gov/Archives/edgar/data/1626199/000162619923000076/0001626199-23-000076-index.htm,,,Primary and complete submission text fetched.,LOW,LIKELY_NO_HIT
RHC-0067-ACQUIRED-ALPN,ALPN,Alpine Immune Sciences Inc.,2024-04-10,2023-05-11,8-K,0001626199-23-000075,https://www.sec.gov/Archives/edgar/data/1626199/000162619923000075/0001626199-23-000075-index.htm,,,Primary and complete submission text fetched.,LOW,LIKELY_NO_HIT
RHC-0067-ACQUIRED-ALPN,ALPN,Alpine Immune Sciences Inc.,2024-04-10,2023-06-14,8-K,0001626199-23-000081,https://www.sec.gov/Archives/edgar/data/1626199/000162619923000081/0001626199-23-000081-index.htm,,,Primary and complete submission text fetched.,LOW,LIKELY_NO_HIT
RHC-0067-ACQUIRED-ALPN,ALPN,Alpine Immune Sciences Inc.,2024-04-10,2023-08-14,10-Q,0001626199-23-000088,https://www.sec.gov/Archives/edgar/data/1626199/000162619923000088/0001626199-23-000088-index.htm,,,Primary and complete submission text fetched.,LOW,LIKELY_NO_HIT
RHC-0067-ACQUIRED-ALPN,ALPN,Alpine Immune Sciences Inc.,2024-04-10,2023-08-14,8-K,0001626199-23-000090,https://www.sec.gov/Archives/edgar/data/1626199/000162619923000090/0001626199-23-000090-index.htm,,,Primary and complete submission text fetched.,LOW,LIKELY_NO_HIT
RHC-0067-ACQUIRED-ALPN,ALPN,Alpine Immune Sciences Inc.,2024-04-10,2023-11-02,8-K,0001626199-23-000103,https://www.sec.gov/Archives/edgar/data/1626199/000162619923000103/0001626199-23-000103-index.htm,,,Primary and complete submission text fetched.,LOW,LIKELY_NO_HIT
RHC-0067-ACQUIRED-ALPN,ALPN,Alpine Immune Sciences Inc.,2024-04-10,2023-11-06,8-K,0001626199-23-000106,https://www.sec.gov/Archives/edgar/data/1626199/000162619923000106/0001626199-23-000106-index.htm,,,Primary and complete submission text fetched.,LOW,LIKELY_NO_HIT
RHC-0067-ACQUIRED-ALPN,ALPN,Alpine Immune Sciences Inc.,2024-04-10,2023-11-08,8-K,0001626199-23-000118,https://www.sec.gov/Archives/edgar/data/1626199/000162619923000118/0001626199-23-000118-index.htm,,,Primary and complete submission text fetched.,LOW,LIKELY_NO_HIT
RHC-0067-ACQUIRED-ALPN,ALPN,Alpine Immune Sciences Inc.,2024-04-10,2023-11-13,SC 13D/A,0000947871-23-001055,https://www.sec.gov/Archives/edgar/data/1626199/000094787123001055/0000947871-23-001055-index.htm,sale_process,sale of the company,"all be made voluntarily in connection with subsequent sales of Common Stock or other securities acquired in the Public Offering or such open market transactions; (5) the sale of the Company’s securities pursuant to a plan, contract or instruction that satisfies all of the requirements of Rule 10b5-1(c)(1)(i)(B) (a “ 10b5-1 Plan ”) under the Exchange Act that was in effect prior to the date hereof; provided",LOW,POSSIBLE_HIT
RHC-0067-ACQUIRED-ALPN,ALPN,Alpine Immune Sciences Inc.,2024-04-10,2023-11-14,10-Q,0001626199-23-000126,https://www.sec.gov/Archives/edgar/data/1626199/000162619923000126/0001626199-23-000126-index.htm,,,Primary and complete submission text fetched.,LOW,LIKELY_NO_HIT
RHC-0067-ACQUIRED-ALPN,ALPN,Alpine Immune Sciences Inc.,2024-04-10,2023-11-14,8-K,0001626199-23-000123,https://www.sec.gov/Archives/edgar/data/1626199/000162619923000123/0001626199-23-000123-index.htm,,,Primary and complete submission text fetched.,LOW,LIKELY_NO_HIT
RHC-0067-ACQUIRED-ALPN,ALPN,Alpine Immune Sciences Inc.,2024-04-10,2023-11-14,SC 13D/A,0001104659-23-118121,https://www.sec.gov/Archives/edgar/data/1626199/000110465923118121/0001104659-23-118121-index.htm,,,Primary and complete submission text fetched.,LOW,LIKELY_NO_HIT
RHC-0067-ACQUIRED-ALPN,ALPN,Alpine Immune Sciences Inc.,2024-04-10,2023-11-14,SC 13D/A,0001193125-23-276357,https://www.sec.gov/Archives/edgar/data/1626199/000119312523276357/0001193125-23-276357-index.htm,,,Primary and complete submission text fetched.,LOW,LIKELY_NO_HIT
RHC-0067-ACQUIRED-ALPN,ALPN,Alpine Immune Sciences Inc.,2024-04-10,2023-11-22,SC 13D/A,0001193125-23-281963,https://www.sec.gov/Archives/edgar/data/1626199/000119312523281963/0001193125-23-281963-index.htm,,,Primary and complete submission text fetched.,LOW,LIKELY_NO_HIT
RHC-0067-ACQUIRED-ALPN,ALPN,Alpine Immune Sciences Inc.,2024-04-10,2023-12-21,8-K,0001626199-23-000142,https://www.sec.gov/Archives/edgar/data/1626199/000162619923000142/0001626199-23-000142-index.htm,,,Primary and complete submission text fetched.,LOW,LIKELY_NO_HIT
RHC-0067-ACQUIRED-ALPN,ALPN,Alpine Immune Sciences Inc.,2024-04-10,2023-12-29,SC 13D/A,0000947871-23-001188,https://www.sec.gov/Archives/edgar/data/1626199/000094787123001188/0000947871-23-001188-index.htm,,,Primary and complete submission text fetched.,LOW,LIKELY_NO_HIT
RHC-0067-ACQUIRED-ALPN,ALPN,Alpine Immune Sciences Inc.,2024-04-10,2024-01-05,8-K,0001626199-24-000020,https://www.sec.gov/Archives/edgar/data/1626199/000162619924000020/0001626199-24-000020-index.htm,,,Primary and complete submission text fetched.,LOW,LIKELY_NO_HIT
RHC-0067-ACQUIRED-ALPN,ALPN,Alpine Immune Sciences Inc.,2024-04-10,2024-02-07,8-K,0001626199-24-000030,https://www.sec.gov/Archives/edgar/data/1626199/000162619924000030/0001626199-24-000030-index.htm,,,Primary and complete submission text fetched.,LOW,LIKELY_NO_HIT
RHC-0067-ACQUIRED-ALPN,ALPN,Alpine Immune Sciences Inc.,2024-04-10,2024-03-18,8-K,0001626199-24-000040,https://www.sec.gov/Archives/edgar/data/1626199/000162619924000040/0001626199-24-000040-index.htm,,,Primary and complete submission text fetched.,LOW,LIKELY_NO_HIT
RHC-0067-ACQUIRED-ALPN,ALPN,Alpine Immune Sciences Inc.,2024-04-10,2024-03-20,10-K,0001626199-24-000048,https://www.sec.gov/Archives/edgar/data/1626199/000162619924000048/0001626199-24-000048-index.htm,,,Primary and complete submission text fetched.,LOW,LIKELY_NO_HIT
RHC-0067-ACQUIRED-ALPN,ALPN,Alpine Immune Sciences Inc.,2024-04-10,2024-04-05,8-K,0001626199-24-000056,https://www.sec.gov/Archives/edgar/data/1626199/000162619924000056/0001626199-24-000056-index.htm,,,Primary and complete submission text fetched.,LOW,LIKELY_NO_HIT
RHC-0068-ACQUIRED-AMAM,AMAM,Ambrx Biopharma Inc.,2024-01-08,2023-08-25,S-4,0001193125-23-221611,https://www.sec.gov/Archives/edgar/data/1990550/000119312523221611/0001193125-23-221611-index.htm,,,Primary and complete submission text fetched.,LOW,LIKELY_NO_HIT
RHC-0068-ACQUIRED-AMAM,AMAM,Ambrx Biopharma Inc.,2024-01-08,2023-09-15,424B3,0001193125-23-236194,https://www.sec.gov/Archives/edgar/data/1990550/000119312523236194/0001193125-23-236194-index.htm,,,Primary and complete submission text fetched.,LOW,LIKELY_NO_HIT
RHC-0068-ACQUIRED-AMAM,AMAM,Ambrx Biopharma Inc.,2024-01-08,2023-10-16,8-K,0000950170-23-053584,https://www.sec.gov/Archives/edgar/data/1990550/000095017023053584/0000950170-23-053584-index.htm,,,Primary and complete submission text fetched.,LOW,LIKELY_NO_HIT
RHC-0068-ACQUIRED-AMAM,AMAM,Ambrx Biopharma Inc.,2024-01-08,2023-10-23,8-K,0001193125-23-260814,https://www.sec.gov/Archives/edgar/data/1990550/000119312523260814/0001193125-23-260814-index.htm,,,Primary and complete submission text fetched.,LOW,LIKELY_NO_HIT
RHC-0068-ACQUIRED-AMAM,AMAM,Ambrx Biopharma Inc.,2024-01-08,2023-11-13,10-Q,0000950170-23-062916,https://www.sec.gov/Archives/edgar/data/1990550/000095017023062916/0000950170-23-062916-index.htm,option_to_acquire,option to acquire,"o the conditions of the Merger Agreement, each option to purchase ordinary shares outstanding immediately prior to the effective time of the Merger was converted into an option to acquire a number of shares of common stock at (a) an adjusted exercise price determined by multiplying (x) the per share exercise price of options to acquire ordinary shares as of immediately prior to the effective time of the",LOW,POSSIBLE_HIT
RHC-0068-ACQUIRED-AMAM,AMAM,Ambrx Biopharma Inc.,2024-01-08,2023-12-01,8-K,0000950170-23-067368,https://www.sec.gov/Archives/edgar/data/1990550/000095017023067368/0000950170-23-067368-index.htm,,,Primary and complete submission text fetched.,LOW,LIKELY_NO_HIT
RHC-0069-ACQUIRED-CBAY,CBAY,CymaBay Therapeutics Inc.,2024-02-12,2022-11-01,8-K,0001193125-22-274416,https://www.sec.gov/Archives/edgar/data/1042074/000119312522274416/0001193125-22-274416-index.htm,,,Primary and complete submission text fetched.,LOW,LIKELY_NO_HIT
RHC-0069-ACQUIRED-CBAY,CBAY,CymaBay Therapeutics Inc.,2024-02-12,2022-11-14,10-Q,0001193125-22-284669,https://www.sec.gov/Archives/edgar/data/1042074/000119312522284669/0001193125-22-284669-index.htm,,,Primary and complete submission text fetched.,LOW,LIKELY_NO_HIT
RHC-0069-ACQUIRED-CBAY,CBAY,CymaBay Therapeutics Inc.,2024-02-12,2023-01-09,8-K,0001193125-23-004043,https://www.sec.gov/Archives/edgar/data/1042074/000119312523004043/0001193125-23-004043-index.htm,,,Primary and complete submission text fetched.,LOW,LIKELY_NO_HIT
RHC-0069-ACQUIRED-CBAY,CBAY,CymaBay Therapeutics Inc.,2024-02-12,2023-01-23,8-K,0001193125-23-013148,https://www.sec.gov/Archives/edgar/data/1042074/000119312523013148/0001193125-23-013148-index.htm,,,Primary and complete submission text fetched.,LOW,LIKELY_NO_HIT
RHC-0069-ACQUIRED-CBAY,CBAY,CymaBay Therapeutics Inc.,2024-02-12,2023-01-25,8-K,0001193125-23-014677,https://www.sec.gov/Archives/edgar/data/1042074/000119312523014677/0001193125-23-014677-index.htm,,,Primary and complete submission text fetched.,LOW,LIKELY_NO_HIT
RHC-0069-ACQUIRED-CBAY,CBAY,CymaBay Therapeutics Inc.,2024-02-12,2023-02-23,8-K,0001193125-23-046728,https://www.sec.gov/Archives/edgar/data/1042074/000119312523046728/0001193125-23-046728-index.htm,,,Primary and complete submission text fetched.,LOW,LIKELY_NO_HIT
RHC-0069-ACQUIRED-CBAY,CBAY,CymaBay Therapeutics Inc.,2024-02-12,2023-03-13,8-K,0001193125-23-068543,https://www.sec.gov/Archives/edgar/data/1042074/000119312523068543/0001193125-23-068543-index.htm,,,Primary and complete submission text fetched.,LOW,LIKELY_NO_HIT
RHC-0069-ACQUIRED-CBAY,CBAY,CymaBay Therapeutics Inc.,2024-02-12,2023-03-16,8-K,0001193125-23-072552,https://www.sec.gov/Archives/edgar/data/1042074/000119312523072552/0001193125-23-072552-index.htm,,,Primary and complete submission text fetched.,LOW,LIKELY_NO_HIT
RHC-0069-ACQUIRED-CBAY,CBAY,CymaBay Therapeutics Inc.,2024-02-12,2023-03-23,10-K,0001193125-23-077859,https://www.sec.gov/Archives/edgar/data/1042074/000119312523077859/0001193125-23-077859-index.htm,,,Primary and complete submission text fetched.,LOW,LIKELY_NO_HIT
RHC-0069-ACQUIRED-CBAY,CBAY,CymaBay Therapeutics Inc.,2024-02-12,2023-04-19,DEF 14A,0001140361-23-019129,https://www.sec.gov/Archives/edgar/data/1042074/000114036123019129/0001140361-23-019129-index.htm,,,Primary and complete submission text fetched.,LOW,LIKELY_NO_HIT
RHC-0069-ACQUIRED-CBAY,CBAY,CymaBay Therapeutics Inc.,2024-02-12,2023-05-09,8-K,0001193125-23-138844,https://www.sec.gov/Archives/edgar/data/1042074/000119312523138844/0001193125-23-138844-index.htm,,,Primary and complete submission text fetched.,LOW,LIKELY_NO_HIT
RHC-0069-ACQUIRED-CBAY,CBAY,CymaBay Therapeutics Inc.,2024-02-12,2023-05-15,10-Q,0001193125-23-144944,https://www.sec.gov/Archives/edgar/data/1042074/000119312523144944/0001193125-23-144944-index.htm,,,Primary and complete submission text fetched.,LOW,LIKELY_NO_HIT
RHC-0069-ACQUIRED-CBAY,CBAY,CymaBay Therapeutics Inc.,2024-02-12,2023-06-06,8-K,0001193125-23-161641,https://www.sec.gov/Archives/edgar/data/1042074/000119312523161641/0001193125-23-161641-index.htm,,,Primary and complete submission text fetched.,LOW,LIKELY_NO_HIT
RHC-0069-ACQUIRED-CBAY,CBAY,CymaBay Therapeutics Inc.,2024-02-12,2023-08-10,10-Q,0001193125-23-209009,https://www.sec.gov/Archives/edgar/data/1042074/000119312523209009/0001193125-23-209009-index.htm,,,Primary and complete submission text fetched.,LOW,LIKELY_NO_HIT
RHC-0069-ACQUIRED-CBAY,CBAY,CymaBay Therapeutics Inc.,2024-02-12,2023-09-11,8-K,0001193125-23-231906,https://www.sec.gov/Archives/edgar/data/1042074/000119312523231906/0001193125-23-231906-index.htm,,,Primary and complete submission text fetched.,LOW,LIKELY_NO_HIT
RHC-0069-ACQUIRED-CBAY,CBAY,CymaBay Therapeutics Inc.,2024-02-12,2023-09-12,8-K,0001193125-23-233447,https://www.sec.gov/Archives/edgar/data/1042074/000119312523233447/0001193125-23-233447-index.htm,,,Primary and complete submission text fetched.,LOW,LIKELY_NO_HIT
RHC-0069-ACQUIRED-CBAY,CBAY,CymaBay Therapeutics Inc.,2024-02-12,2023-11-07,10-Q,0001193125-23-272401,https://www.sec.gov/Archives/edgar/data/1042074/000119312523272401/0001193125-23-272401-index.htm,,,Primary and complete submission text fetched.,LOW,LIKELY_NO_HIT
RHC-0069-ACQUIRED-CBAY,CBAY,CymaBay Therapeutics Inc.,2024-02-12,2023-12-13,8-K,0001193125-23-294330,https://www.sec.gov/Archives/edgar/data/1042074/000119312523294330/0001193125-23-294330-index.htm,,,Primary and complete submission text fetched.,LOW,LIKELY_NO_HIT
RHC-0069-ACQUIRED-CBAY,CBAY,CymaBay Therapeutics Inc.,2024-02-12,2023-12-21,8-K,0001193125-23-301176,https://www.sec.gov/Archives/edgar/data/1042074/000119312523301176/0001193125-23-301176-index.htm,,,Primary and complete submission text fetched.,LOW,LIKELY_NO_HIT
RHC-0069-ACQUIRED-CBAY,CBAY,CymaBay Therapeutics Inc.,2024-02-12,2024-01-26,8-K,0001193125-24-016706,https://www.sec.gov/Archives/edgar/data/1042074/000119312524016706/0001193125-24-016706-index.htm,,,Primary and complete submission text fetched.,LOW,LIKELY_NO_HIT
RHC-0070-ACQUIRED-CERE,CERE,Cerevel Therapeutics Holdings Inc.,2023-12-07,2022-06-15,8-K,0001193125-22-174248,https://www.sec.gov/Archives/edgar/data/1805387/000119312522174248/0001193125-22-174248-index.htm,,,Primary and complete submission text fetched.,LOW,LIKELY_NO_HIT
RHC-0070-ACQUIRED-CERE,CERE,Cerevel Therapeutics Holdings Inc.,2023-12-07,2022-08-01,10-Q,0000950170-22-013665,https://www.sec.gov/Archives/edgar/data/1805387/000095017022013665/0000950170-22-013665-index.htm,,,Primary and complete submission text fetched.,LOW,LIKELY_NO_HIT
RHC-0070-ACQUIRED-CERE,CERE,Cerevel Therapeutics Holdings Inc.,2023-12-07,2022-08-01,8-K,0000950170-22-013556,https://www.sec.gov/Archives/edgar/data/1805387/000095017022013556/0000950170-22-013556-index.htm,,,Primary and complete submission text fetched.,LOW,LIKELY_NO_HIT
RHC-0070-ACQUIRED-CERE,CERE,Cerevel Therapeutics Holdings Inc.,2023-12-07,2022-08-12,8-K,0001193125-22-220072,https://www.sec.gov/Archives/edgar/data/1805387/000119312522220072/0001193125-22-220072-index.htm,,,Primary and complete submission text fetched.,LOW,LIKELY_NO_HIT
RHC-0070-ACQUIRED-CERE,CERE,Cerevel Therapeutics Holdings Inc.,2023-12-07,2022-08-16,8-K,0001193125-22-222349,https://www.sec.gov/Archives/edgar/data/1805387/000119312522222349/0001193125-22-222349-index.htm,,,Primary and complete submission text fetched.,LOW,LIKELY_NO_HIT
RHC-0070-ACQUIRED-CERE,CERE,Cerevel Therapeutics Holdings Inc.,2023-12-07,2022-08-18,SC 13D/A,0001193125-22-224144,https://www.sec.gov/Archives/edgar/data/1805387/000119312522224144/0001193125-22-224144-index.htm,,,Primary and complete submission text fetched.,LOW,LIKELY_NO_HIT
RHC-0070-ACQUIRED-CERE,CERE,Cerevel Therapeutics Holdings Inc.,2023-12-07,2022-11-08,10-Q,0000950170-22-022902,https://www.sec.gov/Archives/edgar/data/1805387/000095017022022902/0000950170-22-022902-index.htm,,,Primary and complete submission text fetched.,LOW,LIKELY_NO_HIT
RHC-0070-ACQUIRED-CERE,CERE,Cerevel Therapeutics Holdings Inc.,2023-12-07,2022-11-08,8-K,0000950170-22-022872,https://www.sec.gov/Archives/edgar/data/1805387/000095017022022872/0000950170-22-022872-index.htm,,,Primary and complete submission text fetched.,LOW,LIKELY_NO_HIT
RHC-0070-ACQUIRED-CERE,CERE,Cerevel Therapeutics Holdings Inc.,2023-12-07,2022-12-19,8-K,0000950170-22-026702,https://www.sec.gov/Archives/edgar/data/1805387/000095017022026702/0000950170-22-026702-index.htm,,,Primary and complete submission text fetched.,LOW,LIKELY_NO_HIT
RHC-0070-ACQUIRED-CERE,CERE,Cerevel Therapeutics Holdings Inc.,2023-12-07,2023-01-09,8-K,0000950170-23-000440,https://www.sec.gov/Archives/edgar/data/1805387/000095017023000440/0000950170-23-000440-index.htm,,,Primary and complete submission text fetched.,LOW,LIKELY_NO_HIT
RHC-0070-ACQUIRED-CERE,CERE,Cerevel Therapeutics Holdings Inc.,2023-12-07,2023-02-22,10-K,0000950170-23-003777,https://www.sec.gov/Archives/edgar/data/1805387/000095017023003777/0000950170-23-003777-index.htm,,,Primary and complete submission text fetched.,LOW,LIKELY_NO_HIT
RHC-0070-ACQUIRED-CERE,CERE,Cerevel Therapeutics Holdings Inc.,2023-12-07,2023-02-22,8-K,0000950170-23-003564,https://www.sec.gov/Archives/edgar/data/1805387/000095017023003564/0000950170-23-003564-index.htm,,,Primary and complete submission text fetched.,LOW,LIKELY_NO_HIT
RHC-0070-ACQUIRED-CERE,CERE,Cerevel Therapeutics Holdings Inc.,2023-12-07,2023-04-21,SC 13D,0001193125-23-110738,https://www.sec.gov/Archives/edgar/data/1805387/000119312523110738/0001193125-23-110738-index.htm,,,Primary and complete submission text fetched.,LOW,LIKELY_NO_HIT
RHC-0070-ACQUIRED-CERE,CERE,Cerevel Therapeutics Holdings Inc.,2023-12-07,2023-04-25,SC 13D/A,0001193125-23-114928,https://www.sec.gov/Archives/edgar/data/1805387/000119312523114928/0001193125-23-114928-index.htm,,,Primary and complete submission text fetched.,LOW,LIKELY_NO_HIT
RHC-0070-ACQUIRED-CERE,CERE,Cerevel Therapeutics Holdings Inc.,2023-12-07,2023-04-28,DEF 14A,0000950170-23-015766,https://www.sec.gov/Archives/edgar/data/1805387/000095017023015766/0000950170-23-015766-index.htm,,,Primary and complete submission text fetched.,LOW,LIKELY_NO_HIT
RHC-0070-ACQUIRED-CERE,CERE,Cerevel Therapeutics Holdings Inc.,2023-12-07,2023-05-03,10-Q,0000950170-23-017180,https://www.sec.gov/Archives/edgar/data/1805387/000095017023017180/0000950170-23-017180-index.htm,,,Primary and complete submission text fetched.,LOW,LIKELY_NO_HIT
RHC-0070-ACQUIRED-CERE,CERE,Cerevel Therapeutics Holdings Inc.,2023-12-07,2023-05-03,8-K,0000950170-23-016869,https://www.sec.gov/Archives/edgar/data/1805387/000095017023016869/0000950170-23-016869-index.htm,,,Primary and complete submission text fetched.,LOW,LIKELY_NO_HIT
RHC-0070-ACQUIRED-CERE,CERE,Cerevel Therapeutics Holdings Inc.,2023-12-07,2023-05-10,8-K,0001193125-23-139995,https://www.sec.gov/Archives/edgar/data/1805387/000119312523139995/0001193125-23-139995-index.htm,,,Primary and complete submission text fetched.,LOW,LIKELY_NO_HIT
RHC-0070-ACQUIRED-CERE,CERE,Cerevel Therapeutics Holdings Inc.,2023-12-07,2023-06-08,8-K,0001193125-23-163542,https://www.sec.gov/Archives/edgar/data/1805387/000119312523163542/0001193125-23-163542-index.htm,,,Primary and complete submission text fetched.,LOW,LIKELY_NO_HIT
RHC-0070-ACQUIRED-CERE,CERE,Cerevel Therapeutics Holdings Inc.,2023-12-07,2023-08-02,10-Q,0000950170-23-037151,https://www.sec.gov/Archives/edgar/data/1805387/000095017023037151/0000950170-23-037151-index.htm,,,Primary and complete submission text fetched.,LOW,LIKELY_NO_HIT
RHC-0070-ACQUIRED-CERE,CERE,Cerevel Therapeutics Holdings Inc.,2023-12-07,2023-08-02,8-K,0000950170-23-036758,https://www.sec.gov/Archives/edgar/data/1805387/000095017023036758/0000950170-23-036758-index.htm,,,Primary and complete submission text fetched.,LOW,LIKELY_NO_HIT
RHC-0070-ACQUIRED-CERE,CERE,Cerevel Therapeutics Holdings Inc.,2023-12-07,2023-10-11,8-K,0001193125-23-254146,https://www.sec.gov/Archives/edgar/data/1805387/000119312523254146/0001193125-23-254146-index.htm,,,Primary and complete submission text fetched.,LOW,LIKELY_NO_HIT
RHC-0070-ACQUIRED-CERE,CERE,Cerevel Therapeutics Holdings Inc.,2023-12-07,2023-10-12,8-K,0001193125-23-255026,https://www.sec.gov/Archives/edgar/data/1805387/000119312523255026/0001193125-23-255026-index.htm,,,Primary and complete submission text fetched.,LOW,LIKELY_NO_HIT
RHC-0070-ACQUIRED-CERE,CERE,Cerevel Therapeutics Holdings Inc.,2023-12-07,2023-10-17,SC 13D/A,0001193125-23-257707,https://www.sec.gov/Archives/edgar/data/1805387/000119312523257707/0001193125-23-257707-index.htm,,,Primary and complete submission text fetched.,LOW,LIKELY_NO_HIT
RHC-0070-ACQUIRED-CERE,CERE,Cerevel Therapeutics Holdings Inc.,2023-12-07,2023-10-18,SC 13D/A,0000078003-23-000102,https://www.sec.gov/Archives/edgar/data/1805387/000007800323000102/0000078003-23-000102-index.htm,,,Primary and complete submission text fetched.,LOW,LIKELY_NO_HIT
RHC-0070-ACQUIRED-CERE,CERE,Cerevel Therapeutics Holdings Inc.,2023-12-07,2023-10-18,SC 13D/A,0001193125-23-258522,https://www.sec.gov/Archives/edgar/data/1805387/000119312523258522/0001193125-23-258522-index.htm,,,Primary and complete submission text fetched.,LOW,LIKELY_NO_HIT
RHC-0070-ACQUIRED-CERE,CERE,Cerevel Therapeutics Holdings Inc.,2023-12-07,2023-11-01,10-Q,0000950170-23-057422,https://www.sec.gov/Archives/edgar/data/1805387/000095017023057422/0000950170-23-057422-index.htm,,,Primary and complete submission text fetched.,LOW,LIKELY_NO_HIT
RHC-0070-ACQUIRED-CERE,CERE,Cerevel Therapeutics Holdings Inc.,2023-12-07,2023-11-01,8-K,0000950170-23-057107,https://www.sec.gov/Archives/edgar/data/1805387/000095017023057107/0000950170-23-057107-index.htm,,,Primary and complete submission text fetched.,LOW,LIKELY_NO_HIT
RHC-0071-ACQUIRED-DCPH,DCPH,Deciphera Pharmaceuticals Inc.,2024-04-29,2022-11-03,10-Q,0001654151-22-000018,https://www.sec.gov/Archives/edgar/data/1654151/000165415122000018/0001654151-22-000018-index.htm,,,Primary and complete submission text fetched.,LOW,LIKELY_NO_HIT
RHC-0071-ACQUIRED-DCPH,DCPH,Deciphera Pharmaceuticals Inc.,2024-04-29,2022-11-03,8-K,0001193125-22-276358,https://www.sec.gov/Archives/edgar/data/1654151/000119312522276358/0001193125-22-276358-index.htm,,,Primary and complete submission text fetched.,LOW,LIKELY_NO_HIT
RHC-0071-ACQUIRED-DCPH,DCPH,Deciphera Pharmaceuticals Inc.,2024-04-29,2023-01-03,8-K,0001193125-23-000753,https://www.sec.gov/Archives/edgar/data/1654151/000119312523000753/0001193125-23-000753-index.htm,,,Primary and complete submission text fetched.,LOW,LIKELY_NO_HIT
RHC-0071-ACQUIRED-DCPH,DCPH,Deciphera Pharmaceuticals Inc.,2024-04-29,2023-01-18,8-K,0001193125-23-010284,https://www.sec.gov/Archives/edgar/data/1654151/000119312523010284/0001193125-23-010284-index.htm,,,Primary and complete submission text fetched.,LOW,LIKELY_NO_HIT
RHC-0071-ACQUIRED-DCPH,DCPH,Deciphera Pharmaceuticals Inc.,2024-04-29,2023-01-20,8-K,0001193125-23-011985,https://www.sec.gov/Archives/edgar/data/1654151/000119312523011985/0001193125-23-011985-index.htm,,,Primary and complete submission text fetched.,LOW,LIKELY_NO_HIT
RHC-0071-ACQUIRED-DCPH,DCPH,Deciphera Pharmaceuticals Inc.,2024-04-29,2023-02-07,10-K,0001654151-23-000003,https://www.sec.gov/Archives/edgar/data/1654151/000165415123000003/0001654151-23-000003-index.htm,,,Primary and complete submission text fetched.,LOW,LIKELY_NO_HIT
RHC-0071-ACQUIRED-DCPH,DCPH,Deciphera Pharmaceuticals Inc.,2024-04-29,2023-02-07,8-K,0001193125-23-026227,https://www.sec.gov/Archives/edgar/data/1654151/000119312523026227/0001193125-23-026227-index.htm,,,Primary and complete submission text fetched.,LOW,LIKELY_NO_HIT
RHC-0071-ACQUIRED-DCPH,DCPH,Deciphera Pharmaceuticals Inc.,2024-04-29,2023-04-26,DEF 14A,0001654151-23-000007,https://www.sec.gov/Archives/edgar/data/1654151/000165415123000007/0001654151-23-000007-index.htm,,,Primary and complete submission text fetched.,LOW,LIKELY_NO_HIT
RHC-0071-ACQUIRED-DCPH,DCPH,Deciphera Pharmaceuticals Inc.,2024-04-29,2023-05-03,10-Q,0001654151-23-000012,https://www.sec.gov/Archives/edgar/data/1654151/000165415123000012/0001654151-23-000012-index.htm,,,Primary and complete submission text fetched.,LOW,LIKELY_NO_HIT
RHC-0071-ACQUIRED-DCPH,DCPH,Deciphera Pharmaceuticals Inc.,2024-04-29,2023-05-03,8-K,0001193125-23-133112,https://www.sec.gov/Archives/edgar/data/1654151/000119312523133112/0001193125-23-133112-index.htm,,,Primary and complete submission text fetched.,LOW,LIKELY_NO_HIT
RHC-0071-ACQUIRED-DCPH,DCPH,Deciphera Pharmaceuticals Inc.,2024-04-29,2023-06-22,8-K,0001193125-23-172532,https://www.sec.gov/Archives/edgar/data/1654151/000119312523172532/0001193125-23-172532-index.htm,,,Primary and complete submission text fetched.,LOW,LIKELY_NO_HIT
RHC-0071-ACQUIRED-DCPH,DCPH,Deciphera Pharmaceuticals Inc.,2024-04-29,2023-08-03,8-K,0001193125-23-202887,https://www.sec.gov/Archives/edgar/data/1654151/000119312523202887/0001193125-23-202887-index.htm,,,Primary and complete submission text fetched.,LOW,LIKELY_NO_HIT
RHC-0071-ACQUIRED-DCPH,DCPH,Deciphera Pharmaceuticals Inc.,2024-04-29,2023-08-09,10-Q,0001654151-23-000015,https://www.sec.gov/Archives/edgar/data/1654151/000165415123000015/0001654151-23-000015-index.htm,,,Primary and complete submission text fetched.,LOW,LIKELY_NO_HIT
RHC-0071-ACQUIRED-DCPH,DCPH,Deciphera Pharmaceuticals Inc.,2024-04-29,2023-08-09,8-K,0001193125-23-206772,https://www.sec.gov/Archives/edgar/data/1654151/000119312523206772/0001193125-23-206772-index.htm,,,Primary and complete submission text fetched.,LOW,LIKELY_NO_HIT
RHC-0071-ACQUIRED-DCPH,DCPH,Deciphera Pharmaceuticals Inc.,2024-04-29,2023-10-30,10-Q,0001654151-23-000019,https://www.sec.gov/Archives/edgar/data/1654151/000165415123000019/0001654151-23-000019-index.htm,,,Primary and complete submission text fetched.,LOW,LIKELY_NO_HIT
RHC-0071-ACQUIRED-DCPH,DCPH,Deciphera Pharmaceuticals Inc.,2024-04-29,2023-10-30,8-K,0001193125-23-265657,https://www.sec.gov/Archives/edgar/data/1654151/000119312523265657/0001193125-23-265657-index.htm,,,Primary and complete submission text fetched.,LOW,LIKELY_NO_HIT
RHC-0071-ACQUIRED-DCPH,DCPH,Deciphera Pharmaceuticals Inc.,2024-04-29,2024-01-08,8-K,0001193125-24-003876,https://www.sec.gov/Archives/edgar/data/1654151/000119312524003876/0001193125-24-003876-index.htm,,,Primary and complete submission text fetched.,LOW,LIKELY_NO_HIT
RHC-0071-ACQUIRED-DCPH,DCPH,Deciphera Pharmaceuticals Inc.,2024-04-29,2024-02-06,8-K,0001193125-24-024786,https://www.sec.gov/Archives/edgar/data/1654151/000119312524024786/0001193125-24-024786-index.htm,,,Primary and complete submission text fetched.,LOW,LIKELY_NO_HIT
RHC-0071-ACQUIRED-DCPH,DCPH,Deciphera Pharmaceuticals Inc.,2024-04-29,2024-02-07,10-K,0001654151-24-000004,https://www.sec.gov/Archives/edgar/data/1654151/000165415124000004/0001654151-24-000004-index.htm,,,Primary and complete submission text fetched.,LOW,LIKELY_NO_HIT
RHC-0071-ACQUIRED-DCPH,DCPH,Deciphera Pharmaceuticals Inc.,2024-04-29,2024-04-25,DEF 14A,0001654151-24-000012,https://www.sec.gov/Archives/edgar/data/1654151/000165415124000012/0001654151-24-000012-index.htm,,,Primary and complete submission text fetched.,LOW,LIKELY_NO_HIT
