candidate_id,ticker,company_name,category,likely_event_year,source_hint,source_url_if_known,edgar_query,confidence_level,priority,verification_status,reason_for_inclusion,fields_needed_for_partial,notes
CAND-0001-ROFR_ROFN_CASE-CNTA,CNTA,Centessa Pharmaceuticals plc,ROFR_ROFN_CASE,2018-2024,EDGAR 8-K and 10-K ROFR/ROFN search; source_queries.md Section 1C,https://efts.sec.gov/LATEST/search-index,https://efts.sec.gov/LATEST/search-index?q=CNTA+%22Centessa+Pharmaceuticals+plc%22+%22right+of+first+refusal%22+OR+%22right+of+first+negotiation%22&forms=8-K%2C10-K%2C10-Q&dateRange=custom&startdt=2018-01-01&enddt=2024-12-31,MED,HIGH,CANDIDATE,local scanner row indicates possible ROFR/ROFN signal,agreement_8k_url|exhibit_url|observation_date|rights_holder|rofr_scope|excerpt|outcome_check|price_window,Generated from predictions_v12.csv. Candidate only. Do not promote without EDGAR/source_evidence verification.
CAND-0002-ROFR_ROFN_CASE-TERN,TERN,"Terns Pharmaceuticals, Inc.",ROFR_ROFN_CASE,2018-2024,EDGAR 8-K and 10-K ROFR/ROFN search; source_queries.md Section 1C,https://efts.sec.gov/LATEST/search-index,https://efts.sec.gov/LATEST/search-index?q=TERN+%22Terns+Pharmaceuticals%2C+Inc.%22+%22right+of+first+refusal%22+OR+%22right+of+first+negotiation%22&forms=8-K%2C10-K%2C10-Q&dateRange=custom&startdt=2018-01-01&enddt=2024-12-31,MED,HIGH,CANDIDATE,local scanner row indicates possible ROFR/ROFN signal,agreement_8k_url|exhibit_url|observation_date|rights_holder|rofr_scope|excerpt|outcome_check|price_window,Generated from predictions_v12.csv. Candidate only. Do not promote without EDGAR/source_evidence verification.
CAND-0003-ROFR_ROFN_CASE-RAPT,RAPT,"RAPT Therapeutics, Inc.",ROFR_ROFN_CASE,2018-2024,EDGAR 8-K and 10-K ROFR/ROFN search; source_queries.md Section 1C,https://efts.sec.gov/LATEST/search-index,https://efts.sec.gov/LATEST/search-index?q=RAPT+%22RAPT+Therapeutics%2C+Inc.%22+%22right+of+first+refusal%22+OR+%22right+of+first+negotiation%22&forms=8-K%2C10-K%2C10-Q&dateRange=custom&startdt=2018-01-01&enddt=2024-12-31,MED,HIGH,CANDIDATE,local scanner row indicates possible ROFR/ROFN signal,agreement_8k_url|exhibit_url|observation_date|rights_holder|rofr_scope|excerpt|outcome_check|price_window,Generated from predictions_v12.csv. Candidate only. Do not promote without EDGAR/source_evidence verification.
CAND-0004-FAILED_STRATEGIC_REVIEW-SDGR,SDGR,"Schrödinger, Inc.",FAILED_STRATEGIC_REVIEW,2018-2024,EDGAR 8-K strategic alternatives search; source_queries.md Section 1A,https://efts.sec.gov/LATEST/search-index,https://efts.sec.gov/LATEST/search-index?q=SDGR+%22Schr%C3%B6dinger%2C+Inc.%22+%22strategic+alternatives%22+%22board+of+directors%22&forms=8-K&dateRange=custom&startdt=2018-01-01&enddt=2024-12-31,MED,HIGH,CANDIDATE,local scanner row indicates strategic alternatives language,sa_8k_url|observation_date|sa_excerpt|outcome_check|price_window|no_deal_confirmation,Generated from predictions_v12.csv. Candidate only. Do not promote without EDGAR/source_evidence verification.
CAND-0005-FAILED_STRATEGIC_REVIEW-TBPH,TBPH,"Theravance Biopharma, Inc.",FAILED_STRATEGIC_REVIEW,2018-2024,EDGAR 8-K strategic alternatives search; source_queries.md Section 1A,https://efts.sec.gov/LATEST/search-index,https://efts.sec.gov/LATEST/search-index?q=TBPH+%22Theravance+Biopharma%2C+Inc.%22+%22strategic+alternatives%22+%22board+of+directors%22&forms=8-K&dateRange=custom&startdt=2018-01-01&enddt=2024-12-31,MED,HIGH,CANDIDATE,local scanner row indicates strategic alternatives language,sa_8k_url|observation_date|sa_excerpt|outcome_check|price_window|no_deal_confirmation,Generated from predictions_v12.csv. Candidate only. Do not promote without EDGAR/source_evidence verification.
CAND-0006-FAILED_STRATEGIC_REVIEW-ADCT,ADCT,ADC Therapeutics S.A.,FAILED_STRATEGIC_REVIEW,2018-2024,EDGAR 8-K strategic alternatives search; source_queries.md Section 1A,https://efts.sec.gov/LATEST/search-index,https://efts.sec.gov/LATEST/search-index?q=ADCT+%22ADC+Therapeutics+S.A.%22+%22strategic+alternatives%22+%22board+of+directors%22&forms=8-K&dateRange=custom&startdt=2018-01-01&enddt=2024-12-31,MED,HIGH,CANDIDATE,local scanner row indicates strategic alternatives language,sa_8k_url|observation_date|sa_excerpt|outcome_check|price_window|no_deal_confirmation,Generated from predictions_v12.csv. Candidate only. Do not promote without EDGAR/source_evidence verification.
CAND-0007-ACTIVIST_13D_NO_DEAL-DAWN,DAWN,"Day One Biopharmaceuticals, Inc.",ACTIVIST_13D_NO_DEAL,2018-2024,EDGAR SC 13D search; WhaleWisdom / 13D Monitor cross-check; source_queries.md Section 1B,https://www.sec.gov/edgar/search/,https://efts.sec.gov/LATEST/search-index?q=DAWN+%22Day+One+Biopharmaceuticals%2C+Inc.%22+%22Item+4%22+%22board+representation%22&forms=SC+13D%2CSC+13D%2FA&dateRange=custom&startdt=2018-01-01&enddt=2024-12-31,MED,MED,CANDIDATE,local scanner row indicates SC 13D activity,initial_13d_url|filing_date|activist_filer|item4_text|item4_intent|outcome_check|price_window,Generated from predictions_v12.csv. Candidate only. Do not promote without EDGAR/source_evidence verification.
CAND-0008-ACTIVIST_13D_NO_DEAL-OBIO,OBIO,"Orchestra BioMed Holdings, Inc.",ACTIVIST_13D_NO_DEAL,2018-2024,EDGAR SC 13D search; WhaleWisdom / 13D Monitor cross-check; source_queries.md Section 1B,https://www.sec.gov/edgar/search/,https://efts.sec.gov/LATEST/search-index?q=OBIO+%22Orchestra+BioMed+Holdings%2C+Inc.%22+%22Item+4%22+%22board+representation%22&forms=SC+13D%2CSC+13D%2FA&dateRange=custom&startdt=2018-01-01&enddt=2024-12-31,MED,MED,CANDIDATE,local scanner row indicates SC 13D activity,initial_13d_url|filing_date|activist_filer|item4_text|item4_intent|outcome_check|price_window,Generated from predictions_v12.csv. Candidate only. Do not promote without EDGAR/source_evidence verification.
CAND-0009-ACTIVIST_13D_NO_DEAL-LGND,LGND,Ligand Pharmaceuticals Incorporated,ACTIVIST_13D_NO_DEAL,2018-2024,EDGAR SC 13D search; WhaleWisdom / 13D Monitor cross-check; source_queries.md Section 1B,https://www.sec.gov/edgar/search/,https://efts.sec.gov/LATEST/search-index?q=LGND+%22Ligand+Pharmaceuticals+Incorporated%22+%22Item+4%22+%22board+representation%22&forms=SC+13D%2CSC+13D%2FA&dateRange=custom&startdt=2018-01-01&enddt=2024-12-31,MED,MED,CANDIDATE,local scanner row indicates SC 13D activity,initial_13d_url|filing_date|activist_filer|item4_text|item4_intent|outcome_check|price_window,Generated from predictions_v12.csv. Candidate only. Do not promote without EDGAR/source_evidence verification.
CAND-0010-ACTIVIST_13D_NO_DEAL-ABUS,ABUS,Arbutus Biopharma Corporation,ACTIVIST_13D_NO_DEAL,2018-2024,EDGAR SC 13D search; WhaleWisdom / 13D Monitor cross-check; source_queries.md Section 1B,https://www.sec.gov/edgar/search/,https://efts.sec.gov/LATEST/search-index?q=ABUS+%22Arbutus+Biopharma+Corporation%22+%22Item+4%22+%22board+representation%22&forms=SC+13D%2CSC+13D%2FA&dateRange=custom&startdt=2018-01-01&enddt=2024-12-31,MED,MED,CANDIDATE,local scanner row indicates SC 13D activity,initial_13d_url|filing_date|activist_filer|item4_text|item4_intent|outcome_check|price_window,Generated from predictions_v12.csv. Candidate only. Do not promote without EDGAR/source_evidence verification.
CAND-0011-ACTIVIST_13D_NO_DEAL-PAHC,PAHC,Phibro Animal Health Corporation,ACTIVIST_13D_NO_DEAL,2018-2024,EDGAR SC 13D search; WhaleWisdom / 13D Monitor cross-check; source_queries.md Section 1B,https://www.sec.gov/edgar/search/,https://efts.sec.gov/LATEST/search-index?q=PAHC+%22Phibro+Animal+Health+Corporation%22+%22Item+4%22+%22board+representation%22&forms=SC+13D%2CSC+13D%2FA&dateRange=custom&startdt=2018-01-01&enddt=2024-12-31,MED,MED,CANDIDATE,local scanner row indicates SC 13D activity,initial_13d_url|filing_date|activist_filer|item4_text|item4_intent|outcome_check|price_window,Generated from predictions_v12.csv. Candidate only. Do not promote without EDGAR/source_evidence verification.
CAND-0012-ACTIVIST_13D_NO_DEAL-ACLX,ACLX,"Arcellx, Inc.",ACTIVIST_13D_NO_DEAL,2018-2024,EDGAR SC 13D search; WhaleWisdom / 13D Monitor cross-check; source_queries.md Section 1B,https://www.sec.gov/edgar/search/,https://efts.sec.gov/LATEST/search-index?q=ACLX+%22Arcellx%2C+Inc.%22+%22Item+4%22+%22board+representation%22&forms=SC+13D%2CSC+13D%2FA&dateRange=custom&startdt=2018-01-01&enddt=2024-12-31,MED,MED,CANDIDATE,local scanner row indicates SC 13D activity,initial_13d_url|filing_date|activist_filer|item4_text|item4_intent|outcome_check|price_window,Generated from predictions_v12.csv. Candidate only. Do not promote without EDGAR/source_evidence verification.
CAND-0013-ACTIVIST_13D_NO_DEAL-AUPH,AUPH,Aurinia Pharmaceuticals Inc.,ACTIVIST_13D_NO_DEAL,2018-2024,EDGAR SC 13D search; WhaleWisdom / 13D Monitor cross-check; source_queries.md Section 1B,https://www.sec.gov/edgar/search/,https://efts.sec.gov/LATEST/search-index?q=AUPH+%22Aurinia+Pharmaceuticals+Inc.%22+%22Item+4%22+%22board+representation%22&forms=SC+13D%2CSC+13D%2FA&dateRange=custom&startdt=2018-01-01&enddt=2024-12-31,LOW,LOW,CANDIDATE,"AUPH appears in the local biotech scanner universe; row is a category-specific EDGAR search target for ACTIVIST_13D_NO_DEAL, not verified evidence",initial_13d_url|filing_date|activist_filer|item4_text|item4_intent|outcome_check|price_window,Generated from predictions_v12.csv. Candidate only. Do not promote without EDGAR/source_evidence verification.
CAND-0014-SALE_PRESSURE_13D-BMRN,BMRN,BioMarin Pharmaceutical Inc.,SALE_PRESSURE_13D,2018-2024,EDGAR SC 13D Item 4 sale-process phrase search; source_queries.md Section 1B,https://www.sec.gov/edgar/search/,https://efts.sec.gov/LATEST/search-index?q=BMRN+%22BioMarin+Pharmaceutical+Inc.%22+%22Item+4%22+%22sale+of+the+company%22&forms=SC+13D%2CSC+13D%2FA&dateRange=custom&startdt=2018-01-01&enddt=2024-12-31,LOW,LOW,CANDIDATE,"BMRN appears in the local biotech scanner universe; row is a category-specific EDGAR search target for SALE_PRESSURE_13D, not verified evidence",initial_13d_url|filing_date|activist_filer|item4_text|sale_pressure_excerpt|outcome_check|price_window,Generated from predictions_v12.csv. Candidate only. Do not promote without EDGAR/source_evidence verification.
CAND-0015-GOVERNANCE_ONLY_13D-ETNB,ETNB,"89bio, Inc.",GOVERNANCE_ONLY_13D,2018-2024,EDGAR SC 13D Item 4 governance phrase search; item4_parser governance-only calibration queue,https://www.sec.gov/edgar/search/,https://efts.sec.gov/LATEST/search-index?q=ETNB+%2289bio%2C+Inc.%22+%22Item+4%22+%22board+of+directors%22+%22governance%22&forms=SC+13D%2CSC+13D%2FA&dateRange=custom&startdt=2018-01-01&enddt=2024-12-31,LOW,LOW,CANDIDATE,"ETNB appears in the local biotech scanner universe; row is a category-specific EDGAR search target for GOVERNANCE_ONLY_13D, not verified evidence",initial_13d_url|filing_date|activist_filer|item4_text|governance_only_classification|outcome_check,Generated from predictions_v12.csv. Candidate only. Do not promote without EDGAR/source_evidence verification.
CAND-0016-ROFR_ROFN_CASE-FLGT,FLGT,"Fulgent Genetics, Inc.",ROFR_ROFN_CASE,2018-2024,EDGAR 8-K and 10-K ROFR/ROFN search; source_queries.md Section 1C,https://efts.sec.gov/LATEST/search-index,https://efts.sec.gov/LATEST/search-index?q=FLGT+%22Fulgent+Genetics%2C+Inc.%22+%22right+of+first+refusal%22+OR+%22right+of+first+negotiation%22&forms=8-K%2C10-K%2C10-Q&dateRange=custom&startdt=2018-01-01&enddt=2024-12-31,LOW,LOW,CANDIDATE,"FLGT appears in the local biotech scanner universe; row is a category-specific EDGAR search target for ROFR_ROFN_CASE, not verified evidence",agreement_8k_url|exhibit_url|observation_date|rights_holder|rofr_scope|excerpt|outcome_check|price_window,Generated from predictions_v12.csv. Candidate only. Do not promote without EDGAR/source_evidence verification.
CAND-0017-ASSET_SALE-MNKD,MNKD,MannKind Corporation,ASSET_SALE,2018-2024,EDGAR 8-K asset purchase agreement search; source_queries.md Section 1E,https://efts.sec.gov/LATEST/search-index,https://efts.sec.gov/LATEST/search-index?q=MNKD+%22MannKind+Corporation%22+%22asset+purchase+agreement%22+%22program%22&forms=8-K&dateRange=custom&startdt=2018-01-01&enddt=2024-12-31,LOW,LOW,CANDIDATE,"MNKD appears in the local biotech scanner universe; row is a category-specific EDGAR search target for ASSET_SALE, not verified evidence",asset_sale_8k_url|asset_description|buyer|consideration|retained_company_status|price_window,Generated from predictions_v12.csv. Candidate only. Do not promote without EDGAR/source_evidence verification.
CAND-0018-CAPITAL_RAISE_AFTER_PROCESS-NBIX,NBIX,"Neurocrine Biosciences, Inc.",CAPITAL_RAISE_AFTER_PROCESS,2018-2024,EDGAR 8-K/S-3 capital raise search after process language,https://www.sec.gov/edgar/search/,https://efts.sec.gov/LATEST/search-index?q=NBIX+%22Neurocrine+Biosciences%2C+Inc.%22+%22strategic+alternatives%22+%22registered+direct+offering%22&forms=8-K%2CS-3%2C424B5&dateRange=custom&startdt=2018-01-01&enddt=2024-12-31,LOW,LOW,CANDIDATE,"NBIX appears in the local biotech scanner universe; row is a category-specific EDGAR search target for CAPITAL_RAISE_AFTER_PROCESS, not verified evidence",sa_or_process_8k_url|capital_raise_8k_or_s3_url|raise_date|raise_size|outcome_check|price_window,Generated from predictions_v12.csv. Candidate only. Do not promote without EDGAR/source_evidence verification.
CAND-0019-BANKRUPTCY_OR_WIND_DOWN-YMAB,YMAB,"Y-mAbs Therapeutics, Inc.",BANKRUPTCY_OR_WIND_DOWN,2018-2024,EDGAR 8-K wind-down and bankruptcy search; source_queries.md Section 1D,https://efts.sec.gov/LATEST/search-index,https://efts.sec.gov/LATEST/search-index?q=YMAB+%22Y-mAbs+Therapeutics%2C+Inc.%22+%22wind+down%22+OR+%22chapter+11%22+OR+%22cease+operations%22&forms=8-K&dateRange=custom&startdt=2018-01-01&enddt=2024-12-31,LOW,LOW,CANDIDATE,"YMAB appears in the local biotech scanner universe; row is a category-specific EDGAR search target for BANKRUPTCY_OR_WIND_DOWN, not verified evidence",sa_or_distress_8k_url|wind_down_or_bankruptcy_8k_url|outcome_date|chapter_check|price_window,Generated from predictions_v12.csv. Candidate only. Do not promote without EDGAR/source_evidence verification.
CAND-0020-REVERSE_MERGER-ESPR,ESPR,"Esperion Therapeutics, Inc.",REVERSE_MERGER,2018-2024,EDGAR 8-K reverse merger and strategic alternatives follow-up search,https://efts.sec.gov/LATEST/search-index,https://efts.sec.gov/LATEST/search-index?q=ESPR+%22Esperion+Therapeutics%2C+Inc.%22+%22strategic+alternatives%22+%22reverse+merger%22&forms=8-K&dateRange=custom&startdt=2018-01-01&enddt=2024-12-31,LOW,LOW,CANDIDATE,"ESPR appears in the local biotech scanner universe; row is a category-specific EDGAR search target for REVERSE_MERGER, not verified evidence",sa_8k_url|reverse_merger_8k_url|counterparty|deal_structure|outcome_date|price_window,Generated from predictions_v12.csv. Candidate only. Do not promote without EDGAR/source_evidence verification.
CAND-0021-COMPLETED_DEAL-AKRO,AKRO,"Akero Therapeutics, Inc.",COMPLETED_DEAL,2018-2024,BioPharma Dive M&A tracker; Biotechgate M&A archives; EDGAR 8-K merger agreement search,https://www.biopharmadive.com/news/biotech-pharma-deals-merger-acquisitions-tracker/604262/,https://efts.sec.gov/LATEST/search-index?q=AKRO+%22Akero+Therapeutics%2C+Inc.%22+%22agreement+and+plan+of+merger%22+%22per+share%22&forms=8-K&dateRange=custom&startdt=2018-01-01&enddt=2024-12-31,LOW,LOW,CANDIDATE,"AKRO appears in the local biotech scanner universe; row is a category-specific EDGAR search target for COMPLETED_DEAL, not verified evidence",merger_8k_url|merger_filing_date|deal_date|deal_price_per_share|acquirer|prior_process_signal_search|price_window,Generated from predictions_v12.csv. Candidate only. Do not promote without EDGAR/source_evidence verification.
CAND-0022-COMPLETED_DEAL-INZY,INZY,"Inozyme Pharma, Inc.",COMPLETED_DEAL,2018-2024,BioPharma Dive M&A tracker; Biotechgate M&A archives; EDGAR 8-K merger agreement search,https://www.biopharmadive.com/news/biotech-pharma-deals-merger-acquisitions-tracker/604262/,https://efts.sec.gov/LATEST/search-index?q=INZY+%22Inozyme+Pharma%2C+Inc.%22+%22agreement+and+plan+of+merger%22+%22per+share%22&forms=8-K&dateRange=custom&startdt=2018-01-01&enddt=2024-12-31,LOW,MED,CANDIDATE,"INZY appears in the local biotech scanner universe; row is a category-specific EDGAR search target for COMPLETED_DEAL, not verified evidence",merger_8k_url|merger_filing_date|deal_date|deal_price_per_share|acquirer|prior_process_signal_search|price_window,Generated from predictions_v12.csv. Candidate only. Do not promote without EDGAR/source_evidence verification.
CAND-0023-ACTIVIST_13D_NO_DEAL-ADMA,ADMA,"ADMA Biologics, Inc.",ACTIVIST_13D_NO_DEAL,2018-2024,EDGAR SC 13D search; WhaleWisdom / 13D Monitor cross-check; source_queries.md Section 1B,https://www.sec.gov/edgar/search/,https://efts.sec.gov/LATEST/search-index?q=ADMA+%22ADMA+Biologics%2C+Inc.%22+%22Item+4%22+%22board+representation%22&forms=SC+13D%2CSC+13D%2FA&dateRange=custom&startdt=2018-01-01&enddt=2024-12-31,LOW,LOW,CANDIDATE,"ADMA appears in the local biotech scanner universe; row is a category-specific EDGAR search target for ACTIVIST_13D_NO_DEAL, not verified evidence",initial_13d_url|filing_date|activist_filer|item4_text|item4_intent|outcome_check|price_window,Generated from predictions_v12.csv. Candidate only. Do not promote without EDGAR/source_evidence verification.
CAND-0024-SALE_PRESSURE_13D-ALKS,ALKS,Alkermes plc,SALE_PRESSURE_13D,2018-2024,EDGAR SC 13D Item 4 sale-process phrase search; source_queries.md Section 1B,https://www.sec.gov/edgar/search/,https://efts.sec.gov/LATEST/search-index?q=ALKS+%22Alkermes+plc%22+%22Item+4%22+%22sale+of+the+company%22&forms=SC+13D%2CSC+13D%2FA&dateRange=custom&startdt=2018-01-01&enddt=2024-12-31,LOW,LOW,CANDIDATE,"ALKS appears in the local biotech scanner universe; row is a category-specific EDGAR search target for SALE_PRESSURE_13D, not verified evidence",initial_13d_url|filing_date|activist_filer|item4_text|sale_pressure_excerpt|outcome_check|price_window,Generated from predictions_v12.csv. Candidate only. Do not promote without EDGAR/source_evidence verification.
CAND-0025-GOVERNANCE_ONLY_13D-ALVO,ALVO,Alvotech,GOVERNANCE_ONLY_13D,2018-2024,EDGAR SC 13D Item 4 governance phrase search; item4_parser governance-only calibration queue,https://www.sec.gov/edgar/search/,https://efts.sec.gov/LATEST/search-index?q=ALVO+%22Alvotech%22+%22Item+4%22+%22board+of+directors%22+%22governance%22&forms=SC+13D%2CSC+13D%2FA&dateRange=custom&startdt=2018-01-01&enddt=2024-12-31,LOW,LOW,CANDIDATE,"ALVO appears in the local biotech scanner universe; row is a category-specific EDGAR search target for GOVERNANCE_ONLY_13D, not verified evidence",initial_13d_url|filing_date|activist_filer|item4_text|governance_only_classification|outcome_check,Generated from predictions_v12.csv. Candidate only. Do not promote without EDGAR/source_evidence verification.
CAND-0026-ROFR_ROFN_CASE-AMPH,AMPH,"Amphastar Pharmaceuticals, Inc.",ROFR_ROFN_CASE,2018-2024,EDGAR 8-K and 10-K ROFR/ROFN search; source_queries.md Section 1C,https://efts.sec.gov/LATEST/search-index,https://efts.sec.gov/LATEST/search-index?q=AMPH+%22Amphastar+Pharmaceuticals%2C+Inc.%22+%22right+of+first+refusal%22+OR+%22right+of+first+negotiation%22&forms=8-K%2C10-K%2C10-Q&dateRange=custom&startdt=2018-01-01&enddt=2024-12-31,LOW,LOW,CANDIDATE,"AMPH appears in the local biotech scanner universe; row is a category-specific EDGAR search target for ROFR_ROFN_CASE, not verified evidence",agreement_8k_url|exhibit_url|observation_date|rights_holder|rofr_scope|excerpt|outcome_check|price_window,Generated from predictions_v12.csv. Candidate only. Do not promote without EDGAR/source_evidence verification.
CAND-0027-CAPITAL_RAISE_AFTER_PROCESS-ANIK,ANIK,"Anika Therapeutics, Inc.",CAPITAL_RAISE_AFTER_PROCESS,2018-2024,EDGAR 8-K/S-3 capital raise search after process language,https://www.sec.gov/edgar/search/,https://efts.sec.gov/LATEST/search-index?q=ANIK+%22Anika+Therapeutics%2C+Inc.%22+%22strategic+alternatives%22+%22registered+direct+offering%22&forms=8-K%2CS-3%2C424B5&dateRange=custom&startdt=2018-01-01&enddt=2024-12-31,LOW,MED,CANDIDATE,"ANIK appears in the local biotech scanner universe; row is a category-specific EDGAR search target for CAPITAL_RAISE_AFTER_PROCESS, not verified evidence",sa_or_process_8k_url|capital_raise_8k_or_s3_url|raise_date|raise_size|outcome_check|price_window,Generated from predictions_v12.csv. Candidate only. Do not promote without EDGAR/source_evidence verification.
CAND-0028-CAPITAL_RAISE_AFTER_PROCESS-ANIP,ANIP,"ANI Pharmaceuticals, Inc.",CAPITAL_RAISE_AFTER_PROCESS,2018-2024,EDGAR 8-K/S-3 capital raise search after process language,https://www.sec.gov/edgar/search/,https://efts.sec.gov/LATEST/search-index?q=ANIP+%22ANI+Pharmaceuticals%2C+Inc.%22+%22strategic+alternatives%22+%22registered+direct+offering%22&forms=8-K%2CS-3%2C424B5&dateRange=custom&startdt=2018-01-01&enddt=2024-12-31,LOW,LOW,CANDIDATE,"ANIP appears in the local biotech scanner universe; row is a category-specific EDGAR search target for CAPITAL_RAISE_AFTER_PROCESS, not verified evidence",sa_or_process_8k_url|capital_raise_8k_or_s3_url|raise_date|raise_size|outcome_check|price_window,Generated from predictions_v12.csv. Candidate only. Do not promote without EDGAR/source_evidence verification.
CAND-0029-BANKRUPTCY_OR_WIND_DOWN-ARCT,ARCT,Arcturus Therapeutics Holdings Inc.,BANKRUPTCY_OR_WIND_DOWN,2018-2024,EDGAR 8-K wind-down and bankruptcy search; source_queries.md Section 1D,https://efts.sec.gov/LATEST/search-index,https://efts.sec.gov/LATEST/search-index?q=ARCT+%22Arcturus+Therapeutics+Holdings+Inc.%22+%22wind+down%22+OR+%22chapter+11%22+OR+%22cease+operations%22&forms=8-K&dateRange=custom&startdt=2018-01-01&enddt=2024-12-31,LOW,LOW,CANDIDATE,"ARCT appears in the local biotech scanner universe; row is a category-specific EDGAR search target for BANKRUPTCY_OR_WIND_DOWN, not verified evidence",sa_or_distress_8k_url|wind_down_or_bankruptcy_8k_url|outcome_date|chapter_check|price_window,Generated from predictions_v12.csv. Candidate only. Do not promote without EDGAR/source_evidence verification.
CAND-0030-CAPITAL_RAISE_AFTER_PROCESS-AUTL,AUTL,Autolus Therapeutics plc,CAPITAL_RAISE_AFTER_PROCESS,2018-2024,EDGAR 8-K/S-3 capital raise search after process language,https://www.sec.gov/edgar/search/,https://efts.sec.gov/LATEST/search-index?q=AUTL+%22Autolus+Therapeutics+plc%22+%22strategic+alternatives%22+%22registered+direct+offering%22&forms=8-K%2CS-3%2C424B5&dateRange=custom&startdt=2018-01-01&enddt=2024-12-31,LOW,MED,CANDIDATE,"AUTL appears in the local biotech scanner universe; row is a category-specific EDGAR search target for CAPITAL_RAISE_AFTER_PROCESS, not verified evidence",sa_or_process_8k_url|capital_raise_8k_or_s3_url|raise_date|raise_size|outcome_check|price_window,Generated from predictions_v12.csv. Candidate only. Do not promote without EDGAR/source_evidence verification.
CAND-0031-CAPITAL_RAISE_AFTER_PROCESS-BCYC,BCYC,Bicycle Therapeutics plc,CAPITAL_RAISE_AFTER_PROCESS,2018-2024,EDGAR 8-K/S-3 capital raise search after process language,https://www.sec.gov/edgar/search/,https://efts.sec.gov/LATEST/search-index?q=BCYC+%22Bicycle+Therapeutics+plc%22+%22strategic+alternatives%22+%22registered+direct+offering%22&forms=8-K%2CS-3%2C424B5&dateRange=custom&startdt=2018-01-01&enddt=2024-12-31,LOW,MED,CANDIDATE,"BCYC appears in the local biotech scanner universe; row is a category-specific EDGAR search target for CAPITAL_RAISE_AFTER_PROCESS, not verified evidence",sa_or_process_8k_url|capital_raise_8k_or_s3_url|raise_date|raise_size|outcome_check|price_window,Generated from predictions_v12.csv. Candidate only. Do not promote without EDGAR/source_evidence verification.
CAND-0032-COMPLETED_DEAL-BHVN,BHVN,Biohaven Ltd.,COMPLETED_DEAL,2018-2024,BioPharma Dive M&A tracker; Biotechgate M&A archives; EDGAR 8-K merger agreement search,https://www.biopharmadive.com/news/biotech-pharma-deals-merger-acquisitions-tracker/604262/,https://efts.sec.gov/LATEST/search-index?q=BHVN+%22Biohaven+Ltd.%22+%22agreement+and+plan+of+merger%22+%22per+share%22&forms=8-K&dateRange=custom&startdt=2018-01-01&enddt=2024-12-31,LOW,MED,CANDIDATE,"BHVN appears in the local biotech scanner universe; row is a category-specific EDGAR search target for COMPLETED_DEAL, not verified evidence",merger_8k_url|merger_filing_date|deal_date|deal_price_per_share|acquirer|prior_process_signal_search|price_window,Generated from predictions_v12.csv. Candidate only. Do not promote without EDGAR/source_evidence verification.
CAND-0033-ACTIVIST_13D_NO_DEAL-CNMD,CNMD,CONMED Corporation,ACTIVIST_13D_NO_DEAL,2018-2024,EDGAR SC 13D search; WhaleWisdom / 13D Monitor cross-check; source_queries.md Section 1B,https://www.sec.gov/edgar/search/,https://efts.sec.gov/LATEST/search-index?q=CNMD+%22CONMED+Corporation%22+%22Item+4%22+%22board+representation%22&forms=SC+13D%2CSC+13D%2FA&dateRange=custom&startdt=2018-01-01&enddt=2024-12-31,LOW,LOW,CANDIDATE,"CNMD appears in the local biotech scanner universe; row is a category-specific EDGAR search target for ACTIVIST_13D_NO_DEAL, not verified evidence",initial_13d_url|filing_date|activist_filer|item4_text|item4_intent|outcome_check|price_window,Generated from predictions_v12.csv. Candidate only. Do not promote without EDGAR/source_evidence verification.
CAND-0034-SALE_PRESSURE_13D-COLL,COLL,"Collegium Pharmaceutical, Inc.",SALE_PRESSURE_13D,2018-2024,EDGAR SC 13D Item 4 sale-process phrase search; source_queries.md Section 1B,https://www.sec.gov/edgar/search/,https://efts.sec.gov/LATEST/search-index?q=COLL+%22Collegium+Pharmaceutical%2C+Inc.%22+%22Item+4%22+%22sale+of+the+company%22&forms=SC+13D%2CSC+13D%2FA&dateRange=custom&startdt=2018-01-01&enddt=2024-12-31,LOW,LOW,CANDIDATE,"COLL appears in the local biotech scanner universe; row is a category-specific EDGAR search target for SALE_PRESSURE_13D, not verified evidence",initial_13d_url|filing_date|activist_filer|item4_text|sale_pressure_excerpt|outcome_check|price_window,Generated from predictions_v12.csv. Candidate only. Do not promote without EDGAR/source_evidence verification.
CAND-0035-GOVERNANCE_ONLY_13D-DNLI,DNLI,Denali Therapeutics Inc.,GOVERNANCE_ONLY_13D,2018-2024,EDGAR SC 13D Item 4 governance phrase search; item4_parser governance-only calibration queue,https://www.sec.gov/edgar/search/,https://efts.sec.gov/LATEST/search-index?q=DNLI+%22Denali+Therapeutics+Inc.%22+%22Item+4%22+%22board+of+directors%22+%22governance%22&forms=SC+13D%2CSC+13D%2FA&dateRange=custom&startdt=2018-01-01&enddt=2024-12-31,LOW,LOW,CANDIDATE,"DNLI appears in the local biotech scanner universe; row is a category-specific EDGAR search target for GOVERNANCE_ONLY_13D, not verified evidence",initial_13d_url|filing_date|activist_filer|item4_text|governance_only_classification|outcome_check,Generated from predictions_v12.csv. Candidate only. Do not promote without EDGAR/source_evidence verification.
CAND-0036-ROFR_ROFN_CASE-EXEL,EXEL,"Exelixis, Inc.",ROFR_ROFN_CASE,2018-2024,EDGAR 8-K and 10-K ROFR/ROFN search; source_queries.md Section 1C,https://efts.sec.gov/LATEST/search-index,https://efts.sec.gov/LATEST/search-index?q=EXEL+%22Exelixis%2C+Inc.%22+%22right+of+first+refusal%22+OR+%22right+of+first+negotiation%22&forms=8-K%2C10-K%2C10-Q&dateRange=custom&startdt=2018-01-01&enddt=2024-12-31,LOW,LOW,CANDIDATE,"EXEL appears in the local biotech scanner universe; row is a category-specific EDGAR search target for ROFR_ROFN_CASE, not verified evidence",agreement_8k_url|exhibit_url|observation_date|rights_holder|rofr_scope|excerpt|outcome_check|price_window,Generated from predictions_v12.csv. Candidate only. Do not promote without EDGAR/source_evidence verification.
CAND-0037-ASSET_SALE-FHTX,FHTX,Foghorn Therapeutics Inc.,ASSET_SALE,2018-2024,EDGAR 8-K asset purchase agreement search; source_queries.md Section 1E,https://efts.sec.gov/LATEST/search-index,https://efts.sec.gov/LATEST/search-index?q=FHTX+%22Foghorn+Therapeutics+Inc.%22+%22asset+purchase+agreement%22+%22program%22&forms=8-K&dateRange=custom&startdt=2018-01-01&enddt=2024-12-31,LOW,LOW,CANDIDATE,"FHTX appears in the local biotech scanner universe; row is a category-specific EDGAR search target for ASSET_SALE, not verified evidence",asset_sale_8k_url|asset_description|buyer|consideration|retained_company_status|price_window,Generated from predictions_v12.csv. Candidate only. Do not promote without EDGAR/source_evidence verification.
CAND-0038-COMPLETED_DEAL-GERN,GERN,Geron Corporation,COMPLETED_DEAL,2018-2024,BioPharma Dive M&A tracker; Biotechgate M&A archives; EDGAR 8-K merger agreement search,https://www.biopharmadive.com/news/biotech-pharma-deals-merger-acquisitions-tracker/604262/,https://efts.sec.gov/LATEST/search-index?q=GERN+%22Geron+Corporation%22+%22agreement+and+plan+of+merger%22+%22per+share%22&forms=8-K&dateRange=custom&startdt=2018-01-01&enddt=2024-12-31,LOW,MED,CANDIDATE,"GERN appears in the local biotech scanner universe; row is a category-specific EDGAR search target for COMPLETED_DEAL, not verified evidence",merger_8k_url|merger_filing_date|deal_date|deal_price_per_share|acquirer|prior_process_signal_search|price_window,Generated from predictions_v12.csv. Candidate only. Do not promote without EDGAR/source_evidence verification.
CAND-0039-BANKRUPTCY_OR_WIND_DOWN-GLPG,GLPG,Galapagos N.V.,BANKRUPTCY_OR_WIND_DOWN,2018-2024,EDGAR 8-K wind-down and bankruptcy search; source_queries.md Section 1D,https://efts.sec.gov/LATEST/search-index,https://efts.sec.gov/LATEST/search-index?q=GLPG+%22Galapagos+N.V.%22+%22wind+down%22+OR+%22chapter+11%22+OR+%22cease+operations%22&forms=8-K&dateRange=custom&startdt=2018-01-01&enddt=2024-12-31,LOW,LOW,CANDIDATE,"GLPG appears in the local biotech scanner universe; row is a category-specific EDGAR search target for BANKRUPTCY_OR_WIND_DOWN, not verified evidence",sa_or_distress_8k_url|wind_down_or_bankruptcy_8k_url|outcome_date|chapter_check|price_window,Generated from predictions_v12.csv. Candidate only. Do not promote without EDGAR/source_evidence verification.
CAND-0040-COMPLETED_DEAL-IMCR,IMCR,Immunocore Holdings plc,COMPLETED_DEAL,2018-2024,BioPharma Dive M&A tracker; Biotechgate M&A archives; EDGAR 8-K merger agreement search,https://www.biopharmadive.com/news/biotech-pharma-deals-merger-acquisitions-tracker/604262/,https://efts.sec.gov/LATEST/search-index?q=IMCR+%22Immunocore+Holdings+plc%22+%22agreement+and+plan+of+merger%22+%22per+share%22&forms=8-K&dateRange=custom&startdt=2018-01-01&enddt=2024-12-31,LOW,MED,CANDIDATE,"IMCR appears in the local biotech scanner universe; row is a category-specific EDGAR search target for COMPLETED_DEAL, not verified evidence",merger_8k_url|merger_filing_date|deal_date|deal_price_per_share|acquirer|prior_process_signal_search|price_window,Generated from predictions_v12.csv. Candidate only. Do not promote without EDGAR/source_evidence verification.
CAND-0041-COMPLETED_DEAL-JANX,JANX,"Janux Therapeutics, Inc.",COMPLETED_DEAL,2018-2024,BioPharma Dive M&A tracker; Biotechgate M&A archives; EDGAR 8-K merger agreement search,https://www.biopharmadive.com/news/biotech-pharma-deals-merger-acquisitions-tracker/604262/,https://efts.sec.gov/LATEST/search-index?q=JANX+%22Janux+Therapeutics%2C+Inc.%22+%22agreement+and+plan+of+merger%22+%22per+share%22&forms=8-K&dateRange=custom&startdt=2018-01-01&enddt=2024-12-31,LOW,LOW,CANDIDATE,"JANX appears in the local biotech scanner universe; row is a category-specific EDGAR search target for COMPLETED_DEAL, not verified evidence",merger_8k_url|merger_filing_date|deal_date|deal_price_per_share|acquirer|prior_process_signal_search|price_window,Generated from predictions_v12.csv. Candidate only. Do not promote without EDGAR/source_evidence verification.
CAND-0042-FAILED_STRATEGIC_REVIEW-OCUL,OCUL,"Ocular Therapeutix, Inc.",FAILED_STRATEGIC_REVIEW,2018-2024,EDGAR 8-K strategic alternatives search; source_queries.md Section 1A,https://efts.sec.gov/LATEST/search-index,https://efts.sec.gov/LATEST/search-index?q=OCUL+%22Ocular+Therapeutix%2C+Inc.%22+%22strategic+alternatives%22+%22board+of+directors%22&forms=8-K&dateRange=custom&startdt=2018-01-01&enddt=2024-12-31,LOW,LOW,CANDIDATE,"OCUL appears in the local biotech scanner universe; row is a category-specific EDGAR search target for FAILED_STRATEGIC_REVIEW, not verified evidence",sa_8k_url|observation_date|sa_excerpt|outcome_check|price_window|no_deal_confirmation,Generated from predictions_v12.csv. Candidate only. Do not promote without EDGAR/source_evidence verification.
CAND-0043-ACTIVIST_13D_NO_DEAL-PCRX,PCRX,"Pacira BioSciences, Inc.",ACTIVIST_13D_NO_DEAL,2018-2024,EDGAR SC 13D search; WhaleWisdom / 13D Monitor cross-check; source_queries.md Section 1B,https://www.sec.gov/edgar/search/,https://efts.sec.gov/LATEST/search-index?q=PCRX+%22Pacira+BioSciences%2C+Inc.%22+%22Item+4%22+%22board+representation%22&forms=SC+13D%2CSC+13D%2FA&dateRange=custom&startdt=2018-01-01&enddt=2024-12-31,LOW,LOW,CANDIDATE,"PCRX appears in the local biotech scanner universe; row is a category-specific EDGAR search target for ACTIVIST_13D_NO_DEAL, not verified evidence",initial_13d_url|filing_date|activist_filer|item4_text|item4_intent|outcome_check|price_window,Generated from predictions_v12.csv. Candidate only. Do not promote without EDGAR/source_evidence verification.
CAND-0044-SALE_PRESSURE_13D-RARE,RARE,Ultragenyx Pharmaceutical Inc.,SALE_PRESSURE_13D,2018-2024,EDGAR SC 13D Item 4 sale-process phrase search; source_queries.md Section 1B,https://www.sec.gov/edgar/search/,https://efts.sec.gov/LATEST/search-index?q=RARE+%22Ultragenyx+Pharmaceutical+Inc.%22+%22Item+4%22+%22sale+of+the+company%22&forms=SC+13D%2CSC+13D%2FA&dateRange=custom&startdt=2018-01-01&enddt=2024-12-31,LOW,LOW,CANDIDATE,"RARE appears in the local biotech scanner universe; row is a category-specific EDGAR search target for SALE_PRESSURE_13D, not verified evidence",initial_13d_url|filing_date|activist_filer|item4_text|sale_pressure_excerpt|outcome_check|price_window,Generated from predictions_v12.csv. Candidate only. Do not promote without EDGAR/source_evidence verification.
CAND-0045-GOVERNANCE_ONLY_13D-MIRM,MIRM,"Mirum Pharmaceuticals, Inc.",GOVERNANCE_ONLY_13D,2018-2024,EDGAR SC 13D Item 4 governance phrase search; item4_parser governance-only calibration queue,https://www.sec.gov/edgar/search/,https://efts.sec.gov/LATEST/search-index?q=MIRM+%22Mirum+Pharmaceuticals%2C+Inc.%22+%22Item+4%22+%22board+of+directors%22+%22governance%22&forms=SC+13D%2CSC+13D%2FA&dateRange=custom&startdt=2018-01-01&enddt=2024-12-31,LOW,LOW,CANDIDATE,"MIRM appears in the local biotech scanner universe; row is a category-specific EDGAR search target for GOVERNANCE_ONLY_13D, not verified evidence",initial_13d_url|filing_date|activist_filer|item4_text|governance_only_classification|outcome_check,Generated from predictions_v12.csv. Candidate only. Do not promote without EDGAR/source_evidence verification.
CAND-0046-ROFR_ROFN_CASE-KMPH,KMPH,"KemPharm, Inc.",ROFR_ROFN_CASE,2018-2024,EDGAR 8-K and 10-K ROFR/ROFN search; source_queries.md Section 1C,https://efts.sec.gov/LATEST/search-index,https://efts.sec.gov/LATEST/search-index?q=KMPH+%22KemPharm%2C+Inc.%22+%22right+of+first+refusal%22+OR+%22right+of+first+negotiation%22&forms=8-K%2C10-K%2C10-Q&dateRange=custom&startdt=2018-01-01&enddt=2024-12-31,LOW,LOW,CANDIDATE,"KMPH appears in the local biotech scanner universe; row is a category-specific EDGAR search target for ROFR_ROFN_CASE, not verified evidence",agreement_8k_url|exhibit_url|observation_date|rights_holder|rofr_scope|excerpt|outcome_check|price_window,Generated from predictions_v12.csv. Candidate only. Do not promote without EDGAR/source_evidence verification.
CAND-0047-ASSET_SALE-FULC,FULC,"Fulcrum Therapeutics, Inc.",ASSET_SALE,2018-2024,EDGAR 8-K asset purchase agreement search; source_queries.md Section 1E,https://efts.sec.gov/LATEST/search-index,https://efts.sec.gov/LATEST/search-index?q=FULC+%22Fulcrum+Therapeutics%2C+Inc.%22+%22asset+purchase+agreement%22+%22program%22&forms=8-K&dateRange=custom&startdt=2018-01-01&enddt=2024-12-31,LOW,LOW,CANDIDATE,"FULC appears in the local biotech scanner universe; row is a category-specific EDGAR search target for ASSET_SALE, not verified evidence",asset_sale_8k_url|asset_description|buyer|consideration|retained_company_status|price_window,Generated from predictions_v12.csv. Candidate only. Do not promote without EDGAR/source_evidence verification.
CAND-0048-CAPITAL_RAISE_AFTER_PROCESS-LENZ,LENZ,"LENZ Therapeutics, Inc.",CAPITAL_RAISE_AFTER_PROCESS,2018-2024,EDGAR 8-K/S-3 capital raise search after process language,https://www.sec.gov/edgar/search/,https://efts.sec.gov/LATEST/search-index?q=LENZ+%22LENZ+Therapeutics%2C+Inc.%22+%22strategic+alternatives%22+%22registered+direct+offering%22&forms=8-K%2CS-3%2C424B5&dateRange=custom&startdt=2018-01-01&enddt=2024-12-31,LOW,LOW,CANDIDATE,"LENZ appears in the local biotech scanner universe; row is a category-specific EDGAR search target for CAPITAL_RAISE_AFTER_PROCESS, not verified evidence",sa_or_process_8k_url|capital_raise_8k_or_s3_url|raise_date|raise_size|outcome_check|price_window,Generated from predictions_v12.csv. Candidate only. Do not promote without EDGAR/source_evidence verification.
CAND-0049-BANKRUPTCY_OR_WIND_DOWN-QURE,QURE,uniQure N.V.,BANKRUPTCY_OR_WIND_DOWN,2018-2024,EDGAR 8-K wind-down and bankruptcy search; source_queries.md Section 1D,https://efts.sec.gov/LATEST/search-index,https://efts.sec.gov/LATEST/search-index?q=QURE+%22uniQure+N.V.%22+%22wind+down%22+OR+%22chapter+11%22+OR+%22cease+operations%22&forms=8-K&dateRange=custom&startdt=2018-01-01&enddt=2024-12-31,LOW,LOW,CANDIDATE,"QURE appears in the local biotech scanner universe; row is a category-specific EDGAR search target for BANKRUPTCY_OR_WIND_DOWN, not verified evidence",sa_or_distress_8k_url|wind_down_or_bankruptcy_8k_url|outcome_date|chapter_check|price_window,Generated from predictions_v12.csv. Candidate only. Do not promote without EDGAR/source_evidence verification.
CAND-0050-REVERSE_MERGER-BPMC,BPMC,Blueprint Medicines Corporation,REVERSE_MERGER,2018-2024,EDGAR 8-K reverse merger and strategic alternatives follow-up search,https://efts.sec.gov/LATEST/search-index,https://efts.sec.gov/LATEST/search-index?q=BPMC+%22Blueprint+Medicines+Corporation%22+%22strategic+alternatives%22+%22reverse+merger%22&forms=8-K&dateRange=custom&startdt=2018-01-01&enddt=2024-12-31,LOW,LOW,CANDIDATE,"BPMC appears in the local biotech scanner universe; row is a category-specific EDGAR search target for REVERSE_MERGER, not verified evidence",sa_8k_url|reverse_merger_8k_url|counterparty|deal_structure|outcome_date|price_window,Generated from predictions_v12.csv. Candidate only. Do not promote without EDGAR/source_evidence verification.
CAND-0051-COMPLETED_DEAL-GPCR,GPCR,Structure Therapeutics Inc.,COMPLETED_DEAL,2018-2024,BioPharma Dive M&A tracker; Biotechgate M&A archives; EDGAR 8-K merger agreement search,https://www.biopharmadive.com/news/biotech-pharma-deals-merger-acquisitions-tracker/604262/,https://efts.sec.gov/LATEST/search-index?q=GPCR+%22Structure+Therapeutics+Inc.%22+%22agreement+and+plan+of+merger%22+%22per+share%22&forms=8-K&dateRange=custom&startdt=2018-01-01&enddt=2024-12-31,LOW,LOW,CANDIDATE,"GPCR appears in the local biotech scanner universe; row is a category-specific EDGAR search target for COMPLETED_DEAL, not verified evidence",merger_8k_url|merger_filing_date|deal_date|deal_price_per_share|acquirer|prior_process_signal_search|price_window,Generated from predictions_v12.csv. Candidate only. Do not promote without EDGAR/source_evidence verification.
CAND-0052-FAILED_STRATEGIC_REVIEW-SMMT,SMMT,Summit Therapeutics Inc.,FAILED_STRATEGIC_REVIEW,2018-2024,EDGAR 8-K strategic alternatives search; source_queries.md Section 1A,https://efts.sec.gov/LATEST/search-index,https://efts.sec.gov/LATEST/search-index?q=SMMT+%22Summit+Therapeutics+Inc.%22+%22strategic+alternatives%22+%22board+of+directors%22&forms=8-K&dateRange=custom&startdt=2018-01-01&enddt=2024-12-31,LOW,LOW,CANDIDATE,"SMMT appears in the local biotech scanner universe; row is a category-specific EDGAR search target for FAILED_STRATEGIC_REVIEW, not verified evidence",sa_8k_url|observation_date|sa_excerpt|outcome_check|price_window|no_deal_confirmation,Generated from predictions_v12.csv. Candidate only. Do not promote without EDGAR/source_evidence verification.
CAND-0053-ACTIVIST_13D_NO_DEAL-AHCO,AHCO,AdaptHealth Corp.,ACTIVIST_13D_NO_DEAL,2018-2024,EDGAR SC 13D search; WhaleWisdom / 13D Monitor cross-check; source_queries.md Section 1B,https://www.sec.gov/edgar/search/,https://efts.sec.gov/LATEST/search-index?q=AHCO+%22AdaptHealth+Corp.%22+%22Item+4%22+%22board+representation%22&forms=SC+13D%2CSC+13D%2FA&dateRange=custom&startdt=2018-01-01&enddt=2024-12-31,LOW,LOW,CANDIDATE,"AHCO appears in the local biotech scanner universe; row is a category-specific EDGAR search target for ACTIVIST_13D_NO_DEAL, not verified evidence",initial_13d_url|filing_date|activist_filer|item4_text|item4_intent|outcome_check|price_window,Generated from predictions_v12.csv. Candidate only. Do not promote without EDGAR/source_evidence verification.
CAND-0054-SALE_PRESSURE_13D-CELC,CELC,Celcuity Inc.,SALE_PRESSURE_13D,2018-2024,EDGAR SC 13D Item 4 sale-process phrase search; source_queries.md Section 1B,https://www.sec.gov/edgar/search/,https://efts.sec.gov/LATEST/search-index?q=CELC+%22Celcuity+Inc.%22+%22Item+4%22+%22sale+of+the+company%22&forms=SC+13D%2CSC+13D%2FA&dateRange=custom&startdt=2018-01-01&enddt=2024-12-31,LOW,LOW,CANDIDATE,"CELC appears in the local biotech scanner universe; row is a category-specific EDGAR search target for SALE_PRESSURE_13D, not verified evidence",initial_13d_url|filing_date|activist_filer|item4_text|sale_pressure_excerpt|outcome_check|price_window,Generated from predictions_v12.csv. Candidate only. Do not promote without EDGAR/source_evidence verification.
CAND-0055-GOVERNANCE_ONLY_13D-ACCD,ACCD,"Accolade, Inc.",GOVERNANCE_ONLY_13D,2018-2024,EDGAR SC 13D Item 4 governance phrase search; item4_parser governance-only calibration queue,https://www.sec.gov/edgar/search/,https://efts.sec.gov/LATEST/search-index?q=ACCD+%22Accolade%2C+Inc.%22+%22Item+4%22+%22board+of+directors%22+%22governance%22&forms=SC+13D%2CSC+13D%2FA&dateRange=custom&startdt=2018-01-01&enddt=2024-12-31,LOW,LOW,CANDIDATE,"ACCD appears in the local biotech scanner universe; row is a category-specific EDGAR search target for GOVERNANCE_ONLY_13D, not verified evidence",initial_13d_url|filing_date|activist_filer|item4_text|governance_only_classification|outcome_check,Generated from predictions_v12.csv. Candidate only. Do not promote without EDGAR/source_evidence verification.
CAND-0056-ROFR_ROFN_CASE-ADUS,ADUS,Addus HomeCare Corporation,ROFR_ROFN_CASE,2018-2024,EDGAR 8-K and 10-K ROFR/ROFN search; source_queries.md Section 1C,https://efts.sec.gov/LATEST/search-index,https://efts.sec.gov/LATEST/search-index?q=ADUS+%22Addus+HomeCare+Corporation%22+%22right+of+first+refusal%22+OR+%22right+of+first+negotiation%22&forms=8-K%2C10-K%2C10-Q&dateRange=custom&startdt=2018-01-01&enddt=2024-12-31,LOW,LOW,CANDIDATE,"ADUS appears in the local biotech scanner universe; row is a category-specific EDGAR search target for ROFR_ROFN_CASE, not verified evidence",agreement_8k_url|exhibit_url|observation_date|rights_holder|rofr_scope|excerpt|outcome_check|price_window,Generated from predictions_v12.csv. Candidate only. Do not promote without EDGAR/source_evidence verification.
CAND-0057-ASSET_SALE-TARS,TARS,"Tarsus Pharmaceuticals, Inc.",ASSET_SALE,2018-2024,EDGAR 8-K asset purchase agreement search; source_queries.md Section 1E,https://efts.sec.gov/LATEST/search-index,https://efts.sec.gov/LATEST/search-index?q=TARS+%22Tarsus+Pharmaceuticals%2C+Inc.%22+%22asset+purchase+agreement%22+%22program%22&forms=8-K&dateRange=custom&startdt=2018-01-01&enddt=2024-12-31,LOW,LOW,CANDIDATE,"TARS appears in the local biotech scanner universe; row is a category-specific EDGAR search target for ASSET_SALE, not verified evidence",asset_sale_8k_url|asset_description|buyer|consideration|retained_company_status|price_window,Generated from predictions_v12.csv. Candidate only. Do not promote without EDGAR/source_evidence verification.
CAND-0058-CAPITAL_RAISE_AFTER_PROCESS-ITCI,ITCI,"Intra-Cellular Therapies, Inc.",CAPITAL_RAISE_AFTER_PROCESS,2018-2024,EDGAR 8-K/S-3 capital raise search after process language,https://www.sec.gov/edgar/search/,https://efts.sec.gov/LATEST/search-index?q=ITCI+%22Intra-Cellular+Therapies%2C+Inc.%22+%22strategic+alternatives%22+%22registered+direct+offering%22&forms=8-K%2CS-3%2C424B5&dateRange=custom&startdt=2018-01-01&enddt=2024-12-31,LOW,LOW,CANDIDATE,"ITCI appears in the local biotech scanner universe; row is a category-specific EDGAR search target for CAPITAL_RAISE_AFTER_PROCESS, not verified evidence",sa_or_process_8k_url|capital_raise_8k_or_s3_url|raise_date|raise_size|outcome_check|price_window,Generated from predictions_v12.csv. Candidate only. Do not promote without EDGAR/source_evidence verification.
CAND-0059-BANKRUPTCY_OR_WIND_DOWN-ATRC,ATRC,"AtriCure, Inc.",BANKRUPTCY_OR_WIND_DOWN,2018-2024,EDGAR 8-K wind-down and bankruptcy search; source_queries.md Section 1D,https://efts.sec.gov/LATEST/search-index,https://efts.sec.gov/LATEST/search-index?q=ATRC+%22AtriCure%2C+Inc.%22+%22wind+down%22+OR+%22chapter+11%22+OR+%22cease+operations%22&forms=8-K&dateRange=custom&startdt=2018-01-01&enddt=2024-12-31,LOW,LOW,CANDIDATE,"ATRC appears in the local biotech scanner universe; row is a category-specific EDGAR search target for BANKRUPTCY_OR_WIND_DOWN, not verified evidence",sa_or_distress_8k_url|wind_down_or_bankruptcy_8k_url|outcome_date|chapter_check|price_window,Generated from predictions_v12.csv. Candidate only. Do not promote without EDGAR/source_evidence verification.
CAND-0060-REVERSE_MERGER-CRSP,CRSP,CRISPR Therapeutics AG,REVERSE_MERGER,2018-2024,EDGAR 8-K reverse merger and strategic alternatives follow-up search,https://efts.sec.gov/LATEST/search-index,https://efts.sec.gov/LATEST/search-index?q=CRSP+%22CRISPR+Therapeutics+AG%22+%22strategic+alternatives%22+%22reverse+merger%22&forms=8-K&dateRange=custom&startdt=2018-01-01&enddt=2024-12-31,LOW,LOW,CANDIDATE,"CRSP appears in the local biotech scanner universe; row is a category-specific EDGAR search target for REVERSE_MERGER, not verified evidence",sa_8k_url|reverse_merger_8k_url|counterparty|deal_structure|outcome_date|price_window,Generated from predictions_v12.csv. Candidate only. Do not promote without EDGAR/source_evidence verification.
CAND-0061-COMPLETED_DEAL-FOLD,FOLD,"Amicus Therapeutics, Inc.",COMPLETED_DEAL,2018-2024,BioPharma Dive M&A tracker; Biotechgate M&A archives; EDGAR 8-K merger agreement search,https://www.biopharmadive.com/news/biotech-pharma-deals-merger-acquisitions-tracker/604262/,https://efts.sec.gov/LATEST/search-index?q=FOLD+%22Amicus+Therapeutics%2C+Inc.%22+%22agreement+and+plan+of+merger%22+%22per+share%22&forms=8-K&dateRange=custom&startdt=2018-01-01&enddt=2024-12-31,LOW,LOW,CANDIDATE,"FOLD appears in the local biotech scanner universe; row is a category-specific EDGAR search target for COMPLETED_DEAL, not verified evidence",merger_8k_url|merger_filing_date|deal_date|deal_price_per_share|acquirer|prior_process_signal_search|price_window,Generated from predictions_v12.csv. Candidate only. Do not promote without EDGAR/source_evidence verification.
CAND-0062-FAILED_STRATEGIC_REVIEW-BEAM,BEAM,Beam Therapeutics Inc.,FAILED_STRATEGIC_REVIEW,2018-2024,EDGAR 8-K strategic alternatives search; source_queries.md Section 1A,https://efts.sec.gov/LATEST/search-index,https://efts.sec.gov/LATEST/search-index?q=BEAM+%22Beam+Therapeutics+Inc.%22+%22strategic+alternatives%22+%22board+of+directors%22&forms=8-K&dateRange=custom&startdt=2018-01-01&enddt=2024-12-31,LOW,LOW,CANDIDATE,"BEAM appears in the local biotech scanner universe; row is a category-specific EDGAR search target for FAILED_STRATEGIC_REVIEW, not verified evidence",sa_8k_url|observation_date|sa_excerpt|outcome_check|price_window|no_deal_confirmation,Generated from predictions_v12.csv. Candidate only. Do not promote without EDGAR/source_evidence verification.
CAND-0063-ACTIVIST_13D_NO_DEAL-VERV,VERV,"Verve Therapeutics, Inc.",ACTIVIST_13D_NO_DEAL,2018-2024,EDGAR SC 13D search; WhaleWisdom / 13D Monitor cross-check; source_queries.md Section 1B,https://www.sec.gov/edgar/search/,https://efts.sec.gov/LATEST/search-index?q=VERV+%22Verve+Therapeutics%2C+Inc.%22+%22Item+4%22+%22board+representation%22&forms=SC+13D%2CSC+13D%2FA&dateRange=custom&startdt=2018-01-01&enddt=2024-12-31,LOW,LOW,CANDIDATE,"VERV appears in the local biotech scanner universe; row is a category-specific EDGAR search target for ACTIVIST_13D_NO_DEAL, not verified evidence",initial_13d_url|filing_date|activist_filer|item4_text|item4_intent|outcome_check|price_window,Generated from predictions_v12.csv. Candidate only. Do not promote without EDGAR/source_evidence verification.
CAND-0064-SALE_PRESSURE_13D-ABCL,ABCL,AbCellera Biologics Inc.,SALE_PRESSURE_13D,2018-2024,EDGAR SC 13D Item 4 sale-process phrase search; source_queries.md Section 1B,https://www.sec.gov/edgar/search/,https://efts.sec.gov/LATEST/search-index?q=ABCL+%22AbCellera+Biologics+Inc.%22+%22Item+4%22+%22sale+of+the+company%22&forms=SC+13D%2CSC+13D%2FA&dateRange=custom&startdt=2018-01-01&enddt=2024-12-31,LOW,LOW,CANDIDATE,"ABCL appears in the local biotech scanner universe; row is a category-specific EDGAR search target for SALE_PRESSURE_13D, not verified evidence",initial_13d_url|filing_date|activist_filer|item4_text|sale_pressure_excerpt|outcome_check|price_window,Generated from predictions_v12.csv. Candidate only. Do not promote without EDGAR/source_evidence verification.
CAND-0065-GOVERNANCE_ONLY_13D-ACAD,ACAD,ACADIA Pharmaceuticals Inc.,GOVERNANCE_ONLY_13D,2018-2024,EDGAR SC 13D Item 4 governance phrase search; item4_parser governance-only calibration queue,https://www.sec.gov/edgar/search/,https://efts.sec.gov/LATEST/search-index?q=ACAD+%22ACADIA+Pharmaceuticals+Inc.%22+%22Item+4%22+%22board+of+directors%22+%22governance%22&forms=SC+13D%2CSC+13D%2FA&dateRange=custom&startdt=2018-01-01&enddt=2024-12-31,LOW,LOW,CANDIDATE,"ACAD appears in the local biotech scanner universe; row is a category-specific EDGAR search target for GOVERNANCE_ONLY_13D, not verified evidence",initial_13d_url|filing_date|activist_filer|item4_text|governance_only_classification|outcome_check,Generated from predictions_v12.csv. Candidate only. Do not promote without EDGAR/source_evidence verification.
CAND-0066-ROFR_ROFN_CASE-ADPT,ADPT,Adaptive Biotechnologies Corporation,ROFR_ROFN_CASE,2018-2024,EDGAR 8-K and 10-K ROFR/ROFN search; source_queries.md Section 1C,https://efts.sec.gov/LATEST/search-index,https://efts.sec.gov/LATEST/search-index?q=ADPT+%22Adaptive+Biotechnologies+Corporation%22+%22right+of+first+refusal%22+OR+%22right+of+first+negotiation%22&forms=8-K%2C10-K%2C10-Q&dateRange=custom&startdt=2018-01-01&enddt=2024-12-31,LOW,LOW,CANDIDATE,"ADPT appears in the local biotech scanner universe; row is a category-specific EDGAR search target for ROFR_ROFN_CASE, not verified evidence",agreement_8k_url|exhibit_url|observation_date|rights_holder|rofr_scope|excerpt|outcome_check|price_window,Generated from predictions_v12.csv. Candidate only. Do not promote without EDGAR/source_evidence verification.
CAND-0067-ASSET_SALE-ALLO,ALLO,"Allogene Therapeutics, Inc.",ASSET_SALE,2018-2024,EDGAR 8-K asset purchase agreement search; source_queries.md Section 1E,https://efts.sec.gov/LATEST/search-index,https://efts.sec.gov/LATEST/search-index?q=ALLO+%22Allogene+Therapeutics%2C+Inc.%22+%22asset+purchase+agreement%22+%22program%22&forms=8-K&dateRange=custom&startdt=2018-01-01&enddt=2024-12-31,LOW,LOW,CANDIDATE,"ALLO appears in the local biotech scanner universe; row is a category-specific EDGAR search target for ASSET_SALE, not verified evidence",asset_sale_8k_url|asset_description|buyer|consideration|retained_company_status|price_window,Generated from predictions_v12.csv. Candidate only. Do not promote without EDGAR/source_evidence verification.
CAND-0068-CAPITAL_RAISE_AFTER_PROCESS-ALPN,ALPN,"Alpine Immune Sciences, Inc.",CAPITAL_RAISE_AFTER_PROCESS,2018-2024,EDGAR 8-K/S-3 capital raise search after process language,https://www.sec.gov/edgar/search/,https://efts.sec.gov/LATEST/search-index?q=ALPN+%22Alpine+Immune+Sciences%2C+Inc.%22+%22strategic+alternatives%22+%22registered+direct+offering%22&forms=8-K%2CS-3%2C424B5&dateRange=custom&startdt=2018-01-01&enddt=2024-12-31,LOW,LOW,CANDIDATE,"ALPN appears in the local biotech scanner universe; row is a category-specific EDGAR search target for CAPITAL_RAISE_AFTER_PROCESS, not verified evidence",sa_or_process_8k_url|capital_raise_8k_or_s3_url|raise_date|raise_size|outcome_check|price_window,Generated from predictions_v12.csv. Candidate only. Do not promote without EDGAR/source_evidence verification.
CAND-0069-BANKRUPTCY_OR_WIND_DOWN-ANAB,ANAB,"AnaptysBio, Inc.",BANKRUPTCY_OR_WIND_DOWN,2018-2024,EDGAR 8-K wind-down and bankruptcy search; source_queries.md Section 1D,https://efts.sec.gov/LATEST/search-index,https://efts.sec.gov/LATEST/search-index?q=ANAB+%22AnaptysBio%2C+Inc.%22+%22wind+down%22+OR+%22chapter+11%22+OR+%22cease+operations%22&forms=8-K&dateRange=custom&startdt=2018-01-01&enddt=2024-12-31,LOW,LOW,CANDIDATE,"ANAB appears in the local biotech scanner universe; row is a category-specific EDGAR search target for BANKRUPTCY_OR_WIND_DOWN, not verified evidence",sa_or_distress_8k_url|wind_down_or_bankruptcy_8k_url|outcome_date|chapter_check|price_window,Generated from predictions_v12.csv. Candidate only. Do not promote without EDGAR/source_evidence verification.
CAND-0070-REVERSE_MERGER-ARQT,ARQT,"Arcutis Biotherapeutics, Inc.",REVERSE_MERGER,2018-2024,EDGAR 8-K reverse merger and strategic alternatives follow-up search,https://efts.sec.gov/LATEST/search-index,https://efts.sec.gov/LATEST/search-index?q=ARQT+%22Arcutis+Biotherapeutics%2C+Inc.%22+%22strategic+alternatives%22+%22reverse+merger%22&forms=8-K&dateRange=custom&startdt=2018-01-01&enddt=2024-12-31,LOW,LOW,CANDIDATE,"ARQT appears in the local biotech scanner universe; row is a category-specific EDGAR search target for REVERSE_MERGER, not verified evidence",sa_8k_url|reverse_merger_8k_url|counterparty|deal_structure|outcome_date|price_window,Generated from predictions_v12.csv. Candidate only. Do not promote without EDGAR/source_evidence verification.
CAND-0071-COMPLETED_DEAL-ARVN,ARVN,"Arvinas, Inc.",COMPLETED_DEAL,2018-2024,BioPharma Dive M&A tracker; Biotechgate M&A archives; EDGAR 8-K merger agreement search,https://www.biopharmadive.com/news/biotech-pharma-deals-merger-acquisitions-tracker/604262/,https://efts.sec.gov/LATEST/search-index?q=ARVN+%22Arvinas%2C+Inc.%22+%22agreement+and+plan+of+merger%22+%22per+share%22&forms=8-K&dateRange=custom&startdt=2018-01-01&enddt=2024-12-31,LOW,LOW,CANDIDATE,"ARVN appears in the local biotech scanner universe; row is a category-specific EDGAR search target for COMPLETED_DEAL, not verified evidence",merger_8k_url|merger_filing_date|deal_date|deal_price_per_share|acquirer|prior_process_signal_search|price_window,Generated from predictions_v12.csv. Candidate only. Do not promote without EDGAR/source_evidence verification.
CAND-0072-FAILED_STRATEGIC_REVIEW-AURA,AURA,"Aura Biosciences, Inc.",FAILED_STRATEGIC_REVIEW,2018-2024,EDGAR 8-K strategic alternatives search; source_queries.md Section 1A,https://efts.sec.gov/LATEST/search-index,https://efts.sec.gov/LATEST/search-index?q=AURA+%22Aura+Biosciences%2C+Inc.%22+%22strategic+alternatives%22+%22board+of+directors%22&forms=8-K&dateRange=custom&startdt=2018-01-01&enddt=2024-12-31,LOW,LOW,CANDIDATE,"AURA appears in the local biotech scanner universe; row is a category-specific EDGAR search target for FAILED_STRATEGIC_REVIEW, not verified evidence",sa_8k_url|observation_date|sa_excerpt|outcome_check|price_window|no_deal_confirmation,Generated from predictions_v12.csv. Candidate only. Do not promote without EDGAR/source_evidence verification.
CAND-0073-ACTIVIST_13D_NO_DEAL-AXSM,AXSM,"Axsome Therapeutics, Inc.",ACTIVIST_13D_NO_DEAL,2018-2024,EDGAR SC 13D search; WhaleWisdom / 13D Monitor cross-check; source_queries.md Section 1B,https://www.sec.gov/edgar/search/,https://efts.sec.gov/LATEST/search-index?q=AXSM+%22Axsome+Therapeutics%2C+Inc.%22+%22Item+4%22+%22board+representation%22&forms=SC+13D%2CSC+13D%2FA&dateRange=custom&startdt=2018-01-01&enddt=2024-12-31,LOW,LOW,CANDIDATE,"AXSM appears in the local biotech scanner universe; row is a category-specific EDGAR search target for ACTIVIST_13D_NO_DEAL, not verified evidence",initial_13d_url|filing_date|activist_filer|item4_text|item4_intent|outcome_check|price_window,Generated from predictions_v12.csv. Candidate only. Do not promote without EDGAR/source_evidence verification.
CAND-0074-CAPITAL_RAISE_AFTER_PROCESS-CABA,CABA,"Cabaletta Bio, Inc.",CAPITAL_RAISE_AFTER_PROCESS,2018-2024,EDGAR 8-K/S-3 capital raise search after process language,https://www.sec.gov/edgar/search/,https://efts.sec.gov/LATEST/search-index?q=CABA+%22Cabaletta+Bio%2C+Inc.%22+%22strategic+alternatives%22+%22registered+direct+offering%22&forms=8-K%2CS-3%2C424B5&dateRange=custom&startdt=2018-01-01&enddt=2024-12-31,LOW,MED,CANDIDATE,"CABA appears in the local biotech scanner universe; row is a category-specific EDGAR search target for CAPITAL_RAISE_AFTER_PROCESS, not verified evidence",sa_or_process_8k_url|capital_raise_8k_or_s3_url|raise_date|raise_size|outcome_check|price_window,Generated from predictions_v12.csv. Candidate only. Do not promote without EDGAR/source_evidence verification.
CAND-0075-GOVERNANCE_ONLY_13D-CAPR,CAPR,"Capricor Therapeutics, Inc.",GOVERNANCE_ONLY_13D,2018-2024,EDGAR SC 13D Item 4 governance phrase search; item4_parser governance-only calibration queue,https://www.sec.gov/edgar/search/,https://efts.sec.gov/LATEST/search-index?q=CAPR+%22Capricor+Therapeutics%2C+Inc.%22+%22Item+4%22+%22board+of+directors%22+%22governance%22&forms=SC+13D%2CSC+13D%2FA&dateRange=custom&startdt=2018-01-01&enddt=2024-12-31,LOW,LOW,CANDIDATE,"CAPR appears in the local biotech scanner universe; row is a category-specific EDGAR search target for GOVERNANCE_ONLY_13D, not verified evidence",initial_13d_url|filing_date|activist_filer|item4_text|governance_only_classification|outcome_check,Generated from predictions_v12.csv. Candidate only. Do not promote without EDGAR/source_evidence verification.
CAND-0076-ROFR_ROFN_CASE-CCCC,CCCC,"C4 Therapeutics, Inc.",ROFR_ROFN_CASE,2018-2024,EDGAR 8-K and 10-K ROFR/ROFN search; source_queries.md Section 1C,https://efts.sec.gov/LATEST/search-index,https://efts.sec.gov/LATEST/search-index?q=CCCC+%22C4+Therapeutics%2C+Inc.%22+%22right+of+first+refusal%22+OR+%22right+of+first+negotiation%22&forms=8-K%2C10-K%2C10-Q&dateRange=custom&startdt=2018-01-01&enddt=2024-12-31,LOW,LOW,CANDIDATE,"CCCC appears in the local biotech scanner universe; row is a category-specific EDGAR search target for ROFR_ROFN_CASE, not verified evidence",agreement_8k_url|exhibit_url|observation_date|rights_holder|rofr_scope|excerpt|outcome_check|price_window,Generated from predictions_v12.csv. Candidate only. Do not promote without EDGAR/source_evidence verification.
CAND-0077-ASSET_SALE-CGEN,CGEN,Compugen Ltd.,ASSET_SALE,2018-2024,EDGAR 8-K asset purchase agreement search; source_queries.md Section 1E,https://efts.sec.gov/LATEST/search-index,https://efts.sec.gov/LATEST/search-index?q=CGEN+%22Compugen+Ltd.%22+%22asset+purchase+agreement%22+%22program%22&forms=8-K&dateRange=custom&startdt=2018-01-01&enddt=2024-12-31,LOW,LOW,CANDIDATE,"CGEN appears in the local biotech scanner universe; row is a category-specific EDGAR search target for ASSET_SALE, not verified evidence",asset_sale_8k_url|asset_description|buyer|consideration|retained_company_status|price_window,Generated from predictions_v12.csv. Candidate only. Do not promote without EDGAR/source_evidence verification.
CAND-0078-CAPITAL_RAISE_AFTER_PROCESS-CLDX,CLDX,"Celldex Therapeutics, Inc.",CAPITAL_RAISE_AFTER_PROCESS,2018-2024,EDGAR 8-K/S-3 capital raise search after process language,https://www.sec.gov/edgar/search/,https://efts.sec.gov/LATEST/search-index?q=CLDX+%22Celldex+Therapeutics%2C+Inc.%22+%22strategic+alternatives%22+%22registered+direct+offering%22&forms=8-K%2CS-3%2C424B5&dateRange=custom&startdt=2018-01-01&enddt=2024-12-31,LOW,LOW,CANDIDATE,"CLDX appears in the local biotech scanner universe; row is a category-specific EDGAR search target for CAPITAL_RAISE_AFTER_PROCESS, not verified evidence",sa_or_process_8k_url|capital_raise_8k_or_s3_url|raise_date|raise_size|outcome_check|price_window,Generated from predictions_v12.csv. Candidate only. Do not promote without EDGAR/source_evidence verification.
CAND-0079-BANKRUPTCY_OR_WIND_DOWN-CLLS,CLLS,Cellectis S.A.,BANKRUPTCY_OR_WIND_DOWN,2018-2024,EDGAR 8-K wind-down and bankruptcy search; source_queries.md Section 1D,https://efts.sec.gov/LATEST/search-index,https://efts.sec.gov/LATEST/search-index?q=CLLS+%22Cellectis+S.A.%22+%22wind+down%22+OR+%22chapter+11%22+OR+%22cease+operations%22&forms=8-K&dateRange=custom&startdt=2018-01-01&enddt=2024-12-31,LOW,LOW,CANDIDATE,"CLLS appears in the local biotech scanner universe; row is a category-specific EDGAR search target for BANKRUPTCY_OR_WIND_DOWN, not verified evidence",sa_or_distress_8k_url|wind_down_or_bankruptcy_8k_url|outcome_date|chapter_check|price_window,Generated from predictions_v12.csv. Candidate only. Do not promote without EDGAR/source_evidence verification.
CAND-0080-COMPLETED_DEAL-CMPS,CMPS,COMPASS Pathways plc,COMPLETED_DEAL,2018-2024,BioPharma Dive M&A tracker; Biotechgate M&A archives; EDGAR 8-K merger agreement search,https://www.biopharmadive.com/news/biotech-pharma-deals-merger-acquisitions-tracker/604262/,https://efts.sec.gov/LATEST/search-index?q=CMPS+%22COMPASS+Pathways+plc%22+%22agreement+and+plan+of+merger%22+%22per+share%22&forms=8-K&dateRange=custom&startdt=2018-01-01&enddt=2024-12-31,LOW,MED,CANDIDATE,"CMPS appears in the local biotech scanner universe; row is a category-specific EDGAR search target for COMPLETED_DEAL, not verified evidence",merger_8k_url|merger_filing_date|deal_date|deal_price_per_share|acquirer|prior_process_signal_search|price_window,Generated from predictions_v12.csv. Candidate only. Do not promote without EDGAR/source_evidence verification.
CAND-0081-COMPLETED_DEAL-CORT,CORT,Corcept Therapeutics Incorporated,COMPLETED_DEAL,2018-2024,BioPharma Dive M&A tracker; Biotechgate M&A archives; EDGAR 8-K merger agreement search,https://www.biopharmadive.com/news/biotech-pharma-deals-merger-acquisitions-tracker/604262/,https://efts.sec.gov/LATEST/search-index?q=CORT+%22Corcept+Therapeutics+Incorporated%22+%22agreement+and+plan+of+merger%22+%22per+share%22&forms=8-K&dateRange=custom&startdt=2018-01-01&enddt=2024-12-31,LOW,LOW,CANDIDATE,"CORT appears in the local biotech scanner universe; row is a category-specific EDGAR search target for COMPLETED_DEAL, not verified evidence",merger_8k_url|merger_filing_date|deal_date|deal_price_per_share|acquirer|prior_process_signal_search|price_window,Generated from predictions_v12.csv. Candidate only. Do not promote without EDGAR/source_evidence verification.
CAND-0082-FAILED_STRATEGIC_REVIEW-CRNX,CRNX,"Crinetics Pharmaceuticals, Inc.",FAILED_STRATEGIC_REVIEW,2018-2024,EDGAR 8-K strategic alternatives search; source_queries.md Section 1A,https://efts.sec.gov/LATEST/search-index,https://efts.sec.gov/LATEST/search-index?q=CRNX+%22Crinetics+Pharmaceuticals%2C+Inc.%22+%22strategic+alternatives%22+%22board+of+directors%22&forms=8-K&dateRange=custom&startdt=2018-01-01&enddt=2024-12-31,LOW,LOW,CANDIDATE,"CRNX appears in the local biotech scanner universe; row is a category-specific EDGAR search target for FAILED_STRATEGIC_REVIEW, not verified evidence",sa_8k_url|observation_date|sa_excerpt|outcome_check|price_window|no_deal_confirmation,Generated from predictions_v12.csv. Candidate only. Do not promote without EDGAR/source_evidence verification.
CAND-0083-ACTIVIST_13D_NO_DEAL-CTMX,CTMX,"CytomX Therapeutics, Inc.",ACTIVIST_13D_NO_DEAL,2018-2024,EDGAR SC 13D search; WhaleWisdom / 13D Monitor cross-check; source_queries.md Section 1B,https://www.sec.gov/edgar/search/,https://efts.sec.gov/LATEST/search-index?q=CTMX+%22CytomX+Therapeutics%2C+Inc.%22+%22Item+4%22+%22board+representation%22&forms=SC+13D%2CSC+13D%2FA&dateRange=custom&startdt=2018-01-01&enddt=2024-12-31,LOW,LOW,CANDIDATE,"CTMX appears in the local biotech scanner universe; row is a category-specific EDGAR search target for ACTIVIST_13D_NO_DEAL, not verified evidence",initial_13d_url|filing_date|activist_filer|item4_text|item4_intent|outcome_check|price_window,Generated from predictions_v12.csv. Candidate only. Do not promote without EDGAR/source_evidence verification.
CAND-0084-SALE_PRESSURE_13D-CVAC,CVAC,CureVac N.V.,SALE_PRESSURE_13D,2018-2024,EDGAR SC 13D Item 4 sale-process phrase search; source_queries.md Section 1B,https://www.sec.gov/edgar/search/,https://efts.sec.gov/LATEST/search-index?q=CVAC+%22CureVac+N.V.%22+%22Item+4%22+%22sale+of+the+company%22&forms=SC+13D%2CSC+13D%2FA&dateRange=custom&startdt=2018-01-01&enddt=2024-12-31,LOW,LOW,CANDIDATE,"CVAC appears in the local biotech scanner universe; row is a category-specific EDGAR search target for SALE_PRESSURE_13D, not verified evidence",initial_13d_url|filing_date|activist_filer|item4_text|sale_pressure_excerpt|outcome_check|price_window,Generated from predictions_v12.csv. Candidate only. Do not promote without EDGAR/source_evidence verification.
CAND-0085-GOVERNANCE_ONLY_13D-CYTK,CYTK,"Cytokinetics, Incorporated",GOVERNANCE_ONLY_13D,2018-2024,EDGAR SC 13D Item 4 governance phrase search; item4_parser governance-only calibration queue,https://www.sec.gov/edgar/search/,https://efts.sec.gov/LATEST/search-index?q=CYTK+%22Cytokinetics%2C+Incorporated%22+%22Item+4%22+%22board+of+directors%22+%22governance%22&forms=SC+13D%2CSC+13D%2FA&dateRange=custom&startdt=2018-01-01&enddt=2024-12-31,LOW,LOW,CANDIDATE,"CYTK appears in the local biotech scanner universe; row is a category-specific EDGAR search target for GOVERNANCE_ONLY_13D, not verified evidence",initial_13d_url|filing_date|activist_filer|item4_text|governance_only_classification|outcome_check,Generated from predictions_v12.csv. Candidate only. Do not promote without EDGAR/source_evidence verification.
CAND-0086-ROFR_ROFN_CASE-DMAC,DMAC,DiaMedica Therapeutics Inc.,ROFR_ROFN_CASE,2018-2024,EDGAR 8-K and 10-K ROFR/ROFN search; source_queries.md Section 1C,https://efts.sec.gov/LATEST/search-index,https://efts.sec.gov/LATEST/search-index?q=DMAC+%22DiaMedica+Therapeutics+Inc.%22+%22right+of+first+refusal%22+OR+%22right+of+first+negotiation%22&forms=8-K%2C10-K%2C10-Q&dateRange=custom&startdt=2018-01-01&enddt=2024-12-31,LOW,LOW,CANDIDATE,"DMAC appears in the local biotech scanner universe; row is a category-specific EDGAR search target for ROFR_ROFN_CASE, not verified evidence",agreement_8k_url|exhibit_url|observation_date|rights_holder|rofr_scope|excerpt|outcome_check|price_window,Generated from predictions_v12.csv. Candidate only. Do not promote without EDGAR/source_evidence verification.
CAND-0087-CAPITAL_RAISE_AFTER_PROCESS-EOLS,EOLS,"Evolus, Inc.",CAPITAL_RAISE_AFTER_PROCESS,2018-2024,EDGAR 8-K/S-3 capital raise search after process language,https://www.sec.gov/edgar/search/,https://efts.sec.gov/LATEST/search-index?q=EOLS+%22Evolus%2C+Inc.%22+%22strategic+alternatives%22+%22registered+direct+offering%22&forms=8-K%2CS-3%2C424B5&dateRange=custom&startdt=2018-01-01&enddt=2024-12-31,LOW,MED,CANDIDATE,"EOLS appears in the local biotech scanner universe; row is a category-specific EDGAR search target for CAPITAL_RAISE_AFTER_PROCESS, not verified evidence",sa_or_process_8k_url|capital_raise_8k_or_s3_url|raise_date|raise_size|outcome_check|price_window,Generated from predictions_v12.csv. Candidate only. Do not promote without EDGAR/source_evidence verification.
CAND-0088-COMPLETED_DEAL-EYPT,EYPT,"EyePoint Pharmaceuticals, Inc.",COMPLETED_DEAL,2018-2024,BioPharma Dive M&A tracker; Biotechgate M&A archives; EDGAR 8-K merger agreement search,https://www.biopharmadive.com/news/biotech-pharma-deals-merger-acquisitions-tracker/604262/,https://efts.sec.gov/LATEST/search-index?q=EYPT+%22EyePoint+Pharmaceuticals%2C+Inc.%22+%22agreement+and+plan+of+merger%22+%22per+share%22&forms=8-K&dateRange=custom&startdt=2018-01-01&enddt=2024-12-31,LOW,MED,CANDIDATE,"EYPT appears in the local biotech scanner universe; row is a category-specific EDGAR search target for COMPLETED_DEAL, not verified evidence",merger_8k_url|merger_filing_date|deal_date|deal_price_per_share|acquirer|prior_process_signal_search|price_window,Generated from predictions_v12.csv. Candidate only. Do not promote without EDGAR/source_evidence verification.
CAND-0089-COMPLETED_DEAL-FDMT,FDMT,"4D Molecular Therapeutics, Inc.",COMPLETED_DEAL,2018-2024,BioPharma Dive M&A tracker; Biotechgate M&A archives; EDGAR 8-K merger agreement search,https://www.biopharmadive.com/news/biotech-pharma-deals-merger-acquisitions-tracker/604262/,https://efts.sec.gov/LATEST/search-index?q=FDMT+%224D+Molecular+Therapeutics%2C+Inc.%22+%22agreement+and+plan+of+merger%22+%22per+share%22&forms=8-K&dateRange=custom&startdt=2018-01-01&enddt=2024-12-31,LOW,MED,CANDIDATE,"FDMT appears in the local biotech scanner universe; row is a category-specific EDGAR search target for COMPLETED_DEAL, not verified evidence",merger_8k_url|merger_filing_date|deal_date|deal_price_per_share|acquirer|prior_process_signal_search|price_window,Generated from predictions_v12.csv. Candidate only. Do not promote without EDGAR/source_evidence verification.
CAND-0090-REVERSE_MERGER-GTHX,GTHX,"G1 Therapeutics, Inc.",REVERSE_MERGER,2018-2024,EDGAR 8-K reverse merger and strategic alternatives follow-up search,https://efts.sec.gov/LATEST/search-index,https://efts.sec.gov/LATEST/search-index?q=GTHX+%22G1+Therapeutics%2C+Inc.%22+%22strategic+alternatives%22+%22reverse+merger%22&forms=8-K&dateRange=custom&startdt=2018-01-01&enddt=2024-12-31,LOW,LOW,CANDIDATE,"GTHX appears in the local biotech scanner universe; row is a category-specific EDGAR search target for REVERSE_MERGER, not verified evidence",sa_8k_url|reverse_merger_8k_url|counterparty|deal_structure|outcome_date|price_window,Generated from predictions_v12.csv. Candidate only. Do not promote without EDGAR/source_evidence verification.
CAND-0091-COMPLETED_DEAL-IMNM,IMNM,"Immunome, Inc.",COMPLETED_DEAL,2018-2024,BioPharma Dive M&A tracker; Biotechgate M&A archives; EDGAR 8-K merger agreement search,https://www.biopharmadive.com/news/biotech-pharma-deals-merger-acquisitions-tracker/604262/,https://efts.sec.gov/LATEST/search-index?q=IMNM+%22Immunome%2C+Inc.%22+%22agreement+and+plan+of+merger%22+%22per+share%22&forms=8-K&dateRange=custom&startdt=2018-01-01&enddt=2024-12-31,LOW,LOW,CANDIDATE,"IMNM appears in the local biotech scanner universe; row is a category-specific EDGAR search target for COMPLETED_DEAL, not verified evidence",merger_8k_url|merger_filing_date|deal_date|deal_price_per_share|acquirer|prior_process_signal_search|price_window,Generated from predictions_v12.csv. Candidate only. Do not promote without EDGAR/source_evidence verification.
CAND-0092-FAILED_STRATEGIC_REVIEW-IOVA,IOVA,"Iovance Biotherapeutics, Inc.",FAILED_STRATEGIC_REVIEW,2018-2024,EDGAR 8-K strategic alternatives search; source_queries.md Section 1A,https://efts.sec.gov/LATEST/search-index,https://efts.sec.gov/LATEST/search-index?q=IOVA+%22Iovance+Biotherapeutics%2C+Inc.%22+%22strategic+alternatives%22+%22board+of+directors%22&forms=8-K&dateRange=custom&startdt=2018-01-01&enddt=2024-12-31,LOW,LOW,CANDIDATE,"IOVA appears in the local biotech scanner universe; row is a category-specific EDGAR search target for FAILED_STRATEGIC_REVIEW, not verified evidence",sa_8k_url|observation_date|sa_excerpt|outcome_check|price_window|no_deal_confirmation,Generated from predictions_v12.csv. Candidate only. Do not promote without EDGAR/source_evidence verification.
CAND-0093-ACTIVIST_13D_NO_DEAL-JAZZ,JAZZ,Jazz Pharmaceuticals plc,ACTIVIST_13D_NO_DEAL,2018-2024,EDGAR SC 13D search; WhaleWisdom / 13D Monitor cross-check; source_queries.md Section 1B,https://www.sec.gov/edgar/search/,https://efts.sec.gov/LATEST/search-index?q=JAZZ+%22Jazz+Pharmaceuticals+plc%22+%22Item+4%22+%22board+representation%22&forms=SC+13D%2CSC+13D%2FA&dateRange=custom&startdt=2018-01-01&enddt=2024-12-31,LOW,LOW,CANDIDATE,"JAZZ appears in the local biotech scanner universe; row is a category-specific EDGAR search target for ACTIVIST_13D_NO_DEAL, not verified evidence",initial_13d_url|filing_date|activist_filer|item4_text|item4_intent|outcome_check|price_window,Generated from predictions_v12.csv. Candidate only. Do not promote without EDGAR/source_evidence verification.
CAND-0094-SALE_PRESSURE_13D-KNSA,KNSA,"Kiniksa Pharmaceuticals, Ltd.",SALE_PRESSURE_13D,2018-2024,EDGAR SC 13D Item 4 sale-process phrase search; source_queries.md Section 1B,https://www.sec.gov/edgar/search/,https://efts.sec.gov/LATEST/search-index?q=KNSA+%22Kiniksa+Pharmaceuticals%2C+Ltd.%22+%22Item+4%22+%22sale+of+the+company%22&forms=SC+13D%2CSC+13D%2FA&dateRange=custom&startdt=2018-01-01&enddt=2024-12-31,LOW,LOW,CANDIDATE,"KNSA appears in the local biotech scanner universe; row is a category-specific EDGAR search target for SALE_PRESSURE_13D, not verified evidence",initial_13d_url|filing_date|activist_filer|item4_text|sale_pressure_excerpt|outcome_check|price_window,Generated from predictions_v12.csv. Candidate only. Do not promote without EDGAR/source_evidence verification.
CAND-0095-GOVERNANCE_ONLY_13D-KRYS,KRYS,"Krystal Biotech, Inc.",GOVERNANCE_ONLY_13D,2018-2024,EDGAR SC 13D Item 4 governance phrase search; item4_parser governance-only calibration queue,https://www.sec.gov/edgar/search/,https://efts.sec.gov/LATEST/search-index?q=KRYS+%22Krystal+Biotech%2C+Inc.%22+%22Item+4%22+%22board+of+directors%22+%22governance%22&forms=SC+13D%2CSC+13D%2FA&dateRange=custom&startdt=2018-01-01&enddt=2024-12-31,LOW,LOW,CANDIDATE,"KRYS appears in the local biotech scanner universe; row is a category-specific EDGAR search target for GOVERNANCE_ONLY_13D, not verified evidence",initial_13d_url|filing_date|activist_filer|item4_text|governance_only_classification|outcome_check,Generated from predictions_v12.csv. Candidate only. Do not promote without EDGAR/source_evidence verification.
CAND-0096-ROFR_ROFN_CASE-KURA,KURA,"Kura Oncology, Inc.",ROFR_ROFN_CASE,2018-2024,EDGAR 8-K and 10-K ROFR/ROFN search; source_queries.md Section 1C,https://efts.sec.gov/LATEST/search-index,https://efts.sec.gov/LATEST/search-index?q=KURA+%22Kura+Oncology%2C+Inc.%22+%22right+of+first+refusal%22+OR+%22right+of+first+negotiation%22&forms=8-K%2C10-K%2C10-Q&dateRange=custom&startdt=2018-01-01&enddt=2024-12-31,LOW,LOW,CANDIDATE,"KURA appears in the local biotech scanner universe; row is a category-specific EDGAR search target for ROFR_ROFN_CASE, not verified evidence",agreement_8k_url|exhibit_url|observation_date|rights_holder|rofr_scope|excerpt|outcome_check|price_window,Generated from predictions_v12.csv. Candidate only. Do not promote without EDGAR/source_evidence verification.
CAND-0097-ASSET_SALE-LEGN,LEGN,Legend Biotech Corporation,ASSET_SALE,2018-2024,EDGAR 8-K asset purchase agreement search; source_queries.md Section 1E,https://efts.sec.gov/LATEST/search-index,https://efts.sec.gov/LATEST/search-index?q=LEGN+%22Legend+Biotech+Corporation%22+%22asset+purchase+agreement%22+%22program%22&forms=8-K&dateRange=custom&startdt=2018-01-01&enddt=2024-12-31,LOW,LOW,CANDIDATE,"LEGN appears in the local biotech scanner universe; row is a category-specific EDGAR search target for ASSET_SALE, not verified evidence",asset_sale_8k_url|asset_description|buyer|consideration|retained_company_status|price_window,Generated from predictions_v12.csv. Candidate only. Do not promote without EDGAR/source_evidence verification.
CAND-0098-CAPITAL_RAISE_AFTER_PROCESS-LNTH,LNTH,"Lantheus Holdings, Inc.",CAPITAL_RAISE_AFTER_PROCESS,2018-2024,EDGAR 8-K/S-3 capital raise search after process language,https://www.sec.gov/edgar/search/,https://efts.sec.gov/LATEST/search-index?q=LNTH+%22Lantheus+Holdings%2C+Inc.%22+%22strategic+alternatives%22+%22registered+direct+offering%22&forms=8-K%2CS-3%2C424B5&dateRange=custom&startdt=2018-01-01&enddt=2024-12-31,LOW,LOW,CANDIDATE,"LNTH appears in the local biotech scanner universe; row is a category-specific EDGAR search target for CAPITAL_RAISE_AFTER_PROCESS, not verified evidence",sa_or_process_8k_url|capital_raise_8k_or_s3_url|raise_date|raise_size|outcome_check|price_window,Generated from predictions_v12.csv. Candidate only. Do not promote without EDGAR/source_evidence verification.
CAND-0099-BANKRUPTCY_OR_WIND_DOWN-LYEL,LYEL,"Lyell Immunopharma, Inc.",BANKRUPTCY_OR_WIND_DOWN,2018-2024,EDGAR 8-K wind-down and bankruptcy search; source_queries.md Section 1D,https://efts.sec.gov/LATEST/search-index,https://efts.sec.gov/LATEST/search-index?q=LYEL+%22Lyell+Immunopharma%2C+Inc.%22+%22wind+down%22+OR+%22chapter+11%22+OR+%22cease+operations%22&forms=8-K&dateRange=custom&startdt=2018-01-01&enddt=2024-12-31,LOW,LOW,CANDIDATE,"LYEL appears in the local biotech scanner universe; row is a category-specific EDGAR search target for BANKRUPTCY_OR_WIND_DOWN, not verified evidence",sa_or_distress_8k_url|wind_down_or_bankruptcy_8k_url|outcome_date|chapter_check|price_window,Generated from predictions_v12.csv. Candidate only. Do not promote without EDGAR/source_evidence verification.
CAND-0100-REVERSE_MERGER-MDGL,MDGL,"Madrigal Pharmaceuticals, Inc.",REVERSE_MERGER,2018-2024,EDGAR 8-K reverse merger and strategic alternatives follow-up search,https://efts.sec.gov/LATEST/search-index,https://efts.sec.gov/LATEST/search-index?q=MDGL+%22Madrigal+Pharmaceuticals%2C+Inc.%22+%22strategic+alternatives%22+%22reverse+merger%22&forms=8-K&dateRange=custom&startdt=2018-01-01&enddt=2024-12-31,LOW,LOW,CANDIDATE,"MDGL appears in the local biotech scanner universe; row is a category-specific EDGAR search target for REVERSE_MERGER, not verified evidence",sa_8k_url|reverse_merger_8k_url|counterparty|deal_structure|outcome_date|price_window,Generated from predictions_v12.csv. Candidate only. Do not promote without EDGAR/source_evidence verification.
CAND-0101-COMPLETED_DEAL-NMRA,NMRA,"Neumora Therapeutics, Inc. Common Stock",COMPLETED_DEAL,2018-2024,BioPharma Dive M&A tracker; Biotechgate M&A archives; EDGAR 8-K merger agreement search,https://www.biopharmadive.com/news/biotech-pharma-deals-merger-acquisitions-tracker/604262/,https://efts.sec.gov/LATEST/search-index?q=NMRA+%22Neumora+Therapeutics%2C+Inc.+Common+Stock%22+%22agreement+and+plan+of+merger%22+%22per+share%22&forms=8-K&dateRange=custom&startdt=2018-01-01&enddt=2024-12-31,LOW,MED,CANDIDATE,"NMRA appears in the local biotech scanner universe; row is a category-specific EDGAR search target for COMPLETED_DEAL, not verified evidence",merger_8k_url|merger_filing_date|deal_date|deal_price_per_share|acquirer|prior_process_signal_search|price_window,Generated from predictions_v12.csv. Candidate only. Do not promote without EDGAR/source_evidence verification.
CAND-0102-FAILED_STRATEGIC_REVIEW-NRIX,NRIX,"Nurix Therapeutics, Inc.",FAILED_STRATEGIC_REVIEW,2018-2024,EDGAR 8-K strategic alternatives search; source_queries.md Section 1A,https://efts.sec.gov/LATEST/search-index,https://efts.sec.gov/LATEST/search-index?q=NRIX+%22Nurix+Therapeutics%2C+Inc.%22+%22strategic+alternatives%22+%22board+of+directors%22&forms=8-K&dateRange=custom&startdt=2018-01-01&enddt=2024-12-31,LOW,LOW,CANDIDATE,"NRIX appears in the local biotech scanner universe; row is a category-specific EDGAR search target for FAILED_STRATEGIC_REVIEW, not verified evidence",sa_8k_url|observation_date|sa_excerpt|outcome_check|price_window|no_deal_confirmation,Generated from predictions_v12.csv. Candidate only. Do not promote without EDGAR/source_evidence verification.
CAND-0103-ACTIVIST_13D_NO_DEAL-NUVB,NUVB,Nuvation Bio Inc.,ACTIVIST_13D_NO_DEAL,2018-2024,EDGAR SC 13D search; WhaleWisdom / 13D Monitor cross-check; source_queries.md Section 1B,https://www.sec.gov/edgar/search/,https://efts.sec.gov/LATEST/search-index?q=NUVB+%22Nuvation+Bio+Inc.%22+%22Item+4%22+%22board+representation%22&forms=SC+13D%2CSC+13D%2FA&dateRange=custom&startdt=2018-01-01&enddt=2024-12-31,LOW,LOW,CANDIDATE,"NUVB appears in the local biotech scanner universe; row is a category-specific EDGAR search target for ACTIVIST_13D_NO_DEAL, not verified evidence",initial_13d_url|filing_date|activist_filer|item4_text|item4_intent|outcome_check|price_window,Generated from predictions_v12.csv. Candidate only. Do not promote without EDGAR/source_evidence verification.
CAND-0104-SALE_PRESSURE_13D-OMER,OMER,Omeros Corporation,SALE_PRESSURE_13D,2018-2024,EDGAR SC 13D Item 4 sale-process phrase search; source_queries.md Section 1B,https://www.sec.gov/edgar/search/,https://efts.sec.gov/LATEST/search-index?q=OMER+%22Omeros+Corporation%22+%22Item+4%22+%22sale+of+the+company%22&forms=SC+13D%2CSC+13D%2FA&dateRange=custom&startdt=2018-01-01&enddt=2024-12-31,LOW,LOW,CANDIDATE,"OMER appears in the local biotech scanner universe; row is a category-specific EDGAR search target for SALE_PRESSURE_13D, not verified evidence",initial_13d_url|filing_date|activist_filer|item4_text|sale_pressure_excerpt|outcome_check|price_window,Generated from predictions_v12.csv. Candidate only. Do not promote without EDGAR/source_evidence verification.
CAND-0105-GOVERNANCE_ONLY_13D-PBYI,PBYI,"Puma Biotechnology, Inc.",GOVERNANCE_ONLY_13D,2018-2024,EDGAR SC 13D Item 4 governance phrase search; item4_parser governance-only calibration queue,https://www.sec.gov/edgar/search/,https://efts.sec.gov/LATEST/search-index?q=PBYI+%22Puma+Biotechnology%2C+Inc.%22+%22Item+4%22+%22board+of+directors%22+%22governance%22&forms=SC+13D%2CSC+13D%2FA&dateRange=custom&startdt=2018-01-01&enddt=2024-12-31,LOW,LOW,CANDIDATE,"PBYI appears in the local biotech scanner universe; row is a category-specific EDGAR search target for GOVERNANCE_ONLY_13D, not verified evidence",initial_13d_url|filing_date|activist_filer|item4_text|governance_only_classification|outcome_check,Generated from predictions_v12.csv. Candidate only. Do not promote without EDGAR/source_evidence verification.
CAND-0106-ROFR_ROFN_CASE-PGEN,PGEN,"Precigen, Inc.",ROFR_ROFN_CASE,2018-2024,EDGAR 8-K and 10-K ROFR/ROFN search; source_queries.md Section 1C,https://efts.sec.gov/LATEST/search-index,https://efts.sec.gov/LATEST/search-index?q=PGEN+%22Precigen%2C+Inc.%22+%22right+of+first+refusal%22+OR+%22right+of+first+negotiation%22&forms=8-K%2C10-K%2C10-Q&dateRange=custom&startdt=2018-01-01&enddt=2024-12-31,LOW,LOW,CANDIDATE,"PGEN appears in the local biotech scanner universe; row is a category-specific EDGAR search target for ROFR_ROFN_CASE, not verified evidence",agreement_8k_url|exhibit_url|observation_date|rights_holder|rofr_scope|excerpt|outcome_check|price_window,Generated from predictions_v12.csv. Candidate only. Do not promote without EDGAR/source_evidence verification.
CAND-0107-ASSET_SALE-PHAT,PHAT,"Phathom Pharmaceuticals, Inc.",ASSET_SALE,2018-2024,EDGAR 8-K asset purchase agreement search; source_queries.md Section 1E,https://efts.sec.gov/LATEST/search-index,https://efts.sec.gov/LATEST/search-index?q=PHAT+%22Phathom+Pharmaceuticals%2C+Inc.%22+%22asset+purchase+agreement%22+%22program%22&forms=8-K&dateRange=custom&startdt=2018-01-01&enddt=2024-12-31,LOW,LOW,CANDIDATE,"PHAT appears in the local biotech scanner universe; row is a category-specific EDGAR search target for ASSET_SALE, not verified evidence",asset_sale_8k_url|asset_description|buyer|consideration|retained_company_status|price_window,Generated from predictions_v12.csv. Candidate only. Do not promote without EDGAR/source_evidence verification.
CAND-0108-CAPITAL_RAISE_AFTER_PROCESS-RCUS,RCUS,"Arcus Biosciences, Inc.",CAPITAL_RAISE_AFTER_PROCESS,2018-2024,EDGAR 8-K/S-3 capital raise search after process language,https://www.sec.gov/edgar/search/,https://efts.sec.gov/LATEST/search-index?q=RCUS+%22Arcus+Biosciences%2C+Inc.%22+%22strategic+alternatives%22+%22registered+direct+offering%22&forms=8-K%2CS-3%2C424B5&dateRange=custom&startdt=2018-01-01&enddt=2024-12-31,LOW,LOW,CANDIDATE,"RCUS appears in the local biotech scanner universe; row is a category-specific EDGAR search target for CAPITAL_RAISE_AFTER_PROCESS, not verified evidence",sa_or_process_8k_url|capital_raise_8k_or_s3_url|raise_date|raise_size|outcome_check|price_window,Generated from predictions_v12.csv. Candidate only. Do not promote without EDGAR/source_evidence verification.
CAND-0109-COMPLETED_DEAL-REPL,REPL,"Replimune Group, Inc.",COMPLETED_DEAL,2018-2024,BioPharma Dive M&A tracker; Biotechgate M&A archives; EDGAR 8-K merger agreement search,https://www.biopharmadive.com/news/biotech-pharma-deals-merger-acquisitions-tracker/604262/,https://efts.sec.gov/LATEST/search-index?q=REPL+%22Replimune+Group%2C+Inc.%22+%22agreement+and+plan+of+merger%22+%22per+share%22&forms=8-K&dateRange=custom&startdt=2018-01-01&enddt=2024-12-31,LOW,MED,CANDIDATE,"REPL appears in the local biotech scanner universe; row is a category-specific EDGAR search target for COMPLETED_DEAL, not verified evidence",merger_8k_url|merger_filing_date|deal_date|deal_price_per_share|acquirer|prior_process_signal_search|price_window,Generated from predictions_v12.csv. Candidate only. Do not promote without EDGAR/source_evidence verification.
CAND-0110-REVERSE_MERGER-RVNC,RVNC,"Revance Therapeutics, Inc.",REVERSE_MERGER,2018-2024,EDGAR 8-K reverse merger and strategic alternatives follow-up search,https://efts.sec.gov/LATEST/search-index,https://efts.sec.gov/LATEST/search-index?q=RVNC+%22Revance+Therapeutics%2C+Inc.%22+%22strategic+alternatives%22+%22reverse+merger%22&forms=8-K&dateRange=custom&startdt=2018-01-01&enddt=2024-12-31,LOW,LOW,CANDIDATE,"RVNC appears in the local biotech scanner universe; row is a category-specific EDGAR search target for REVERSE_MERGER, not verified evidence",sa_8k_url|reverse_merger_8k_url|counterparty|deal_structure|outcome_date|price_window,Generated from predictions_v12.csv. Candidate only. Do not promote without EDGAR/source_evidence verification.
CAND-0111-COMPLETED_DEAL-RYTM,RYTM,"Rhythm Pharmaceuticals, Inc.",COMPLETED_DEAL,2018-2024,BioPharma Dive M&A tracker; Biotechgate M&A archives; EDGAR 8-K merger agreement search,https://www.biopharmadive.com/news/biotech-pharma-deals-merger-acquisitions-tracker/604262/,https://efts.sec.gov/LATEST/search-index?q=RYTM+%22Rhythm+Pharmaceuticals%2C+Inc.%22+%22agreement+and+plan+of+merger%22+%22per+share%22&forms=8-K&dateRange=custom&startdt=2018-01-01&enddt=2024-12-31,LOW,LOW,CANDIDATE,"RYTM appears in the local biotech scanner universe; row is a category-specific EDGAR search target for COMPLETED_DEAL, not verified evidence",merger_8k_url|merger_filing_date|deal_date|deal_price_per_share|acquirer|prior_process_signal_search|price_window,Generated from predictions_v12.csv. Candidate only. Do not promote without EDGAR/source_evidence verification.
CAND-0112-CAPITAL_RAISE_AFTER_PROCESS-RZLT,RZLT,"Rezolute, Inc.",CAPITAL_RAISE_AFTER_PROCESS,2018-2024,EDGAR 8-K/S-3 capital raise search after process language,https://www.sec.gov/edgar/search/,https://efts.sec.gov/LATEST/search-index?q=RZLT+%22Rezolute%2C+Inc.%22+%22strategic+alternatives%22+%22registered+direct+offering%22&forms=8-K%2CS-3%2C424B5&dateRange=custom&startdt=2018-01-01&enddt=2024-12-31,LOW,MED,CANDIDATE,"RZLT appears in the local biotech scanner universe; row is a category-specific EDGAR search target for CAPITAL_RAISE_AFTER_PROCESS, not verified evidence",sa_or_process_8k_url|capital_raise_8k_or_s3_url|raise_date|raise_size|outcome_check|price_window,Generated from predictions_v12.csv. Candidate only. Do not promote without EDGAR/source_evidence verification.
CAND-0113-ACTIVIST_13D_NO_DEAL-SRPT,SRPT,"Sarepta Therapeutics, Inc.",ACTIVIST_13D_NO_DEAL,2018-2024,EDGAR SC 13D search; WhaleWisdom / 13D Monitor cross-check; source_queries.md Section 1B,https://www.sec.gov/edgar/search/,https://efts.sec.gov/LATEST/search-index?q=SRPT+%22Sarepta+Therapeutics%2C+Inc.%22+%22Item+4%22+%22board+representation%22&forms=SC+13D%2CSC+13D%2FA&dateRange=custom&startdt=2018-01-01&enddt=2024-12-31,LOW,LOW,CANDIDATE,"SRPT appears in the local biotech scanner universe; row is a category-specific EDGAR search target for ACTIVIST_13D_NO_DEAL, not verified evidence",initial_13d_url|filing_date|activist_filer|item4_text|item4_intent|outcome_check|price_window,Generated from predictions_v12.csv. Candidate only. Do not promote without EDGAR/source_evidence verification.
CAND-0114-SALE_PRESSURE_13D-STRO,STRO,"Sutro Biopharma, Inc.",SALE_PRESSURE_13D,2018-2024,EDGAR SC 13D Item 4 sale-process phrase search; source_queries.md Section 1B,https://www.sec.gov/edgar/search/,https://efts.sec.gov/LATEST/search-index?q=STRO+%22Sutro+Biopharma%2C+Inc.%22+%22Item+4%22+%22sale+of+the+company%22&forms=SC+13D%2CSC+13D%2FA&dateRange=custom&startdt=2018-01-01&enddt=2024-12-31,LOW,LOW,CANDIDATE,"STRO appears in the local biotech scanner universe; row is a category-specific EDGAR search target for SALE_PRESSURE_13D, not verified evidence",initial_13d_url|filing_date|activist_filer|item4_text|sale_pressure_excerpt|outcome_check|price_window,Generated from predictions_v12.csv. Candidate only. Do not promote without EDGAR/source_evidence verification.
CAND-0115-GOVERNANCE_ONLY_13D-SUPN,SUPN,"Supernus Pharmaceuticals, Inc.",GOVERNANCE_ONLY_13D,2018-2024,EDGAR SC 13D Item 4 governance phrase search; item4_parser governance-only calibration queue,https://www.sec.gov/edgar/search/,https://efts.sec.gov/LATEST/search-index?q=SUPN+%22Supernus+Pharmaceuticals%2C+Inc.%22+%22Item+4%22+%22board+of+directors%22+%22governance%22&forms=SC+13D%2CSC+13D%2FA&dateRange=custom&startdt=2018-01-01&enddt=2024-12-31,LOW,LOW,CANDIDATE,"SUPN appears in the local biotech scanner universe; row is a category-specific EDGAR search target for GOVERNANCE_ONLY_13D, not verified evidence",initial_13d_url|filing_date|activist_filer|item4_text|governance_only_classification|outcome_check,Generated from predictions_v12.csv. Candidate only. Do not promote without EDGAR/source_evidence verification.
CAND-0116-ROFR_ROFN_CASE-TARA,TARA,"Protara Therapeutics, Inc.",ROFR_ROFN_CASE,2018-2024,EDGAR 8-K and 10-K ROFR/ROFN search; source_queries.md Section 1C,https://efts.sec.gov/LATEST/search-index,https://efts.sec.gov/LATEST/search-index?q=TARA+%22Protara+Therapeutics%2C+Inc.%22+%22right+of+first+refusal%22+OR+%22right+of+first+negotiation%22&forms=8-K%2C10-K%2C10-Q&dateRange=custom&startdt=2018-01-01&enddt=2024-12-31,LOW,LOW,CANDIDATE,"TARA appears in the local biotech scanner universe; row is a category-specific EDGAR search target for ROFR_ROFN_CASE, not verified evidence",agreement_8k_url|exhibit_url|observation_date|rights_holder|rofr_scope|excerpt|outcome_check|price_window,Generated from predictions_v12.csv. Candidate only. Do not promote without EDGAR/source_evidence verification.
CAND-0117-ASSET_SALE-TCMD,TCMD,"Tactile Systems Technology, Inc.",ASSET_SALE,2018-2024,EDGAR 8-K asset purchase agreement search; source_queries.md Section 1E,https://efts.sec.gov/LATEST/search-index,https://efts.sec.gov/LATEST/search-index?q=TCMD+%22Tactile+Systems+Technology%2C+Inc.%22+%22asset+purchase+agreement%22+%22program%22&forms=8-K&dateRange=custom&startdt=2018-01-01&enddt=2024-12-31,LOW,LOW,CANDIDATE,"TCMD appears in the local biotech scanner universe; row is a category-specific EDGAR search target for ASSET_SALE, not verified evidence",asset_sale_8k_url|asset_description|buyer|consideration|retained_company_status|price_window,Generated from predictions_v12.csv. Candidate only. Do not promote without EDGAR/source_evidence verification.
CAND-0118-CAPITAL_RAISE_AFTER_PROCESS-TVTX,TVTX,"Travere Therapeutics, Inc.",CAPITAL_RAISE_AFTER_PROCESS,2018-2024,EDGAR 8-K/S-3 capital raise search after process language,https://www.sec.gov/edgar/search/,https://efts.sec.gov/LATEST/search-index?q=TVTX+%22Travere+Therapeutics%2C+Inc.%22+%22strategic+alternatives%22+%22registered+direct+offering%22&forms=8-K%2CS-3%2C424B5&dateRange=custom&startdt=2018-01-01&enddt=2024-12-31,LOW,LOW,CANDIDATE,"TVTX appears in the local biotech scanner universe; row is a category-specific EDGAR search target for CAPITAL_RAISE_AFTER_PROCESS, not verified evidence",sa_or_process_8k_url|capital_raise_8k_or_s3_url|raise_date|raise_size|outcome_check|price_window,Generated from predictions_v12.csv. Candidate only. Do not promote without EDGAR/source_evidence verification.
CAND-0119-BANKRUPTCY_OR_WIND_DOWN-VERA,VERA,"Vera Therapeutics, Inc.",BANKRUPTCY_OR_WIND_DOWN,2018-2024,EDGAR 8-K wind-down and bankruptcy search; source_queries.md Section 1D,https://efts.sec.gov/LATEST/search-index,https://efts.sec.gov/LATEST/search-index?q=VERA+%22Vera+Therapeutics%2C+Inc.%22+%22wind+down%22+OR+%22chapter+11%22+OR+%22cease+operations%22&forms=8-K&dateRange=custom&startdt=2018-01-01&enddt=2024-12-31,LOW,LOW,CANDIDATE,"VERA appears in the local biotech scanner universe; row is a category-specific EDGAR search target for BANKRUPTCY_OR_WIND_DOWN, not verified evidence",sa_or_distress_8k_url|wind_down_or_bankruptcy_8k_url|outcome_date|chapter_check|price_window,Generated from predictions_v12.csv. Candidate only. Do not promote without EDGAR/source_evidence verification.
CAND-0120-REVERSE_MERGER-VIR,VIR,"Vir Biotechnology, Inc.",REVERSE_MERGER,2018-2024,EDGAR 8-K reverse merger and strategic alternatives follow-up search,https://efts.sec.gov/LATEST/search-index,https://efts.sec.gov/LATEST/search-index?q=VIR+%22Vir+Biotechnology%2C+Inc.%22+%22strategic+alternatives%22+%22reverse+merger%22&forms=8-K&dateRange=custom&startdt=2018-01-01&enddt=2024-12-31,LOW,LOW,CANDIDATE,"VIR appears in the local biotech scanner universe; row is a category-specific EDGAR search target for REVERSE_MERGER, not verified evidence",sa_8k_url|reverse_merger_8k_url|counterparty|deal_structure|outcome_date|price_window,Generated from predictions_v12.csv. Candidate only. Do not promote without EDGAR/source_evidence verification.
CAND-0121-COMPLETED_DEAL-XENE,XENE,Xenon Pharmaceuticals Inc.,COMPLETED_DEAL,2018-2024,BioPharma Dive M&A tracker; Biotechgate M&A archives; EDGAR 8-K merger agreement search,https://www.biopharmadive.com/news/biotech-pharma-deals-merger-acquisitions-tracker/604262/,https://efts.sec.gov/LATEST/search-index?q=XENE+%22Xenon+Pharmaceuticals+Inc.%22+%22agreement+and+plan+of+merger%22+%22per+share%22&forms=8-K&dateRange=custom&startdt=2018-01-01&enddt=2024-12-31,LOW,LOW,CANDIDATE,"XENE appears in the local biotech scanner universe; row is a category-specific EDGAR search target for COMPLETED_DEAL, not verified evidence",merger_8k_url|merger_filing_date|deal_date|deal_price_per_share|acquirer|prior_process_signal_search|price_window,Generated from predictions_v12.csv. Candidate only. Do not promote without EDGAR/source_evidence verification.
CAND-0122-COMPLETED_DEAL-ZBIO,ZBIO,"Zenas BioPharma, Inc.",COMPLETED_DEAL,2018-2024,BioPharma Dive M&A tracker; Biotechgate M&A archives; EDGAR 8-K merger agreement search,https://www.biopharmadive.com/news/biotech-pharma-deals-merger-acquisitions-tracker/604262/,https://efts.sec.gov/LATEST/search-index?q=ZBIO+%22Zenas+BioPharma%2C+Inc.%22+%22agreement+and+plan+of+merger%22+%22per+share%22&forms=8-K&dateRange=custom&startdt=2018-01-01&enddt=2024-12-31,LOW,MED,CANDIDATE,"ZBIO appears in the local biotech scanner universe; row is a category-specific EDGAR search target for COMPLETED_DEAL, not verified evidence",merger_8k_url|merger_filing_date|deal_date|deal_price_per_share|acquirer|prior_process_signal_search|price_window,Generated from predictions_v12.csv. Candidate only. Do not promote without EDGAR/source_evidence verification.
CAND-0123-ACTIVIST_13D_NO_DEAL-ORIC,ORIC,"ORIC Pharmaceuticals, Inc.",ACTIVIST_13D_NO_DEAL,2018-2024,EDGAR SC 13D search; WhaleWisdom / 13D Monitor cross-check; source_queries.md Section 1B,https://www.sec.gov/edgar/search/,https://efts.sec.gov/LATEST/search-index?q=ORIC+%22ORIC+Pharmaceuticals%2C+Inc.%22+%22Item+4%22+%22board+representation%22&forms=SC+13D%2CSC+13D%2FA&dateRange=custom&startdt=2018-01-01&enddt=2024-12-31,LOW,LOW,CANDIDATE,"ORIC appears in the local biotech scanner universe; row is a category-specific EDGAR search target for ACTIVIST_13D_NO_DEAL, not verified evidence",initial_13d_url|filing_date|activist_filer|item4_text|item4_intent|outcome_check|price_window,Generated from predictions_v12.csv. Candidate only. Do not promote without EDGAR/source_evidence verification.
CAND-0124-CAPITAL_RAISE_AFTER_PROCESS-AMRN,AMRN,Amarin Corporation plc,CAPITAL_RAISE_AFTER_PROCESS,2018-2024,EDGAR 8-K/S-3 capital raise search after process language,https://www.sec.gov/edgar/search/,https://efts.sec.gov/LATEST/search-index?q=AMRN+%22Amarin+Corporation+plc%22+%22strategic+alternatives%22+%22registered+direct+offering%22&forms=8-K%2CS-3%2C424B5&dateRange=custom&startdt=2018-01-01&enddt=2024-12-31,LOW,MED,CANDIDATE,"AMRN appears in the local biotech scanner universe; row is a category-specific EDGAR search target for CAPITAL_RAISE_AFTER_PROCESS, not verified evidence",sa_or_process_8k_url|capital_raise_8k_or_s3_url|raise_date|raise_size|outcome_check|price_window,Generated from predictions_v12.csv. Candidate only. Do not promote without EDGAR/source_evidence verification.
CAND-0125-GOVERNANCE_ONLY_13D-CGON,CGON,"CG Oncology, Inc. Common stock",GOVERNANCE_ONLY_13D,2018-2024,EDGAR SC 13D Item 4 governance phrase search; item4_parser governance-only calibration queue,https://www.sec.gov/edgar/search/,https://efts.sec.gov/LATEST/search-index?q=CGON+%22CG+Oncology%2C+Inc.+Common+stock%22+%22Item+4%22+%22board+of+directors%22+%22governance%22&forms=SC+13D%2CSC+13D%2FA&dateRange=custom&startdt=2018-01-01&enddt=2024-12-31,LOW,LOW,CANDIDATE,"CGON appears in the local biotech scanner universe; row is a category-specific EDGAR search target for GOVERNANCE_ONLY_13D, not verified evidence",initial_13d_url|filing_date|activist_filer|item4_text|governance_only_classification|outcome_check,Generated from predictions_v12.csv. Candidate only. Do not promote without EDGAR/source_evidence verification.
CAND-0126-ROFR_ROFN_CASE-MRTX,MRTX,"Mirati Therapeutics, Inc.",ROFR_ROFN_CASE,2018-2024,EDGAR 8-K and 10-K ROFR/ROFN search; source_queries.md Section 1C,https://efts.sec.gov/LATEST/search-index,https://efts.sec.gov/LATEST/search-index?q=MRTX+%22Mirati+Therapeutics%2C+Inc.%22+%22right+of+first+refusal%22+OR+%22right+of+first+negotiation%22&forms=8-K%2C10-K%2C10-Q&dateRange=custom&startdt=2018-01-01&enddt=2024-12-31,LOW,LOW,CANDIDATE,"MRTX appears in the local biotech scanner universe; row is a category-specific EDGAR search target for ROFR_ROFN_CASE, not verified evidence",agreement_8k_url|exhibit_url|observation_date|rights_holder|rofr_scope|excerpt|outcome_check|price_window,Generated from predictions_v12.csv. Candidate only. Do not promote without EDGAR/source_evidence verification.
CAND-0127-ASSET_SALE-ASMB,ASMB,"Assembly Biosciences, Inc.",ASSET_SALE,2018-2024,EDGAR 8-K asset purchase agreement search; source_queries.md Section 1E,https://efts.sec.gov/LATEST/search-index,https://efts.sec.gov/LATEST/search-index?q=ASMB+%22Assembly+Biosciences%2C+Inc.%22+%22asset+purchase+agreement%22+%22program%22&forms=8-K&dateRange=custom&startdt=2018-01-01&enddt=2024-12-31,LOW,LOW,CANDIDATE,"ASMB appears in the local biotech scanner universe; row is a category-specific EDGAR search target for ASSET_SALE, not verified evidence",asset_sale_8k_url|asset_description|buyer|consideration|retained_company_status|price_window,Generated from predictions_v12.csv. Candidate only. Do not promote without EDGAR/source_evidence verification.
CAND-0128-CAPITAL_RAISE_AFTER_PROCESS-AADI,AADI,"Aadi Bioscience, Inc.",CAPITAL_RAISE_AFTER_PROCESS,2018-2024,EDGAR 8-K/S-3 capital raise search after process language,https://www.sec.gov/edgar/search/,https://efts.sec.gov/LATEST/search-index?q=AADI+%22Aadi+Bioscience%2C+Inc.%22+%22strategic+alternatives%22+%22registered+direct+offering%22&forms=8-K%2CS-3%2C424B5&dateRange=custom&startdt=2018-01-01&enddt=2024-12-31,LOW,LOW,CANDIDATE,"AADI appears in the local biotech scanner universe; row is a category-specific EDGAR search target for CAPITAL_RAISE_AFTER_PROCESS, not verified evidence",sa_or_process_8k_url|capital_raise_8k_or_s3_url|raise_date|raise_size|outcome_check|price_window,Generated from scan_latest.json. Candidate only. Do not promote without EDGAR/source_evidence verification.
CAND-0129-BANKRUPTCY_OR_WIND_DOWN-ACHL,ACHL,Achilles Therapeutics plc,BANKRUPTCY_OR_WIND_DOWN,2018-2024,EDGAR 8-K wind-down and bankruptcy search; source_queries.md Section 1D,https://efts.sec.gov/LATEST/search-index,https://efts.sec.gov/LATEST/search-index?q=ACHL+%22Achilles+Therapeutics+plc%22+%22wind+down%22+OR+%22chapter+11%22+OR+%22cease+operations%22&forms=8-K&dateRange=custom&startdt=2018-01-01&enddt=2024-12-31,LOW,LOW,CANDIDATE,"ACHL appears in the local biotech scanner universe; row is a category-specific EDGAR search target for BANKRUPTCY_OR_WIND_DOWN, not verified evidence",sa_or_distress_8k_url|wind_down_or_bankruptcy_8k_url|outcome_date|chapter_check|price_window,Generated from scan_latest.json. Candidate only. Do not promote without EDGAR/source_evidence verification.
CAND-0130-REVERSE_MERGER-ACRV,ACRV,"Acrivon Therapeutics, Inc. Common Stock",REVERSE_MERGER,2018-2024,EDGAR 8-K reverse merger and strategic alternatives follow-up search,https://efts.sec.gov/LATEST/search-index,https://efts.sec.gov/LATEST/search-index?q=ACRV+%22Acrivon+Therapeutics%2C+Inc.+Common+Stock%22+%22strategic+alternatives%22+%22reverse+merger%22&forms=8-K&dateRange=custom&startdt=2018-01-01&enddt=2024-12-31,LOW,LOW,CANDIDATE,"ACRV appears in the local biotech scanner universe; row is a category-specific EDGAR search target for REVERSE_MERGER, not verified evidence",sa_8k_url|reverse_merger_8k_url|counterparty|deal_structure|outcome_date|price_window,Generated from scan_latest.json. Candidate only. Do not promote without EDGAR/source_evidence verification.
CAND-0131-COMPLETED_DEAL-ACRX,ACRX,"AcelRx Pharmaceuticals, Inc.",COMPLETED_DEAL,2018-2024,BioPharma Dive M&A tracker; Biotechgate M&A archives; EDGAR 8-K merger agreement search,https://www.biopharmadive.com/news/biotech-pharma-deals-merger-acquisitions-tracker/604262/,https://efts.sec.gov/LATEST/search-index?q=ACRX+%22AcelRx+Pharmaceuticals%2C+Inc.%22+%22agreement+and+plan+of+merger%22+%22per+share%22&forms=8-K&dateRange=custom&startdt=2018-01-01&enddt=2024-12-31,LOW,LOW,CANDIDATE,"ACRX appears in the local biotech scanner universe; row is a category-specific EDGAR search target for COMPLETED_DEAL, not verified evidence",merger_8k_url|merger_filing_date|deal_date|deal_price_per_share|acquirer|prior_process_signal_search|price_window,Generated from scan_latest.json. Candidate only. Do not promote without EDGAR/source_evidence verification.
CAND-0132-FAILED_STRATEGIC_REVIEW-AFIB,AFIB,"Acutus Medical, Inc.",FAILED_STRATEGIC_REVIEW,2018-2024,EDGAR 8-K strategic alternatives search; source_queries.md Section 1A,https://efts.sec.gov/LATEST/search-index,https://efts.sec.gov/LATEST/search-index?q=AFIB+%22Acutus+Medical%2C+Inc.%22+%22strategic+alternatives%22+%22board+of+directors%22&forms=8-K&dateRange=custom&startdt=2018-01-01&enddt=2024-12-31,LOW,LOW,CANDIDATE,"AFIB appears in the local biotech scanner universe; row is a category-specific EDGAR search target for FAILED_STRATEGIC_REVIEW, not verified evidence",sa_8k_url|observation_date|sa_excerpt|outcome_check|price_window|no_deal_confirmation,Generated from scan_latest.json. Candidate only. Do not promote without EDGAR/source_evidence verification.
CAND-0133-BANKRUPTCY_OR_WIND_DOWN-AFMD,AFMD,Affimed N.V.,BANKRUPTCY_OR_WIND_DOWN,2018-2024,EDGAR 8-K wind-down and bankruptcy search; source_queries.md Section 1D,https://efts.sec.gov/LATEST/search-index,https://efts.sec.gov/LATEST/search-index?q=AFMD+%22Affimed+N.V.%22+%22wind+down%22+OR+%22chapter+11%22+OR+%22cease+operations%22&forms=8-K&dateRange=custom&startdt=2018-01-01&enddt=2024-12-31,LOW,MED,CANDIDATE,"AFMD appears in the local biotech scanner universe; row is a category-specific EDGAR search target for BANKRUPTCY_OR_WIND_DOWN, not verified evidence",sa_or_distress_8k_url|wind_down_or_bankruptcy_8k_url|outcome_date|chapter_check|price_window,Generated from scan_latest.json. Candidate only. Do not promote without EDGAR/source_evidence verification.
CAND-0134-SALE_PRESSURE_13D-AKBA,AKBA,"Akebia Therapeutics, Inc.",SALE_PRESSURE_13D,2018-2024,EDGAR SC 13D Item 4 sale-process phrase search; source_queries.md Section 1B,https://www.sec.gov/edgar/search/,https://efts.sec.gov/LATEST/search-index?q=AKBA+%22Akebia+Therapeutics%2C+Inc.%22+%22Item+4%22+%22sale+of+the+company%22&forms=SC+13D%2CSC+13D%2FA&dateRange=custom&startdt=2018-01-01&enddt=2024-12-31,LOW,LOW,CANDIDATE,"AKBA appears in the local biotech scanner universe; row is a category-specific EDGAR search target for SALE_PRESSURE_13D, not verified evidence",initial_13d_url|filing_date|activist_filer|item4_text|sale_pressure_excerpt|outcome_check|price_window,Generated from scan_latest.json. Candidate only. Do not promote without EDGAR/source_evidence verification.
CAND-0135-BANKRUPTCY_OR_WIND_DOWN-AKLI,AKLI,"Akili, Inc.",BANKRUPTCY_OR_WIND_DOWN,2018-2024,EDGAR 8-K wind-down and bankruptcy search; source_queries.md Section 1D,https://efts.sec.gov/LATEST/search-index,https://efts.sec.gov/LATEST/search-index?q=AKLI+%22Akili%2C+Inc.%22+%22wind+down%22+OR+%22chapter+11%22+OR+%22cease+operations%22&forms=8-K&dateRange=custom&startdt=2018-01-01&enddt=2024-12-31,LOW,MED,CANDIDATE,"AKLI appears in the local biotech scanner universe; row is a category-specific EDGAR search target for BANKRUPTCY_OR_WIND_DOWN, not verified evidence",sa_or_distress_8k_url|wind_down_or_bankruptcy_8k_url|outcome_date|chapter_check|price_window,Generated from scan_latest.json. Candidate only. Do not promote without EDGAR/source_evidence verification.
CAND-0136-BANKRUPTCY_OR_WIND_DOWN-ALLK,ALLK,Allakos Inc.,BANKRUPTCY_OR_WIND_DOWN,2018-2024,EDGAR 8-K wind-down and bankruptcy search; source_queries.md Section 1D,https://efts.sec.gov/LATEST/search-index,https://efts.sec.gov/LATEST/search-index?q=ALLK+%22Allakos+Inc.%22+%22wind+down%22+OR+%22chapter+11%22+OR+%22cease+operations%22&forms=8-K&dateRange=custom&startdt=2018-01-01&enddt=2024-12-31,LOW,MED,CANDIDATE,"ALLK appears in the local biotech scanner universe; row is a category-specific EDGAR search target for BANKRUPTCY_OR_WIND_DOWN, not verified evidence",sa_or_distress_8k_url|wind_down_or_bankruptcy_8k_url|outcome_date|chapter_check|price_window,Generated from scan_latest.json. Candidate only. Do not promote without EDGAR/source_evidence verification.
CAND-0137-ASSET_SALE-ALVR,ALVR,"AlloVir, Inc.",ASSET_SALE,2018-2024,EDGAR 8-K asset purchase agreement search; source_queries.md Section 1E,https://efts.sec.gov/LATEST/search-index,https://efts.sec.gov/LATEST/search-index?q=ALVR+%22AlloVir%2C+Inc.%22+%22asset+purchase+agreement%22+%22program%22&forms=8-K&dateRange=custom&startdt=2018-01-01&enddt=2024-12-31,LOW,LOW,CANDIDATE,"ALVR appears in the local biotech scanner universe; row is a category-specific EDGAR search target for ASSET_SALE, not verified evidence",asset_sale_8k_url|asset_description|buyer|consideration|retained_company_status|price_window,Generated from scan_latest.json. Candidate only. Do not promote without EDGAR/source_evidence verification.
CAND-0138-BANKRUPTCY_OR_WIND_DOWN-ALXO,ALXO,ALX Oncology Holdings Inc.,BANKRUPTCY_OR_WIND_DOWN,2018-2024,EDGAR 8-K wind-down and bankruptcy search; source_queries.md Section 1D,https://efts.sec.gov/LATEST/search-index,https://efts.sec.gov/LATEST/search-index?q=ALXO+%22ALX+Oncology+Holdings+Inc.%22+%22wind+down%22+OR+%22chapter+11%22+OR+%22cease+operations%22&forms=8-K&dateRange=custom&startdt=2018-01-01&enddt=2024-12-31,LOW,MED,CANDIDATE,"ALXO appears in the local biotech scanner universe; row is a category-specific EDGAR search target for BANKRUPTCY_OR_WIND_DOWN, not verified evidence",sa_or_distress_8k_url|wind_down_or_bankruptcy_8k_url|outcome_date|chapter_check|price_window,Generated from scan_latest.json. Candidate only. Do not promote without EDGAR/source_evidence verification.
CAND-0139-BANKRUPTCY_OR_WIND_DOWN-ANPC,ANPC,"AnPac Bio-Medical Science Co., Ltd.",BANKRUPTCY_OR_WIND_DOWN,2018-2024,EDGAR 8-K wind-down and bankruptcy search; source_queries.md Section 1D,https://efts.sec.gov/LATEST/search-index,https://efts.sec.gov/LATEST/search-index?q=ANPC+%22AnPac+Bio-Medical+Science+Co.%2C+Ltd.%22+%22wind+down%22+OR+%22chapter+11%22+OR+%22cease+operations%22&forms=8-K&dateRange=custom&startdt=2018-01-01&enddt=2024-12-31,LOW,MED,CANDIDATE,"ANPC appears in the local biotech scanner universe; row is a category-specific EDGAR search target for BANKRUPTCY_OR_WIND_DOWN, not verified evidence",sa_or_distress_8k_url|wind_down_or_bankruptcy_8k_url|outcome_date|chapter_check|price_window,Generated from scan_latest.json. Candidate only. Do not promote without EDGAR/source_evidence verification.
CAND-0140-BANKRUPTCY_OR_WIND_DOWN-APLT,APLT,"Applied Therapeutics, Inc.",BANKRUPTCY_OR_WIND_DOWN,2018-2024,EDGAR 8-K wind-down and bankruptcy search; source_queries.md Section 1D,https://efts.sec.gov/LATEST/search-index,https://efts.sec.gov/LATEST/search-index?q=APLT+%22Applied+Therapeutics%2C+Inc.%22+%22wind+down%22+OR+%22chapter+11%22+OR+%22cease+operations%22&forms=8-K&dateRange=custom&startdt=2018-01-01&enddt=2024-12-31,LOW,MED,CANDIDATE,"APLT appears in the local biotech scanner universe; row is a category-specific EDGAR search target for BANKRUPTCY_OR_WIND_DOWN, not verified evidence",sa_or_distress_8k_url|wind_down_or_bankruptcy_8k_url|outcome_date|chapter_check|price_window,Generated from scan_latest.json. Candidate only. Do not promote without EDGAR/source_evidence verification.
CAND-0141-BANKRUPTCY_OR_WIND_DOWN-APRE,APRE,"Aprea Therapeutics, Inc.",BANKRUPTCY_OR_WIND_DOWN,2018-2024,EDGAR 8-K wind-down and bankruptcy search; source_queries.md Section 1D,https://efts.sec.gov/LATEST/search-index,https://efts.sec.gov/LATEST/search-index?q=APRE+%22Aprea+Therapeutics%2C+Inc.%22+%22wind+down%22+OR+%22chapter+11%22+OR+%22cease+operations%22&forms=8-K&dateRange=custom&startdt=2018-01-01&enddt=2024-12-31,LOW,MED,CANDIDATE,"APRE appears in the local biotech scanner universe; row is a category-specific EDGAR search target for BANKRUPTCY_OR_WIND_DOWN, not verified evidence",sa_or_distress_8k_url|wind_down_or_bankruptcy_8k_url|outcome_date|chapter_check|price_window,Generated from scan_latest.json. Candidate only. Do not promote without EDGAR/source_evidence verification.
CAND-0142-BANKRUPTCY_OR_WIND_DOWN-ARAV,ARAV,"Aravive, Inc.",BANKRUPTCY_OR_WIND_DOWN,2018-2024,EDGAR 8-K wind-down and bankruptcy search; source_queries.md Section 1D,https://efts.sec.gov/LATEST/search-index,https://efts.sec.gov/LATEST/search-index?q=ARAV+%22Aravive%2C+Inc.%22+%22wind+down%22+OR+%22chapter+11%22+OR+%22cease+operations%22&forms=8-K&dateRange=custom&startdt=2018-01-01&enddt=2024-12-31,LOW,MED,CANDIDATE,"ARAV appears in the local biotech scanner universe; row is a category-specific EDGAR search target for BANKRUPTCY_OR_WIND_DOWN, not verified evidence",sa_or_distress_8k_url|wind_down_or_bankruptcy_8k_url|outcome_date|chapter_check|price_window,Generated from scan_latest.json. Candidate only. Do not promote without EDGAR/source_evidence verification.
CAND-0143-ACTIVIST_13D_NO_DEAL-ARMP,ARMP,"Armata Pharmaceuticals, Inc.",ACTIVIST_13D_NO_DEAL,2018-2024,EDGAR SC 13D search; WhaleWisdom / 13D Monitor cross-check; source_queries.md Section 1B,https://www.sec.gov/edgar/search/,https://efts.sec.gov/LATEST/search-index?q=ARMP+%22Armata+Pharmaceuticals%2C+Inc.%22+%22Item+4%22+%22board+representation%22&forms=SC+13D%2CSC+13D%2FA&dateRange=custom&startdt=2018-01-01&enddt=2024-12-31,LOW,LOW,CANDIDATE,"ARMP appears in the local biotech scanner universe; row is a category-specific EDGAR search target for ACTIVIST_13D_NO_DEAL, not verified evidence",initial_13d_url|filing_date|activist_filer|item4_text|item4_intent|outcome_check|price_window,Generated from scan_latest.json. Candidate only. Do not promote without EDGAR/source_evidence verification.
CAND-0144-SALE_PRESSURE_13D-ATNF,ATNF,ETHZilla Corporation Common Stock,SALE_PRESSURE_13D,2018-2024,EDGAR SC 13D Item 4 sale-process phrase search; source_queries.md Section 1B,https://www.sec.gov/edgar/search/,https://efts.sec.gov/LATEST/search-index?q=ATNF+%22ETHZilla+Corporation+Common+Stock%22+%22Item+4%22+%22sale+of+the+company%22&forms=SC+13D%2CSC+13D%2FA&dateRange=custom&startdt=2018-01-01&enddt=2024-12-31,LOW,LOW,CANDIDATE,"ATNF appears in the local biotech scanner universe; row is a category-specific EDGAR search target for SALE_PRESSURE_13D, not verified evidence",initial_13d_url|filing_date|activist_filer|item4_text|sale_pressure_excerpt|outcome_check|price_window,Generated from scan_latest.json. Candidate only. Do not promote without EDGAR/source_evidence verification.
CAND-0145-BANKRUPTCY_OR_WIND_DOWN-ATXI,ATXI,"Avenue Therapeutics, Inc.",BANKRUPTCY_OR_WIND_DOWN,2018-2024,EDGAR 8-K wind-down and bankruptcy search; source_queries.md Section 1D,https://efts.sec.gov/LATEST/search-index,https://efts.sec.gov/LATEST/search-index?q=ATXI+%22Avenue+Therapeutics%2C+Inc.%22+%22wind+down%22+OR+%22chapter+11%22+OR+%22cease+operations%22&forms=8-K&dateRange=custom&startdt=2018-01-01&enddt=2024-12-31,LOW,MED,CANDIDATE,"ATXI appears in the local biotech scanner universe; row is a category-specific EDGAR search target for BANKRUPTCY_OR_WIND_DOWN, not verified evidence",sa_or_distress_8k_url|wind_down_or_bankruptcy_8k_url|outcome_date|chapter_check|price_window,Generated from scan_latest.json. Candidate only. Do not promote without EDGAR/source_evidence verification.
CAND-0146-BANKRUPTCY_OR_WIND_DOWN-BNGO,BNGO,"Bionano Genomics, Inc.",BANKRUPTCY_OR_WIND_DOWN,2018-2024,EDGAR 8-K wind-down and bankruptcy search; source_queries.md Section 1D,https://efts.sec.gov/LATEST/search-index,https://efts.sec.gov/LATEST/search-index?q=BNGO+%22Bionano+Genomics%2C+Inc.%22+%22wind+down%22+OR+%22chapter+11%22+OR+%22cease+operations%22&forms=8-K&dateRange=custom&startdt=2018-01-01&enddt=2024-12-31,LOW,MED,CANDIDATE,"BNGO appears in the local biotech scanner universe; row is a category-specific EDGAR search target for BANKRUPTCY_OR_WIND_DOWN, not verified evidence",sa_or_distress_8k_url|wind_down_or_bankruptcy_8k_url|outcome_date|chapter_check|price_window,Generated from scan_latest.json. Candidate only. Do not promote without EDGAR/source_evidence verification.
CAND-0147-BANKRUPTCY_OR_WIND_DOWN-BTAI,BTAI,"BioXcel Therapeutics, Inc.",BANKRUPTCY_OR_WIND_DOWN,2018-2024,EDGAR 8-K wind-down and bankruptcy search; source_queries.md Section 1D,https://efts.sec.gov/LATEST/search-index,https://efts.sec.gov/LATEST/search-index?q=BTAI+%22BioXcel+Therapeutics%2C+Inc.%22+%22wind+down%22+OR+%22chapter+11%22+OR+%22cease+operations%22&forms=8-K&dateRange=custom&startdt=2018-01-01&enddt=2024-12-31,LOW,MED,CANDIDATE,"BTAI appears in the local biotech scanner universe; row is a category-specific EDGAR search target for BANKRUPTCY_OR_WIND_DOWN, not verified evidence",sa_or_distress_8k_url|wind_down_or_bankruptcy_8k_url|outcome_date|chapter_check|price_window,Generated from scan_latest.json. Candidate only. Do not promote without EDGAR/source_evidence verification.
CAND-0148-BANKRUPTCY_OR_WIND_DOWN-BYSI,BYSI,BeyondSpring Inc.,BANKRUPTCY_OR_WIND_DOWN,2018-2024,EDGAR 8-K wind-down and bankruptcy search; source_queries.md Section 1D,https://efts.sec.gov/LATEST/search-index,https://efts.sec.gov/LATEST/search-index?q=BYSI+%22BeyondSpring+Inc.%22+%22wind+down%22+OR+%22chapter+11%22+OR+%22cease+operations%22&forms=8-K&dateRange=custom&startdt=2018-01-01&enddt=2024-12-31,LOW,MED,CANDIDATE,"BYSI appears in the local biotech scanner universe; row is a category-specific EDGAR search target for BANKRUPTCY_OR_WIND_DOWN, not verified evidence",sa_or_distress_8k_url|wind_down_or_bankruptcy_8k_url|outcome_date|chapter_check|price_window,Generated from scan_latest.json. Candidate only. Do not promote without EDGAR/source_evidence verification.
CAND-0149-BANKRUPTCY_OR_WIND_DOWN-CARA,CARA,"Cara Therapeutics, Inc.",BANKRUPTCY_OR_WIND_DOWN,2018-2024,EDGAR 8-K wind-down and bankruptcy search; source_queries.md Section 1D,https://efts.sec.gov/LATEST/search-index,https://efts.sec.gov/LATEST/search-index?q=CARA+%22Cara+Therapeutics%2C+Inc.%22+%22wind+down%22+OR+%22chapter+11%22+OR+%22cease+operations%22&forms=8-K&dateRange=custom&startdt=2018-01-01&enddt=2024-12-31,LOW,MED,CANDIDATE,"CARA appears in the local biotech scanner universe; row is a category-specific EDGAR search target for BANKRUPTCY_OR_WIND_DOWN, not verified evidence",sa_or_distress_8k_url|wind_down_or_bankruptcy_8k_url|outcome_date|chapter_check|price_window,Generated from scan_latest.json. Candidate only. Do not promote without EDGAR/source_evidence verification.
CAND-0150-REVERSE_MERGER-CPHI,CPHI,"China Pharma Holdings, Inc.",REVERSE_MERGER,2018-2024,EDGAR 8-K reverse merger and strategic alternatives follow-up search,https://efts.sec.gov/LATEST/search-index,https://efts.sec.gov/LATEST/search-index?q=CPHI+%22China+Pharma+Holdings%2C+Inc.%22+%22strategic+alternatives%22+%22reverse+merger%22&forms=8-K&dateRange=custom&startdt=2018-01-01&enddt=2024-12-31,LOW,LOW,CANDIDATE,"CPHI appears in the local biotech scanner universe; row is a category-specific EDGAR search target for REVERSE_MERGER, not verified evidence",sa_8k_url|reverse_merger_8k_url|counterparty|deal_structure|outcome_date|price_window,Generated from scan_latest.json. Candidate only. Do not promote without EDGAR/source_evidence verification.
CAND-0151-BANKRUPTCY_OR_WIND_DOWN-CVKD,CVKD,"Cadrenal Therapeutics, Inc. Common Stock",BANKRUPTCY_OR_WIND_DOWN,2018-2024,EDGAR 8-K wind-down and bankruptcy search; source_queries.md Section 1D,https://efts.sec.gov/LATEST/search-index,https://efts.sec.gov/LATEST/search-index?q=CVKD+%22Cadrenal+Therapeutics%2C+Inc.+Common+Stock%22+%22wind+down%22+OR+%22chapter+11%22+OR+%22cease+operations%22&forms=8-K&dateRange=custom&startdt=2018-01-01&enddt=2024-12-31,LOW,MED,CANDIDATE,"CVKD appears in the local biotech scanner universe; row is a category-specific EDGAR search target for BANKRUPTCY_OR_WIND_DOWN, not verified evidence",sa_or_distress_8k_url|wind_down_or_bankruptcy_8k_url|outcome_date|chapter_check|price_window,Generated from scan_latest.json. Candidate only. Do not promote without EDGAR/source_evidence verification.
CAND-0152-FAILED_STRATEGIC_REVIEW-DTIL,DTIL,"Precision BioSciences, Inc.",FAILED_STRATEGIC_REVIEW,2018-2024,EDGAR 8-K strategic alternatives search; source_queries.md Section 1A,https://efts.sec.gov/LATEST/search-index,https://efts.sec.gov/LATEST/search-index?q=DTIL+%22Precision+BioSciences%2C+Inc.%22+%22strategic+alternatives%22+%22board+of+directors%22&forms=8-K&dateRange=custom&startdt=2018-01-01&enddt=2024-12-31,LOW,LOW,CANDIDATE,"DTIL appears in the local biotech scanner universe; row is a category-specific EDGAR search target for FAILED_STRATEGIC_REVIEW, not verified evidence",sa_8k_url|observation_date|sa_excerpt|outcome_check|price_window|no_deal_confirmation,Generated from scan_latest.json. Candidate only. Do not promote without EDGAR/source_evidence verification.
CAND-0153-BANKRUPTCY_OR_WIND_DOWN-EGRX,EGRX,"Eagle Pharmaceuticals, Inc.",BANKRUPTCY_OR_WIND_DOWN,2018-2024,EDGAR 8-K wind-down and bankruptcy search; source_queries.md Section 1D,https://efts.sec.gov/LATEST/search-index,https://efts.sec.gov/LATEST/search-index?q=EGRX+%22Eagle+Pharmaceuticals%2C+Inc.%22+%22wind+down%22+OR+%22chapter+11%22+OR+%22cease+operations%22&forms=8-K&dateRange=custom&startdt=2018-01-01&enddt=2024-12-31,LOW,MED,CANDIDATE,"EGRX appears in the local biotech scanner universe; row is a category-specific EDGAR search target for BANKRUPTCY_OR_WIND_DOWN, not verified evidence",sa_or_distress_8k_url|wind_down_or_bankruptcy_8k_url|outcome_date|chapter_check|price_window,Generated from scan_latest.json. Candidate only. Do not promote without EDGAR/source_evidence verification.
CAND-0154-BANKRUPTCY_OR_WIND_DOWN-ELEV,ELEV,"Elevation Oncology, Inc.",BANKRUPTCY_OR_WIND_DOWN,2018-2024,EDGAR 8-K wind-down and bankruptcy search; source_queries.md Section 1D,https://efts.sec.gov/LATEST/search-index,https://efts.sec.gov/LATEST/search-index?q=ELEV+%22Elevation+Oncology%2C+Inc.%22+%22wind+down%22+OR+%22chapter+11%22+OR+%22cease+operations%22&forms=8-K&dateRange=custom&startdt=2018-01-01&enddt=2024-12-31,LOW,MED,CANDIDATE,"ELEV appears in the local biotech scanner universe; row is a category-specific EDGAR search target for BANKRUPTCY_OR_WIND_DOWN, not verified evidence",sa_or_distress_8k_url|wind_down_or_bankruptcy_8k_url|outcome_date|chapter_check|price_window,Generated from scan_latest.json. Candidate only. Do not promote without EDGAR/source_evidence verification.
CAND-0155-BANKRUPTCY_OR_WIND_DOWN-EVAX,EVAX,Evaxion Biotech A/S,BANKRUPTCY_OR_WIND_DOWN,2018-2024,EDGAR 8-K wind-down and bankruptcy search; source_queries.md Section 1D,https://efts.sec.gov/LATEST/search-index,https://efts.sec.gov/LATEST/search-index?q=EVAX+%22Evaxion+Biotech+A%2FS%22+%22wind+down%22+OR+%22chapter+11%22+OR+%22cease+operations%22&forms=8-K&dateRange=custom&startdt=2018-01-01&enddt=2024-12-31,LOW,MED,CANDIDATE,"EVAX appears in the local biotech scanner universe; row is a category-specific EDGAR search target for BANKRUPTCY_OR_WIND_DOWN, not verified evidence",sa_or_distress_8k_url|wind_down_or_bankruptcy_8k_url|outcome_date|chapter_check|price_window,Generated from scan_latest.json. Candidate only. Do not promote without EDGAR/source_evidence verification.
CAND-0156-ROFR_ROFN_CASE-FBIO,FBIO,"Fortress Biotech, Inc.",ROFR_ROFN_CASE,2018-2024,EDGAR 8-K and 10-K ROFR/ROFN search; source_queries.md Section 1C,https://efts.sec.gov/LATEST/search-index,https://efts.sec.gov/LATEST/search-index?q=FBIO+%22Fortress+Biotech%2C+Inc.%22+%22right+of+first+refusal%22+OR+%22right+of+first+negotiation%22&forms=8-K%2C10-K%2C10-Q&dateRange=custom&startdt=2018-01-01&enddt=2024-12-31,LOW,LOW,CANDIDATE,"FBIO appears in the local biotech scanner universe; row is a category-specific EDGAR search target for ROFR_ROFN_CASE, not verified evidence",agreement_8k_url|exhibit_url|observation_date|rights_holder|rofr_scope|excerpt|outcome_check|price_window,Generated from scan_latest.json. Candidate only. Do not promote without EDGAR/source_evidence verification.
CAND-0157-ASSET_SALE-FIXX,FIXX,"Homology Medicines, Inc.",ASSET_SALE,2018-2024,EDGAR 8-K asset purchase agreement search; source_queries.md Section 1E,https://efts.sec.gov/LATEST/search-index,https://efts.sec.gov/LATEST/search-index?q=FIXX+%22Homology+Medicines%2C+Inc.%22+%22asset+purchase+agreement%22+%22program%22&forms=8-K&dateRange=custom&startdt=2018-01-01&enddt=2024-12-31,LOW,LOW,CANDIDATE,"FIXX appears in the local biotech scanner universe; row is a category-specific EDGAR search target for ASSET_SALE, not verified evidence",asset_sale_8k_url|asset_description|buyer|consideration|retained_company_status|price_window,Generated from scan_latest.json. Candidate only. Do not promote without EDGAR/source_evidence verification.
CAND-0158-BANKRUPTCY_OR_WIND_DOWN-GBIO,GBIO,Generation Bio Co.,BANKRUPTCY_OR_WIND_DOWN,2018-2024,EDGAR 8-K wind-down and bankruptcy search; source_queries.md Section 1D,https://efts.sec.gov/LATEST/search-index,https://efts.sec.gov/LATEST/search-index?q=GBIO+%22Generation+Bio+Co.%22+%22wind+down%22+OR+%22chapter+11%22+OR+%22cease+operations%22&forms=8-K&dateRange=custom&startdt=2018-01-01&enddt=2024-12-31,LOW,MED,CANDIDATE,"GBIO appears in the local biotech scanner universe; row is a category-specific EDGAR search target for BANKRUPTCY_OR_WIND_DOWN, not verified evidence",sa_or_distress_8k_url|wind_down_or_bankruptcy_8k_url|outcome_date|chapter_check|price_window,Generated from scan_latest.json. Candidate only. Do not promote without EDGAR/source_evidence verification.
CAND-0159-BANKRUPTCY_OR_WIND_DOWN-GENE,GENE,Genetic Technologies Limited,BANKRUPTCY_OR_WIND_DOWN,2018-2024,EDGAR 8-K wind-down and bankruptcy search; source_queries.md Section 1D,https://efts.sec.gov/LATEST/search-index,https://efts.sec.gov/LATEST/search-index?q=GENE+%22Genetic+Technologies+Limited%22+%22wind+down%22+OR+%22chapter+11%22+OR+%22cease+operations%22&forms=8-K&dateRange=custom&startdt=2018-01-01&enddt=2024-12-31,LOW,MED,CANDIDATE,"GENE appears in the local biotech scanner universe; row is a category-specific EDGAR search target for BANKRUPTCY_OR_WIND_DOWN, not verified evidence",sa_or_distress_8k_url|wind_down_or_bankruptcy_8k_url|outcome_date|chapter_check|price_window,Generated from scan_latest.json. Candidate only. Do not promote without EDGAR/source_evidence verification.
CAND-0160-BANKRUPTCY_OR_WIND_DOWN-GNLX,GNLX,Genelux Corporation,BANKRUPTCY_OR_WIND_DOWN,2018-2024,EDGAR 8-K wind-down and bankruptcy search; source_queries.md Section 1D,https://efts.sec.gov/LATEST/search-index,https://efts.sec.gov/LATEST/search-index?q=GNLX+%22Genelux+Corporation%22+%22wind+down%22+OR+%22chapter+11%22+OR+%22cease+operations%22&forms=8-K&dateRange=custom&startdt=2018-01-01&enddt=2024-12-31,LOW,MED,CANDIDATE,"GNLX appears in the local biotech scanner universe; row is a category-specific EDGAR search target for BANKRUPTCY_OR_WIND_DOWN, not verified evidence",sa_or_distress_8k_url|wind_down_or_bankruptcy_8k_url|outcome_date|chapter_check|price_window,Generated from scan_latest.json. Candidate only. Do not promote without EDGAR/source_evidence verification.
CAND-0161-BANKRUPTCY_OR_WIND_DOWN-GRAY,GRAY,"Graybug Vision, Inc.",BANKRUPTCY_OR_WIND_DOWN,2018-2024,EDGAR 8-K wind-down and bankruptcy search; source_queries.md Section 1D,https://efts.sec.gov/LATEST/search-index,https://efts.sec.gov/LATEST/search-index?q=GRAY+%22Graybug+Vision%2C+Inc.%22+%22wind+down%22+OR+%22chapter+11%22+OR+%22cease+operations%22&forms=8-K&dateRange=custom&startdt=2018-01-01&enddt=2024-12-31,LOW,MED,CANDIDATE,"GRAY appears in the local biotech scanner universe; row is a category-specific EDGAR search target for BANKRUPTCY_OR_WIND_DOWN, not verified evidence",sa_or_distress_8k_url|wind_down_or_bankruptcy_8k_url|outcome_date|chapter_check|price_window,Generated from scan_latest.json. Candidate only. Do not promote without EDGAR/source_evidence verification.
CAND-0162-FAILED_STRATEGIC_REVIEW-HCAT,HCAT,"Health Catalyst, Inc.",FAILED_STRATEGIC_REVIEW,2018-2024,EDGAR 8-K strategic alternatives search; source_queries.md Section 1A,https://efts.sec.gov/LATEST/search-index,https://efts.sec.gov/LATEST/search-index?q=HCAT+%22Health+Catalyst%2C+Inc.%22+%22strategic+alternatives%22+%22board+of+directors%22&forms=8-K&dateRange=custom&startdt=2018-01-01&enddt=2024-12-31,LOW,LOW,CANDIDATE,"HCAT appears in the local biotech scanner universe; row is a category-specific EDGAR search target for FAILED_STRATEGIC_REVIEW, not verified evidence",sa_8k_url|observation_date|sa_excerpt|outcome_check|price_window|no_deal_confirmation,Generated from scan_latest.json. Candidate only. Do not promote without EDGAR/source_evidence verification.
CAND-0163-ACTIVIST_13D_NO_DEAL-HLVX,HLVX,"HilleVax, Inc.",ACTIVIST_13D_NO_DEAL,2018-2024,EDGAR SC 13D search; WhaleWisdom / 13D Monitor cross-check; source_queries.md Section 1B,https://www.sec.gov/edgar/search/,https://efts.sec.gov/LATEST/search-index?q=HLVX+%22HilleVax%2C+Inc.%22+%22Item+4%22+%22board+representation%22&forms=SC+13D%2CSC+13D%2FA&dateRange=custom&startdt=2018-01-01&enddt=2024-12-31,LOW,LOW,CANDIDATE,"HLVX appears in the local biotech scanner universe; row is a category-specific EDGAR search target for ACTIVIST_13D_NO_DEAL, not verified evidence",initial_13d_url|filing_date|activist_filer|item4_text|item4_intent|outcome_check|price_window,Generated from scan_latest.json. Candidate only. Do not promote without EDGAR/source_evidence verification.
CAND-0164-BANKRUPTCY_OR_WIND_DOWN-HUMA,HUMA,"Humacyte, Inc.",BANKRUPTCY_OR_WIND_DOWN,2018-2024,EDGAR 8-K wind-down and bankruptcy search; source_queries.md Section 1D,https://efts.sec.gov/LATEST/search-index,https://efts.sec.gov/LATEST/search-index?q=HUMA+%22Humacyte%2C+Inc.%22+%22wind+down%22+OR+%22chapter+11%22+OR+%22cease+operations%22&forms=8-K&dateRange=custom&startdt=2018-01-01&enddt=2024-12-31,LOW,MED,CANDIDATE,"HUMA appears in the local biotech scanner universe; row is a category-specific EDGAR search target for BANKRUPTCY_OR_WIND_DOWN, not verified evidence",sa_or_distress_8k_url|wind_down_or_bankruptcy_8k_url|outcome_date|chapter_check|price_window,Generated from scan_latest.json. Candidate only. Do not promote without EDGAR/source_evidence verification.
CAND-0165-BANKRUPTCY_OR_WIND_DOWN-IMMP,IMMP,Immutep Limited,BANKRUPTCY_OR_WIND_DOWN,2018-2024,EDGAR 8-K wind-down and bankruptcy search; source_queries.md Section 1D,https://efts.sec.gov/LATEST/search-index,https://efts.sec.gov/LATEST/search-index?q=IMMP+%22Immutep+Limited%22+%22wind+down%22+OR+%22chapter+11%22+OR+%22cease+operations%22&forms=8-K&dateRange=custom&startdt=2018-01-01&enddt=2024-12-31,LOW,MED,CANDIDATE,"IMMP appears in the local biotech scanner universe; row is a category-specific EDGAR search target for BANKRUPTCY_OR_WIND_DOWN, not verified evidence",sa_or_distress_8k_url|wind_down_or_bankruptcy_8k_url|outcome_date|chapter_check|price_window,Generated from scan_latest.json. Candidate only. Do not promote without EDGAR/source_evidence verification.
CAND-0166-ROFR_ROFN_CASE-INAB,INAB,"IN8bio, Inc.",ROFR_ROFN_CASE,2018-2024,EDGAR 8-K and 10-K ROFR/ROFN search; source_queries.md Section 1C,https://efts.sec.gov/LATEST/search-index,https://efts.sec.gov/LATEST/search-index?q=INAB+%22IN8bio%2C+Inc.%22+%22right+of+first+refusal%22+OR+%22right+of+first+negotiation%22&forms=8-K%2C10-K%2C10-Q&dateRange=custom&startdt=2018-01-01&enddt=2024-12-31,LOW,LOW,CANDIDATE,"INAB appears in the local biotech scanner universe; row is a category-specific EDGAR search target for ROFR_ROFN_CASE, not verified evidence",agreement_8k_url|exhibit_url|observation_date|rights_holder|rofr_scope|excerpt|outcome_check|price_window,Generated from scan_latest.json. Candidate only. Do not promote without EDGAR/source_evidence verification.
CAND-0167-BANKRUPTCY_OR_WIND_DOWN-INFI,INFI,"Infinity Pharmaceuticals, Inc.",BANKRUPTCY_OR_WIND_DOWN,2018-2024,EDGAR 8-K wind-down and bankruptcy search; source_queries.md Section 1D,https://efts.sec.gov/LATEST/search-index,https://efts.sec.gov/LATEST/search-index?q=INFI+%22Infinity+Pharmaceuticals%2C+Inc.%22+%22wind+down%22+OR+%22chapter+11%22+OR+%22cease+operations%22&forms=8-K&dateRange=custom&startdt=2018-01-01&enddt=2024-12-31,LOW,MED,CANDIDATE,"INFI appears in the local biotech scanner universe; row is a category-specific EDGAR search target for BANKRUPTCY_OR_WIND_DOWN, not verified evidence",sa_or_distress_8k_url|wind_down_or_bankruptcy_8k_url|outcome_date|chapter_check|price_window,Generated from scan_latest.json. Candidate only. Do not promote without EDGAR/source_evidence verification.
CAND-0168-BANKRUPTCY_OR_WIND_DOWN-INVO,INVO,"INVO Bioscience, Inc.",BANKRUPTCY_OR_WIND_DOWN,2018-2024,EDGAR 8-K wind-down and bankruptcy search; source_queries.md Section 1D,https://efts.sec.gov/LATEST/search-index,https://efts.sec.gov/LATEST/search-index?q=INVO+%22INVO+Bioscience%2C+Inc.%22+%22wind+down%22+OR+%22chapter+11%22+OR+%22cease+operations%22&forms=8-K&dateRange=custom&startdt=2018-01-01&enddt=2024-12-31,LOW,MED,CANDIDATE,"INVO appears in the local biotech scanner universe; row is a category-specific EDGAR search target for BANKRUPTCY_OR_WIND_DOWN, not verified evidence",sa_or_distress_8k_url|wind_down_or_bankruptcy_8k_url|outcome_date|chapter_check|price_window,Generated from scan_latest.json. Candidate only. Do not promote without EDGAR/source_evidence verification.
CAND-0169-BANKRUPTCY_OR_WIND_DOWN-KALA,KALA,"KALA BIO, Inc.",BANKRUPTCY_OR_WIND_DOWN,2018-2024,EDGAR 8-K wind-down and bankruptcy search; source_queries.md Section 1D,https://efts.sec.gov/LATEST/search-index,https://efts.sec.gov/LATEST/search-index?q=KALA+%22KALA+BIO%2C+Inc.%22+%22wind+down%22+OR+%22chapter+11%22+OR+%22cease+operations%22&forms=8-K&dateRange=custom&startdt=2018-01-01&enddt=2024-12-31,LOW,MED,CANDIDATE,"KALA appears in the local biotech scanner universe; row is a category-specific EDGAR search target for BANKRUPTCY_OR_WIND_DOWN, not verified evidence",sa_or_distress_8k_url|wind_down_or_bankruptcy_8k_url|outcome_date|chapter_check|price_window,Generated from scan_latest.json. Candidate only. Do not promote without EDGAR/source_evidence verification.
CAND-0170-BANKRUPTCY_OR_WIND_DOWN-LPCN,LPCN,Lipocine Inc.,BANKRUPTCY_OR_WIND_DOWN,2018-2024,EDGAR 8-K wind-down and bankruptcy search; source_queries.md Section 1D,https://efts.sec.gov/LATEST/search-index,https://efts.sec.gov/LATEST/search-index?q=LPCN+%22Lipocine+Inc.%22+%22wind+down%22+OR+%22chapter+11%22+OR+%22cease+operations%22&forms=8-K&dateRange=custom&startdt=2018-01-01&enddt=2024-12-31,LOW,MED,CANDIDATE,"LPCN appears in the local biotech scanner universe; row is a category-specific EDGAR search target for BANKRUPTCY_OR_WIND_DOWN, not verified evidence",sa_or_distress_8k_url|wind_down_or_bankruptcy_8k_url|outcome_date|chapter_check|price_window,Generated from scan_latest.json. Candidate only. Do not promote without EDGAR/source_evidence verification.
CAND-0171-BANKRUPTCY_OR_WIND_DOWN-MCRB,MCRB,"Seres Therapeutics, Inc.",BANKRUPTCY_OR_WIND_DOWN,2018-2024,EDGAR 8-K wind-down and bankruptcy search; source_queries.md Section 1D,https://efts.sec.gov/LATEST/search-index,https://efts.sec.gov/LATEST/search-index?q=MCRB+%22Seres+Therapeutics%2C+Inc.%22+%22wind+down%22+OR+%22chapter+11%22+OR+%22cease+operations%22&forms=8-K&dateRange=custom&startdt=2018-01-01&enddt=2024-12-31,LOW,MED,CANDIDATE,"MCRB appears in the local biotech scanner universe; row is a category-specific EDGAR search target for BANKRUPTCY_OR_WIND_DOWN, not verified evidence",sa_or_distress_8k_url|wind_down_or_bankruptcy_8k_url|outcome_date|chapter_check|price_window,Generated from scan_latest.json. Candidate only. Do not promote without EDGAR/source_evidence verification.
CAND-0172-BANKRUPTCY_OR_WIND_DOWN-MRKR,MRKR,"Marker Therapeutics, Inc.",BANKRUPTCY_OR_WIND_DOWN,2018-2024,EDGAR 8-K wind-down and bankruptcy search; source_queries.md Section 1D,https://efts.sec.gov/LATEST/search-index,https://efts.sec.gov/LATEST/search-index?q=MRKR+%22Marker+Therapeutics%2C+Inc.%22+%22wind+down%22+OR+%22chapter+11%22+OR+%22cease+operations%22&forms=8-K&dateRange=custom&startdt=2018-01-01&enddt=2024-12-31,LOW,MED,CANDIDATE,"MRKR appears in the local biotech scanner universe; row is a category-specific EDGAR search target for BANKRUPTCY_OR_WIND_DOWN, not verified evidence",sa_or_distress_8k_url|wind_down_or_bankruptcy_8k_url|outcome_date|chapter_check|price_window,Generated from scan_latest.json. Candidate only. Do not promote without EDGAR/source_evidence verification.
CAND-0173-BANKRUPTCY_OR_WIND_DOWN-MRNS,MRNS,"Marinus Pharmaceuticals, Inc.",BANKRUPTCY_OR_WIND_DOWN,2018-2024,EDGAR 8-K wind-down and bankruptcy search; source_queries.md Section 1D,https://efts.sec.gov/LATEST/search-index,https://efts.sec.gov/LATEST/search-index?q=MRNS+%22Marinus+Pharmaceuticals%2C+Inc.%22+%22wind+down%22+OR+%22chapter+11%22+OR+%22cease+operations%22&forms=8-K&dateRange=custom&startdt=2018-01-01&enddt=2024-12-31,LOW,MED,CANDIDATE,"MRNS appears in the local biotech scanner universe; row is a category-specific EDGAR search target for BANKRUPTCY_OR_WIND_DOWN, not verified evidence",sa_or_distress_8k_url|wind_down_or_bankruptcy_8k_url|outcome_date|chapter_check|price_window,Generated from scan_latest.json. Candidate only. Do not promote without EDGAR/source_evidence verification.
CAND-0174-BANKRUPTCY_OR_WIND_DOWN-MRSN,MRSN,"Mersana Therapeutics, Inc.",BANKRUPTCY_OR_WIND_DOWN,2018-2024,EDGAR 8-K wind-down and bankruptcy search; source_queries.md Section 1D,https://efts.sec.gov/LATEST/search-index,https://efts.sec.gov/LATEST/search-index?q=MRSN+%22Mersana+Therapeutics%2C+Inc.%22+%22wind+down%22+OR+%22chapter+11%22+OR+%22cease+operations%22&forms=8-K&dateRange=custom&startdt=2018-01-01&enddt=2024-12-31,LOW,MED,CANDIDATE,"MRSN appears in the local biotech scanner universe; row is a category-specific EDGAR search target for BANKRUPTCY_OR_WIND_DOWN, not verified evidence",sa_or_distress_8k_url|wind_down_or_bankruptcy_8k_url|outcome_date|chapter_check|price_window,Generated from scan_latest.json. Candidate only. Do not promote without EDGAR/source_evidence verification.
CAND-0175-BANKRUPTCY_OR_WIND_DOWN-MTNB,MTNB,"Matinas BioPharma Holdings, Inc.",BANKRUPTCY_OR_WIND_DOWN,2018-2024,EDGAR 8-K wind-down and bankruptcy search; source_queries.md Section 1D,https://efts.sec.gov/LATEST/search-index,https://efts.sec.gov/LATEST/search-index?q=MTNB+%22Matinas+BioPharma+Holdings%2C+Inc.%22+%22wind+down%22+OR+%22chapter+11%22+OR+%22cease+operations%22&forms=8-K&dateRange=custom&startdt=2018-01-01&enddt=2024-12-31,LOW,MED,CANDIDATE,"MTNB appears in the local biotech scanner universe; row is a category-specific EDGAR search target for BANKRUPTCY_OR_WIND_DOWN, not verified evidence",sa_or_distress_8k_url|wind_down_or_bankruptcy_8k_url|outcome_date|chapter_check|price_window,Generated from scan_latest.json. Candidate only. Do not promote without EDGAR/source_evidence verification.
CAND-0176-BANKRUPTCY_OR_WIND_DOWN-MYMD,MYMD,"MyMD Pharmaceuticals, Inc.",BANKRUPTCY_OR_WIND_DOWN,2018-2024,EDGAR 8-K wind-down and bankruptcy search; source_queries.md Section 1D,https://efts.sec.gov/LATEST/search-index,https://efts.sec.gov/LATEST/search-index?q=MYMD+%22MyMD+Pharmaceuticals%2C+Inc.%22+%22wind+down%22+OR+%22chapter+11%22+OR+%22cease+operations%22&forms=8-K&dateRange=custom&startdt=2018-01-01&enddt=2024-12-31,LOW,MED,CANDIDATE,"MYMD appears in the local biotech scanner universe; row is a category-specific EDGAR search target for BANKRUPTCY_OR_WIND_DOWN, not verified evidence",sa_or_distress_8k_url|wind_down_or_bankruptcy_8k_url|outcome_date|chapter_check|price_window,Generated from scan_latest.json. Candidate only. Do not promote without EDGAR/source_evidence verification.
CAND-0177-ASSET_SALE-NERV,NERV,"Minerva Neurosciences, Inc.",ASSET_SALE,2018-2024,EDGAR 8-K asset purchase agreement search; source_queries.md Section 1E,https://efts.sec.gov/LATEST/search-index,https://efts.sec.gov/LATEST/search-index?q=NERV+%22Minerva+Neurosciences%2C+Inc.%22+%22asset+purchase+agreement%22+%22program%22&forms=8-K&dateRange=custom&startdt=2018-01-01&enddt=2024-12-31,LOW,LOW,CANDIDATE,"NERV appears in the local biotech scanner universe; row is a category-specific EDGAR search target for ASSET_SALE, not verified evidence",asset_sale_8k_url|asset_description|buyer|consideration|retained_company_status|price_window,Generated from scan_latest.json. Candidate only. Do not promote without EDGAR/source_evidence verification.
CAND-0178-BANKRUPTCY_OR_WIND_DOWN-NKGN,NKGN,"NKGen Biotech, Inc. Common Stock",BANKRUPTCY_OR_WIND_DOWN,2018-2024,EDGAR 8-K wind-down and bankruptcy search; source_queries.md Section 1D,https://efts.sec.gov/LATEST/search-index,https://efts.sec.gov/LATEST/search-index?q=NKGN+%22NKGen+Biotech%2C+Inc.+Common+Stock%22+%22wind+down%22+OR+%22chapter+11%22+OR+%22cease+operations%22&forms=8-K&dateRange=custom&startdt=2018-01-01&enddt=2024-12-31,LOW,MED,CANDIDATE,"NKGN appears in the local biotech scanner universe; row is a category-specific EDGAR search target for BANKRUPTCY_OR_WIND_DOWN, not verified evidence",sa_or_distress_8k_url|wind_down_or_bankruptcy_8k_url|outcome_date|chapter_check|price_window,Generated from scan_latest.json. Candidate only. Do not promote without EDGAR/source_evidence verification.
CAND-0179-BANKRUPTCY_OR_WIND_DOWN-NRXP,NRXP,"NRx Pharmaceuticals, Inc.",BANKRUPTCY_OR_WIND_DOWN,2018-2024,EDGAR 8-K wind-down and bankruptcy search; source_queries.md Section 1D,https://efts.sec.gov/LATEST/search-index,https://efts.sec.gov/LATEST/search-index?q=NRXP+%22NRx+Pharmaceuticals%2C+Inc.%22+%22wind+down%22+OR+%22chapter+11%22+OR+%22cease+operations%22&forms=8-K&dateRange=custom&startdt=2018-01-01&enddt=2024-12-31,LOW,MED,CANDIDATE,"NRXP appears in the local biotech scanner universe; row is a category-specific EDGAR search target for BANKRUPTCY_OR_WIND_DOWN, not verified evidence",sa_or_distress_8k_url|wind_down_or_bankruptcy_8k_url|outcome_date|chapter_check|price_window,Generated from scan_latest.json. Candidate only. Do not promote without EDGAR/source_evidence verification.
CAND-0180-REVERSE_MERGER-OABI,OABI,"OmniAb, Inc.",REVERSE_MERGER,2018-2024,EDGAR 8-K reverse merger and strategic alternatives follow-up search,https://efts.sec.gov/LATEST/search-index,https://efts.sec.gov/LATEST/search-index?q=OABI+%22OmniAb%2C+Inc.%22+%22strategic+alternatives%22+%22reverse+merger%22&forms=8-K&dateRange=custom&startdt=2018-01-01&enddt=2024-12-31,LOW,LOW,CANDIDATE,"OABI appears in the local biotech scanner universe; row is a category-specific EDGAR search target for REVERSE_MERGER, not verified evidence",sa_8k_url|reverse_merger_8k_url|counterparty|deal_structure|outcome_date|price_window,Generated from scan_latest.json. Candidate only. Do not promote without EDGAR/source_evidence verification.
CAND-0181-BANKRUPTCY_OR_WIND_DOWN-ONCT,ONCT,"Oncternal Therapeutics, Inc.",BANKRUPTCY_OR_WIND_DOWN,2018-2024,EDGAR 8-K wind-down and bankruptcy search; source_queries.md Section 1D,https://efts.sec.gov/LATEST/search-index,https://efts.sec.gov/LATEST/search-index?q=ONCT+%22Oncternal+Therapeutics%2C+Inc.%22+%22wind+down%22+OR+%22chapter+11%22+OR+%22cease+operations%22&forms=8-K&dateRange=custom&startdt=2018-01-01&enddt=2024-12-31,LOW,MED,CANDIDATE,"ONCT appears in the local biotech scanner universe; row is a category-specific EDGAR search target for BANKRUPTCY_OR_WIND_DOWN, not verified evidence",sa_or_distress_8k_url|wind_down_or_bankruptcy_8k_url|outcome_date|chapter_check|price_window,Generated from scan_latest.json. Candidate only. Do not promote without EDGAR/source_evidence verification.
CAND-0182-BANKRUPTCY_OR_WIND_DOWN-ONCY,ONCY,Oncolytics Biotech Inc.,BANKRUPTCY_OR_WIND_DOWN,2018-2024,EDGAR 8-K wind-down and bankruptcy search; source_queries.md Section 1D,https://efts.sec.gov/LATEST/search-index,https://efts.sec.gov/LATEST/search-index?q=ONCY+%22Oncolytics+Biotech+Inc.%22+%22wind+down%22+OR+%22chapter+11%22+OR+%22cease+operations%22&forms=8-K&dateRange=custom&startdt=2018-01-01&enddt=2024-12-31,LOW,MED,CANDIDATE,"ONCY appears in the local biotech scanner universe; row is a category-specific EDGAR search target for BANKRUPTCY_OR_WIND_DOWN, not verified evidence",sa_or_distress_8k_url|wind_down_or_bankruptcy_8k_url|outcome_date|chapter_check|price_window,Generated from scan_latest.json. Candidate only. Do not promote without EDGAR/source_evidence verification.
CAND-0183-BANKRUPTCY_OR_WIND_DOWN-ONTX,ONTX,"Onconova Therapeutics, Inc.",BANKRUPTCY_OR_WIND_DOWN,2018-2024,EDGAR 8-K wind-down and bankruptcy search; source_queries.md Section 1D,https://efts.sec.gov/LATEST/search-index,https://efts.sec.gov/LATEST/search-index?q=ONTX+%22Onconova+Therapeutics%2C+Inc.%22+%22wind+down%22+OR+%22chapter+11%22+OR+%22cease+operations%22&forms=8-K&dateRange=custom&startdt=2018-01-01&enddt=2024-12-31,LOW,MED,CANDIDATE,"ONTX appears in the local biotech scanner universe; row is a category-specific EDGAR search target for BANKRUPTCY_OR_WIND_DOWN, not verified evidence",sa_or_distress_8k_url|wind_down_or_bankruptcy_8k_url|outcome_date|chapter_check|price_window,Generated from scan_latest.json. Candidate only. Do not promote without EDGAR/source_evidence verification.
CAND-0184-BANKRUPTCY_OR_WIND_DOWN-OTRK,OTRK,"Ontrak, Inc.",BANKRUPTCY_OR_WIND_DOWN,2018-2024,EDGAR 8-K wind-down and bankruptcy search; source_queries.md Section 1D,https://efts.sec.gov/LATEST/search-index,https://efts.sec.gov/LATEST/search-index?q=OTRK+%22Ontrak%2C+Inc.%22+%22wind+down%22+OR+%22chapter+11%22+OR+%22cease+operations%22&forms=8-K&dateRange=custom&startdt=2018-01-01&enddt=2024-12-31,LOW,MED,CANDIDATE,"OTRK appears in the local biotech scanner universe; row is a category-specific EDGAR search target for BANKRUPTCY_OR_WIND_DOWN, not verified evidence",sa_or_distress_8k_url|wind_down_or_bankruptcy_8k_url|outcome_date|chapter_check|price_window,Generated from scan_latest.json. Candidate only. Do not promote without EDGAR/source_evidence verification.
CAND-0185-GOVERNANCE_ONLY_13D-PLRX,PLRX,"Pliant Therapeutics, Inc.",GOVERNANCE_ONLY_13D,2018-2024,EDGAR SC 13D Item 4 governance phrase search; item4_parser governance-only calibration queue,https://www.sec.gov/edgar/search/,https://efts.sec.gov/LATEST/search-index?q=PLRX+%22Pliant+Therapeutics%2C+Inc.%22+%22Item+4%22+%22board+of+directors%22+%22governance%22&forms=SC+13D%2CSC+13D%2FA&dateRange=custom&startdt=2018-01-01&enddt=2024-12-31,LOW,LOW,CANDIDATE,"PLRX appears in the local biotech scanner universe; row is a category-specific EDGAR search target for GOVERNANCE_ONLY_13D, not verified evidence",initial_13d_url|filing_date|activist_filer|item4_text|governance_only_classification|outcome_check,Generated from scan_latest.json. Candidate only. Do not promote without EDGAR/source_evidence verification.
CAND-0186-BANKRUPTCY_OR_WIND_DOWN-PMVP,PMVP,"PMV Pharmaceuticals, Inc.",BANKRUPTCY_OR_WIND_DOWN,2018-2024,EDGAR 8-K wind-down and bankruptcy search; source_queries.md Section 1D,https://efts.sec.gov/LATEST/search-index,https://efts.sec.gov/LATEST/search-index?q=PMVP+%22PMV+Pharmaceuticals%2C+Inc.%22+%22wind+down%22+OR+%22chapter+11%22+OR+%22cease+operations%22&forms=8-K&dateRange=custom&startdt=2018-01-01&enddt=2024-12-31,LOW,MED,CANDIDATE,"PMVP appears in the local biotech scanner universe; row is a category-specific EDGAR search target for BANKRUPTCY_OR_WIND_DOWN, not verified evidence",sa_or_distress_8k_url|wind_down_or_bankruptcy_8k_url|outcome_date|chapter_check|price_window,Generated from scan_latest.json. Candidate only. Do not promote without EDGAR/source_evidence verification.
CAND-0187-ASSET_SALE-PPBT,PPBT,Purple Biotech Ltd.,ASSET_SALE,2018-2024,EDGAR 8-K asset purchase agreement search; source_queries.md Section 1E,https://efts.sec.gov/LATEST/search-index,https://efts.sec.gov/LATEST/search-index?q=PPBT+%22Purple+Biotech+Ltd.%22+%22asset+purchase+agreement%22+%22program%22&forms=8-K&dateRange=custom&startdt=2018-01-01&enddt=2024-12-31,LOW,LOW,CANDIDATE,"PPBT appears in the local biotech scanner universe; row is a category-specific EDGAR search target for ASSET_SALE, not verified evidence",asset_sale_8k_url|asset_description|buyer|consideration|retained_company_status|price_window,Generated from scan_latest.json. Candidate only. Do not promote without EDGAR/source_evidence verification.
CAND-0188-CAPITAL_RAISE_AFTER_PROCESS-PRTK,PRTK,"Paratek Pharmaceuticals, Inc.",CAPITAL_RAISE_AFTER_PROCESS,2018-2024,EDGAR 8-K/S-3 capital raise search after process language,https://www.sec.gov/edgar/search/,https://efts.sec.gov/LATEST/search-index?q=PRTK+%22Paratek+Pharmaceuticals%2C+Inc.%22+%22strategic+alternatives%22+%22registered+direct+offering%22&forms=8-K%2CS-3%2C424B5&dateRange=custom&startdt=2018-01-01&enddt=2024-12-31,LOW,LOW,CANDIDATE,"PRTK appears in the local biotech scanner universe; row is a category-specific EDGAR search target for CAPITAL_RAISE_AFTER_PROCESS, not verified evidence",sa_or_process_8k_url|capital_raise_8k_or_s3_url|raise_date|raise_size|outcome_check|price_window,Generated from scan_latest.json. Candidate only. Do not promote without EDGAR/source_evidence verification.
CAND-0189-BANKRUPTCY_OR_WIND_DOWN-RMTI,RMTI,"Rockwell Medical, Inc.",BANKRUPTCY_OR_WIND_DOWN,2018-2024,EDGAR 8-K wind-down and bankruptcy search; source_queries.md Section 1D,https://efts.sec.gov/LATEST/search-index,https://efts.sec.gov/LATEST/search-index?q=RMTI+%22Rockwell+Medical%2C+Inc.%22+%22wind+down%22+OR+%22chapter+11%22+OR+%22cease+operations%22&forms=8-K&dateRange=custom&startdt=2018-01-01&enddt=2024-12-31,LOW,LOW,CANDIDATE,"RMTI appears in the local biotech scanner universe; row is a category-specific EDGAR search target for BANKRUPTCY_OR_WIND_DOWN, not verified evidence",sa_or_distress_8k_url|wind_down_or_bankruptcy_8k_url|outcome_date|chapter_check|price_window,Generated from scan_latest.json. Candidate only. Do not promote without EDGAR/source_evidence verification.
CAND-0190-BANKRUPTCY_OR_WIND_DOWN-RVPH,RVPH,"Reviva Pharmaceuticals Holdings, Inc.",BANKRUPTCY_OR_WIND_DOWN,2018-2024,EDGAR 8-K wind-down and bankruptcy search; source_queries.md Section 1D,https://efts.sec.gov/LATEST/search-index,https://efts.sec.gov/LATEST/search-index?q=RVPH+%22Reviva+Pharmaceuticals+Holdings%2C+Inc.%22+%22wind+down%22+OR+%22chapter+11%22+OR+%22cease+operations%22&forms=8-K&dateRange=custom&startdt=2018-01-01&enddt=2024-12-31,LOW,MED,CANDIDATE,"RVPH appears in the local biotech scanner universe; row is a category-specific EDGAR search target for BANKRUPTCY_OR_WIND_DOWN, not verified evidence",sa_or_distress_8k_url|wind_down_or_bankruptcy_8k_url|outcome_date|chapter_check|price_window,Generated from scan_latest.json. Candidate only. Do not promote without EDGAR/source_evidence verification.
CAND-0191-BANKRUPTCY_OR_WIND_DOWN-SABS,SABS,"SAB Biotherapeutics, Inc.",BANKRUPTCY_OR_WIND_DOWN,2018-2024,EDGAR 8-K wind-down and bankruptcy search; source_queries.md Section 1D,https://efts.sec.gov/LATEST/search-index,https://efts.sec.gov/LATEST/search-index?q=SABS+%22SAB+Biotherapeutics%2C+Inc.%22+%22wind+down%22+OR+%22chapter+11%22+OR+%22cease+operations%22&forms=8-K&dateRange=custom&startdt=2018-01-01&enddt=2024-12-31,LOW,MED,CANDIDATE,"SABS appears in the local biotech scanner universe; row is a category-specific EDGAR search target for BANKRUPTCY_OR_WIND_DOWN, not verified evidence",sa_or_distress_8k_url|wind_down_or_bankruptcy_8k_url|outcome_date|chapter_check|price_window,Generated from scan_latest.json. Candidate only. Do not promote without EDGAR/source_evidence verification.
CAND-0192-FAILED_STRATEGIC_REVIEW-SAVA,SAVA,"Cassava Sciences, Inc.",FAILED_STRATEGIC_REVIEW,2018-2024,EDGAR 8-K strategic alternatives search; source_queries.md Section 1A,https://efts.sec.gov/LATEST/search-index,https://efts.sec.gov/LATEST/search-index?q=SAVA+%22Cassava+Sciences%2C+Inc.%22+%22strategic+alternatives%22+%22board+of+directors%22&forms=8-K&dateRange=custom&startdt=2018-01-01&enddt=2024-12-31,LOW,LOW,CANDIDATE,"SAVA appears in the local biotech scanner universe; row is a category-specific EDGAR search target for FAILED_STRATEGIC_REVIEW, not verified evidence",sa_8k_url|observation_date|sa_excerpt|outcome_check|price_window|no_deal_confirmation,Generated from scan_latest.json. Candidate only. Do not promote without EDGAR/source_evidence verification.
CAND-0193-BANKRUPTCY_OR_WIND_DOWN-SGMO,SGMO,"Sangamo Therapeutics, Inc.",BANKRUPTCY_OR_WIND_DOWN,2018-2024,EDGAR 8-K wind-down and bankruptcy search; source_queries.md Section 1D,https://efts.sec.gov/LATEST/search-index,https://efts.sec.gov/LATEST/search-index?q=SGMO+%22Sangamo+Therapeutics%2C+Inc.%22+%22wind+down%22+OR+%22chapter+11%22+OR+%22cease+operations%22&forms=8-K&dateRange=custom&startdt=2018-01-01&enddt=2024-12-31,LOW,MED,CANDIDATE,"SGMO appears in the local biotech scanner universe; row is a category-specific EDGAR search target for BANKRUPTCY_OR_WIND_DOWN, not verified evidence",sa_or_distress_8k_url|wind_down_or_bankruptcy_8k_url|outcome_date|chapter_check|price_window,Generated from scan_latest.json. Candidate only. Do not promote without EDGAR/source_evidence verification.
CAND-0194-BANKRUPTCY_OR_WIND_DOWN-SLRX,SLRX,"Salarius Pharmaceuticals, Inc.",BANKRUPTCY_OR_WIND_DOWN,2018-2024,EDGAR 8-K wind-down and bankruptcy search; source_queries.md Section 1D,https://efts.sec.gov/LATEST/search-index,https://efts.sec.gov/LATEST/search-index?q=SLRX+%22Salarius+Pharmaceuticals%2C+Inc.%22+%22wind+down%22+OR+%22chapter+11%22+OR+%22cease+operations%22&forms=8-K&dateRange=custom&startdt=2018-01-01&enddt=2024-12-31,LOW,MED,CANDIDATE,"SLRX appears in the local biotech scanner universe; row is a category-specific EDGAR search target for BANKRUPTCY_OR_WIND_DOWN, not verified evidence",sa_or_distress_8k_url|wind_down_or_bankruptcy_8k_url|outcome_date|chapter_check|price_window,Generated from scan_latest.json. Candidate only. Do not promote without EDGAR/source_evidence verification.
CAND-0195-BANKRUPTCY_OR_WIND_DOWN-SNGX,SNGX,"Soligenix, Inc.",BANKRUPTCY_OR_WIND_DOWN,2018-2024,EDGAR 8-K wind-down and bankruptcy search; source_queries.md Section 1D,https://efts.sec.gov/LATEST/search-index,https://efts.sec.gov/LATEST/search-index?q=SNGX+%22Soligenix%2C+Inc.%22+%22wind+down%22+OR+%22chapter+11%22+OR+%22cease+operations%22&forms=8-K&dateRange=custom&startdt=2018-01-01&enddt=2024-12-31,LOW,MED,CANDIDATE,"SNGX appears in the local biotech scanner universe; row is a category-specific EDGAR search target for BANKRUPTCY_OR_WIND_DOWN, not verified evidence",sa_or_distress_8k_url|wind_down_or_bankruptcy_8k_url|outcome_date|chapter_check|price_window,Generated from scan_latest.json. Candidate only. Do not promote without EDGAR/source_evidence verification.
CAND-0196-BANKRUPTCY_OR_WIND_DOWN-SPRO,SPRO,"Spero Therapeutics, Inc.",BANKRUPTCY_OR_WIND_DOWN,2018-2024,EDGAR 8-K wind-down and bankruptcy search; source_queries.md Section 1D,https://efts.sec.gov/LATEST/search-index,https://efts.sec.gov/LATEST/search-index?q=SPRO+%22Spero+Therapeutics%2C+Inc.%22+%22wind+down%22+OR+%22chapter+11%22+OR+%22cease+operations%22&forms=8-K&dateRange=custom&startdt=2018-01-01&enddt=2024-12-31,LOW,MED,CANDIDATE,"SPRO appears in the local biotech scanner universe; row is a category-specific EDGAR search target for BANKRUPTCY_OR_WIND_DOWN, not verified evidence",sa_or_distress_8k_url|wind_down_or_bankruptcy_8k_url|outcome_date|chapter_check|price_window,Generated from scan_latest.json. Candidate only. Do not promote without EDGAR/source_evidence verification.
CAND-0197-ASSET_SALE-STAB,STAB,"Statera Biopharma, Inc.",ASSET_SALE,2018-2024,EDGAR 8-K asset purchase agreement search; source_queries.md Section 1E,https://efts.sec.gov/LATEST/search-index,https://efts.sec.gov/LATEST/search-index?q=STAB+%22Statera+Biopharma%2C+Inc.%22+%22asset+purchase+agreement%22+%22program%22&forms=8-K&dateRange=custom&startdt=2018-01-01&enddt=2024-12-31,LOW,LOW,CANDIDATE,"STAB appears in the local biotech scanner universe; row is a category-specific EDGAR search target for ASSET_SALE, not verified evidence",asset_sale_8k_url|asset_description|buyer|consideration|retained_company_status|price_window,Generated from scan_latest.json. Candidate only. Do not promote without EDGAR/source_evidence verification.
CAND-0198-CAPITAL_RAISE_AFTER_PROCESS-SYRS,SYRS,"Syros Pharmaceuticals, Inc.",CAPITAL_RAISE_AFTER_PROCESS,2018-2024,EDGAR 8-K/S-3 capital raise search after process language,https://www.sec.gov/edgar/search/,https://efts.sec.gov/LATEST/search-index?q=SYRS+%22Syros+Pharmaceuticals%2C+Inc.%22+%22strategic+alternatives%22+%22registered+direct+offering%22&forms=8-K%2CS-3%2C424B5&dateRange=custom&startdt=2018-01-01&enddt=2024-12-31,LOW,LOW,CANDIDATE,"SYRS appears in the local biotech scanner universe; row is a category-specific EDGAR search target for CAPITAL_RAISE_AFTER_PROCESS, not verified evidence",sa_or_process_8k_url|capital_raise_8k_or_s3_url|raise_date|raise_size|outcome_check|price_window,Generated from scan_latest.json. Candidate only. Do not promote without EDGAR/source_evidence verification.
CAND-0199-BANKRUPTCY_OR_WIND_DOWN-TPST,TPST,"Tempest Therapeutics, Inc.",BANKRUPTCY_OR_WIND_DOWN,2018-2024,EDGAR 8-K wind-down and bankruptcy search; source_queries.md Section 1D,https://efts.sec.gov/LATEST/search-index,https://efts.sec.gov/LATEST/search-index?q=TPST+%22Tempest+Therapeutics%2C+Inc.%22+%22wind+down%22+OR+%22chapter+11%22+OR+%22cease+operations%22&forms=8-K&dateRange=custom&startdt=2018-01-01&enddt=2024-12-31,LOW,MED,CANDIDATE,"TPST appears in the local biotech scanner universe; row is a category-specific EDGAR search target for BANKRUPTCY_OR_WIND_DOWN, not verified evidence",sa_or_distress_8k_url|wind_down_or_bankruptcy_8k_url|outcome_date|chapter_check|price_window,Generated from scan_latest.json. Candidate only. Do not promote without EDGAR/source_evidence verification.
CAND-0200-BANKRUPTCY_OR_WIND_DOWN-VERU,VERU,Veru Inc.,BANKRUPTCY_OR_WIND_DOWN,2018-2024,EDGAR 8-K wind-down and bankruptcy search; source_queries.md Section 1D,https://efts.sec.gov/LATEST/search-index,https://efts.sec.gov/LATEST/search-index?q=VERU+%22Veru+Inc.%22+%22wind+down%22+OR+%22chapter+11%22+OR+%22cease+operations%22&forms=8-K&dateRange=custom&startdt=2018-01-01&enddt=2024-12-31,LOW,MED,CANDIDATE,"VERU appears in the local biotech scanner universe; row is a category-specific EDGAR search target for BANKRUPTCY_OR_WIND_DOWN, not verified evidence",sa_or_distress_8k_url|wind_down_or_bankruptcy_8k_url|outcome_date|chapter_check|price_window,Generated from scan_latest.json. Candidate only. Do not promote without EDGAR/source_evidence verification.
CAND-0201-COMPLETED_DEAL-VTYX,VTYX,"Ventyx Biosciences, Inc.",COMPLETED_DEAL,2018-2024,BioPharma Dive M&A tracker; Biotechgate M&A archives; EDGAR 8-K merger agreement search,https://www.biopharmadive.com/news/biotech-pharma-deals-merger-acquisitions-tracker/604262/,https://efts.sec.gov/LATEST/search-index?q=VTYX+%22Ventyx+Biosciences%2C+Inc.%22+%22agreement+and+plan+of+merger%22+%22per+share%22&forms=8-K&dateRange=custom&startdt=2018-01-01&enddt=2024-12-31,LOW,LOW,CANDIDATE,"VTYX appears in the local biotech scanner universe; row is a category-specific EDGAR search target for COMPLETED_DEAL, not verified evidence",merger_8k_url|merger_filing_date|deal_date|deal_price_per_share|acquirer|prior_process_signal_search|price_window,Generated from scan_latest.json. Candidate only. Do not promote without EDGAR/source_evidence verification.
CAND-0202-FAILED_STRATEGIC_REVIEW-XBIO,XBIO,"Xenetic Biosciences, Inc.",FAILED_STRATEGIC_REVIEW,2018-2024,EDGAR 8-K strategic alternatives search; source_queries.md Section 1A,https://efts.sec.gov/LATEST/search-index,https://efts.sec.gov/LATEST/search-index?q=XBIO+%22Xenetic+Biosciences%2C+Inc.%22+%22strategic+alternatives%22+%22board+of+directors%22&forms=8-K&dateRange=custom&startdt=2018-01-01&enddt=2024-12-31,LOW,LOW,CANDIDATE,"XBIO appears in the local biotech scanner universe; row is a category-specific EDGAR search target for FAILED_STRATEGIC_REVIEW, not verified evidence",sa_8k_url|observation_date|sa_excerpt|outcome_check|price_window|no_deal_confirmation,Generated from scan_latest.json. Candidate only. Do not promote without EDGAR/source_evidence verification.
CAND-0203-ACTIVIST_13D_NO_DEAL-ZYBT,ZYBT,Zhengye Biotechnology Holding Limited,ACTIVIST_13D_NO_DEAL,2018-2024,EDGAR SC 13D search; WhaleWisdom / 13D Monitor cross-check; source_queries.md Section 1B,https://www.sec.gov/edgar/search/,https://efts.sec.gov/LATEST/search-index?q=ZYBT+%22Zhengye+Biotechnology+Holding+Limited%22+%22Item+4%22+%22board+representation%22&forms=SC+13D%2CSC+13D%2FA&dateRange=custom&startdt=2018-01-01&enddt=2024-12-31,LOW,LOW,CANDIDATE,"ZYBT appears in the local biotech scanner universe; row is a category-specific EDGAR search target for ACTIVIST_13D_NO_DEAL, not verified evidence",initial_13d_url|filing_date|activist_filer|item4_text|item4_intent|outcome_check|price_window,Generated from scan_latest.json. Candidate only. Do not promote without EDGAR/source_evidence verification.
CAND-0204-COMPLETED_DEAL-CNTA,CNTA,Centessa Pharmaceuticals plc,COMPLETED_DEAL,2018-2024,BioPharma Dive M&A tracker; Biotechgate M&A archives; EDGAR 8-K merger agreement search,https://www.biopharmadive.com/news/biotech-pharma-deals-merger-acquisitions-tracker/604262/,https://efts.sec.gov/LATEST/search-index?q=CNTA+%22Centessa+Pharmaceuticals+plc%22+%22agreement+and+plan+of+merger%22+%22per+share%22&forms=8-K&dateRange=custom&startdt=2018-01-01&enddt=2024-12-31,LOW,LOW,CANDIDATE,"CNTA appears in the local biotech scanner universe; row is a category-specific EDGAR search target for COMPLETED_DEAL, not verified evidence",merger_8k_url|merger_filing_date|deal_date|deal_price_per_share|acquirer|prior_process_signal_search|price_window,Generated from predictions_v12.csv. Candidate only. Do not promote without EDGAR/source_evidence verification.
CAND-0205-COMPLETED_DEAL-TERN,TERN,"Terns Pharmaceuticals, Inc.",COMPLETED_DEAL,2018-2024,BioPharma Dive M&A tracker; Biotechgate M&A archives; EDGAR 8-K merger agreement search,https://www.biopharmadive.com/news/biotech-pharma-deals-merger-acquisitions-tracker/604262/,https://efts.sec.gov/LATEST/search-index?q=TERN+%22Terns+Pharmaceuticals%2C+Inc.%22+%22agreement+and+plan+of+merger%22+%22per+share%22&forms=8-K&dateRange=custom&startdt=2018-01-01&enddt=2024-12-31,LOW,LOW,CANDIDATE,"TERN appears in the local biotech scanner universe; row is a category-specific EDGAR search target for COMPLETED_DEAL, not verified evidence",merger_8k_url|merger_filing_date|deal_date|deal_price_per_share|acquirer|prior_process_signal_search|price_window,Generated from predictions_v12.csv. Candidate only. Do not promote without EDGAR/source_evidence verification.
CAND-0206-COMPLETED_DEAL-RAPT,RAPT,"RAPT Therapeutics, Inc.",COMPLETED_DEAL,2018-2024,BioPharma Dive M&A tracker; Biotechgate M&A archives; EDGAR 8-K merger agreement search,https://www.biopharmadive.com/news/biotech-pharma-deals-merger-acquisitions-tracker/604262/,https://efts.sec.gov/LATEST/search-index?q=RAPT+%22RAPT+Therapeutics%2C+Inc.%22+%22agreement+and+plan+of+merger%22+%22per+share%22&forms=8-K&dateRange=custom&startdt=2018-01-01&enddt=2024-12-31,LOW,LOW,CANDIDATE,"RAPT appears in the local biotech scanner universe; row is a category-specific EDGAR search target for COMPLETED_DEAL, not verified evidence",merger_8k_url|merger_filing_date|deal_date|deal_price_per_share|acquirer|prior_process_signal_search|price_window,Generated from predictions_v12.csv. Candidate only. Do not promote without EDGAR/source_evidence verification.
CAND-0207-COMPLETED_DEAL-SDGR,SDGR,"Schrödinger, Inc.",COMPLETED_DEAL,2018-2024,BioPharma Dive M&A tracker; Biotechgate M&A archives; EDGAR 8-K merger agreement search,https://www.biopharmadive.com/news/biotech-pharma-deals-merger-acquisitions-tracker/604262/,https://efts.sec.gov/LATEST/search-index?q=SDGR+%22Schr%C3%B6dinger%2C+Inc.%22+%22agreement+and+plan+of+merger%22+%22per+share%22&forms=8-K&dateRange=custom&startdt=2018-01-01&enddt=2024-12-31,LOW,LOW,CANDIDATE,"SDGR appears in the local biotech scanner universe; row is a category-specific EDGAR search target for COMPLETED_DEAL, not verified evidence",merger_8k_url|merger_filing_date|deal_date|deal_price_per_share|acquirer|prior_process_signal_search|price_window,Generated from predictions_v12.csv. Candidate only. Do not promote without EDGAR/source_evidence verification.
CAND-0208-COMPLETED_DEAL-TBPH,TBPH,"Theravance Biopharma, Inc.",COMPLETED_DEAL,2018-2024,BioPharma Dive M&A tracker; Biotechgate M&A archives; EDGAR 8-K merger agreement search,https://www.biopharmadive.com/news/biotech-pharma-deals-merger-acquisitions-tracker/604262/,https://efts.sec.gov/LATEST/search-index?q=TBPH+%22Theravance+Biopharma%2C+Inc.%22+%22agreement+and+plan+of+merger%22+%22per+share%22&forms=8-K&dateRange=custom&startdt=2018-01-01&enddt=2024-12-31,LOW,LOW,CANDIDATE,"TBPH appears in the local biotech scanner universe; row is a category-specific EDGAR search target for COMPLETED_DEAL, not verified evidence",merger_8k_url|merger_filing_date|deal_date|deal_price_per_share|acquirer|prior_process_signal_search|price_window,Generated from predictions_v12.csv. Candidate only. Do not promote without EDGAR/source_evidence verification.
CAND-0209-COMPLETED_DEAL-ADCT,ADCT,ADC Therapeutics S.A.,COMPLETED_DEAL,2018-2024,BioPharma Dive M&A tracker; Biotechgate M&A archives; EDGAR 8-K merger agreement search,https://www.biopharmadive.com/news/biotech-pharma-deals-merger-acquisitions-tracker/604262/,https://efts.sec.gov/LATEST/search-index?q=ADCT+%22ADC+Therapeutics+S.A.%22+%22agreement+and+plan+of+merger%22+%22per+share%22&forms=8-K&dateRange=custom&startdt=2018-01-01&enddt=2024-12-31,LOW,LOW,CANDIDATE,"ADCT appears in the local biotech scanner universe; row is a category-specific EDGAR search target for COMPLETED_DEAL, not verified evidence",merger_8k_url|merger_filing_date|deal_date|deal_price_per_share|acquirer|prior_process_signal_search|price_window,Generated from predictions_v12.csv. Candidate only. Do not promote without EDGAR/source_evidence verification.
CAND-0210-COMPLETED_DEAL-DAWN,DAWN,"Day One Biopharmaceuticals, Inc.",COMPLETED_DEAL,2018-2024,BioPharma Dive M&A tracker; Biotechgate M&A archives; EDGAR 8-K merger agreement search,https://www.biopharmadive.com/news/biotech-pharma-deals-merger-acquisitions-tracker/604262/,https://efts.sec.gov/LATEST/search-index?q=DAWN+%22Day+One+Biopharmaceuticals%2C+Inc.%22+%22agreement+and+plan+of+merger%22+%22per+share%22&forms=8-K&dateRange=custom&startdt=2018-01-01&enddt=2024-12-31,LOW,LOW,CANDIDATE,"DAWN appears in the local biotech scanner universe; row is a category-specific EDGAR search target for COMPLETED_DEAL, not verified evidence",merger_8k_url|merger_filing_date|deal_date|deal_price_per_share|acquirer|prior_process_signal_search|price_window,Generated from predictions_v12.csv. Candidate only. Do not promote without EDGAR/source_evidence verification.
CAND-0211-COMPLETED_DEAL-OBIO,OBIO,"Orchestra BioMed Holdings, Inc.",COMPLETED_DEAL,2018-2024,BioPharma Dive M&A tracker; Biotechgate M&A archives; EDGAR 8-K merger agreement search,https://www.biopharmadive.com/news/biotech-pharma-deals-merger-acquisitions-tracker/604262/,https://efts.sec.gov/LATEST/search-index?q=OBIO+%22Orchestra+BioMed+Holdings%2C+Inc.%22+%22agreement+and+plan+of+merger%22+%22per+share%22&forms=8-K&dateRange=custom&startdt=2018-01-01&enddt=2024-12-31,LOW,LOW,CANDIDATE,"OBIO appears in the local biotech scanner universe; row is a category-specific EDGAR search target for COMPLETED_DEAL, not verified evidence",merger_8k_url|merger_filing_date|deal_date|deal_price_per_share|acquirer|prior_process_signal_search|price_window,Generated from predictions_v12.csv. Candidate only. Do not promote without EDGAR/source_evidence verification.
CAND-0212-COMPLETED_DEAL-LGND,LGND,Ligand Pharmaceuticals Incorporated,COMPLETED_DEAL,2018-2024,BioPharma Dive M&A tracker; Biotechgate M&A archives; EDGAR 8-K merger agreement search,https://www.biopharmadive.com/news/biotech-pharma-deals-merger-acquisitions-tracker/604262/,https://efts.sec.gov/LATEST/search-index?q=LGND+%22Ligand+Pharmaceuticals+Incorporated%22+%22agreement+and+plan+of+merger%22+%22per+share%22&forms=8-K&dateRange=custom&startdt=2018-01-01&enddt=2024-12-31,LOW,LOW,CANDIDATE,"LGND appears in the local biotech scanner universe; row is a category-specific EDGAR search target for COMPLETED_DEAL, not verified evidence",merger_8k_url|merger_filing_date|deal_date|deal_price_per_share|acquirer|prior_process_signal_search|price_window,Generated from predictions_v12.csv. Candidate only. Do not promote without EDGAR/source_evidence verification.
CAND-0213-COMPLETED_DEAL-ABUS,ABUS,Arbutus Biopharma Corporation,COMPLETED_DEAL,2018-2024,BioPharma Dive M&A tracker; Biotechgate M&A archives; EDGAR 8-K merger agreement search,https://www.biopharmadive.com/news/biotech-pharma-deals-merger-acquisitions-tracker/604262/,https://efts.sec.gov/LATEST/search-index?q=ABUS+%22Arbutus+Biopharma+Corporation%22+%22agreement+and+plan+of+merger%22+%22per+share%22&forms=8-K&dateRange=custom&startdt=2018-01-01&enddt=2024-12-31,LOW,LOW,CANDIDATE,"ABUS appears in the local biotech scanner universe; row is a category-specific EDGAR search target for COMPLETED_DEAL, not verified evidence",merger_8k_url|merger_filing_date|deal_date|deal_price_per_share|acquirer|prior_process_signal_search|price_window,Generated from predictions_v12.csv. Candidate only. Do not promote without EDGAR/source_evidence verification.
CAND-0214-COMPLETED_DEAL-PAHC,PAHC,Phibro Animal Health Corporation,COMPLETED_DEAL,2018-2024,BioPharma Dive M&A tracker; Biotechgate M&A archives; EDGAR 8-K merger agreement search,https://www.biopharmadive.com/news/biotech-pharma-deals-merger-acquisitions-tracker/604262/,https://efts.sec.gov/LATEST/search-index?q=PAHC+%22Phibro+Animal+Health+Corporation%22+%22agreement+and+plan+of+merger%22+%22per+share%22&forms=8-K&dateRange=custom&startdt=2018-01-01&enddt=2024-12-31,LOW,LOW,CANDIDATE,"PAHC appears in the local biotech scanner universe; row is a category-specific EDGAR search target for COMPLETED_DEAL, not verified evidence",merger_8k_url|merger_filing_date|deal_date|deal_price_per_share|acquirer|prior_process_signal_search|price_window,Generated from predictions_v12.csv. Candidate only. Do not promote without EDGAR/source_evidence verification.
CAND-0215-COMPLETED_DEAL-ACLX,ACLX,"Arcellx, Inc.",COMPLETED_DEAL,2018-2024,BioPharma Dive M&A tracker; Biotechgate M&A archives; EDGAR 8-K merger agreement search,https://www.biopharmadive.com/news/biotech-pharma-deals-merger-acquisitions-tracker/604262/,https://efts.sec.gov/LATEST/search-index?q=ACLX+%22Arcellx%2C+Inc.%22+%22agreement+and+plan+of+merger%22+%22per+share%22&forms=8-K&dateRange=custom&startdt=2018-01-01&enddt=2024-12-31,LOW,LOW,CANDIDATE,"ACLX appears in the local biotech scanner universe; row is a category-specific EDGAR search target for COMPLETED_DEAL, not verified evidence",merger_8k_url|merger_filing_date|deal_date|deal_price_per_share|acquirer|prior_process_signal_search|price_window,Generated from predictions_v12.csv. Candidate only. Do not promote without EDGAR/source_evidence verification.
CAND-0216-COMPLETED_DEAL-AUPH,AUPH,Aurinia Pharmaceuticals Inc.,COMPLETED_DEAL,2018-2024,BioPharma Dive M&A tracker; Biotechgate M&A archives; EDGAR 8-K merger agreement search,https://www.biopharmadive.com/news/biotech-pharma-deals-merger-acquisitions-tracker/604262/,https://efts.sec.gov/LATEST/search-index?q=AUPH+%22Aurinia+Pharmaceuticals+Inc.%22+%22agreement+and+plan+of+merger%22+%22per+share%22&forms=8-K&dateRange=custom&startdt=2018-01-01&enddt=2024-12-31,LOW,LOW,CANDIDATE,"AUPH appears in the local biotech scanner universe; row is a category-specific EDGAR search target for COMPLETED_DEAL, not verified evidence",merger_8k_url|merger_filing_date|deal_date|deal_price_per_share|acquirer|prior_process_signal_search|price_window,Generated from predictions_v12.csv. Candidate only. Do not promote without EDGAR/source_evidence verification.
CAND-0217-COMPLETED_DEAL-BMRN,BMRN,BioMarin Pharmaceutical Inc.,COMPLETED_DEAL,2018-2024,BioPharma Dive M&A tracker; Biotechgate M&A archives; EDGAR 8-K merger agreement search,https://www.biopharmadive.com/news/biotech-pharma-deals-merger-acquisitions-tracker/604262/,https://efts.sec.gov/LATEST/search-index?q=BMRN+%22BioMarin+Pharmaceutical+Inc.%22+%22agreement+and+plan+of+merger%22+%22per+share%22&forms=8-K&dateRange=custom&startdt=2018-01-01&enddt=2024-12-31,LOW,LOW,CANDIDATE,"BMRN appears in the local biotech scanner universe; row is a category-specific EDGAR search target for COMPLETED_DEAL, not verified evidence",merger_8k_url|merger_filing_date|deal_date|deal_price_per_share|acquirer|prior_process_signal_search|price_window,Generated from predictions_v12.csv. Candidate only. Do not promote without EDGAR/source_evidence verification.
CAND-0218-COMPLETED_DEAL-ETNB,ETNB,"89bio, Inc.",COMPLETED_DEAL,2018-2024,BioPharma Dive M&A tracker; Biotechgate M&A archives; EDGAR 8-K merger agreement search,https://www.biopharmadive.com/news/biotech-pharma-deals-merger-acquisitions-tracker/604262/,https://efts.sec.gov/LATEST/search-index?q=ETNB+%2289bio%2C+Inc.%22+%22agreement+and+plan+of+merger%22+%22per+share%22&forms=8-K&dateRange=custom&startdt=2018-01-01&enddt=2024-12-31,LOW,LOW,CANDIDATE,"ETNB appears in the local biotech scanner universe; row is a category-specific EDGAR search target for COMPLETED_DEAL, not verified evidence",merger_8k_url|merger_filing_date|deal_date|deal_price_per_share|acquirer|prior_process_signal_search|price_window,Generated from predictions_v12.csv. Candidate only. Do not promote without EDGAR/source_evidence verification.
CAND-0219-COMPLETED_DEAL-FLGT,FLGT,"Fulgent Genetics, Inc.",COMPLETED_DEAL,2018-2024,BioPharma Dive M&A tracker; Biotechgate M&A archives; EDGAR 8-K merger agreement search,https://www.biopharmadive.com/news/biotech-pharma-deals-merger-acquisitions-tracker/604262/,https://efts.sec.gov/LATEST/search-index?q=FLGT+%22Fulgent+Genetics%2C+Inc.%22+%22agreement+and+plan+of+merger%22+%22per+share%22&forms=8-K&dateRange=custom&startdt=2018-01-01&enddt=2024-12-31,LOW,LOW,CANDIDATE,"FLGT appears in the local biotech scanner universe; row is a category-specific EDGAR search target for COMPLETED_DEAL, not verified evidence",merger_8k_url|merger_filing_date|deal_date|deal_price_per_share|acquirer|prior_process_signal_search|price_window,Generated from predictions_v12.csv. Candidate only. Do not promote without EDGAR/source_evidence verification.
CAND-0220-COMPLETED_DEAL-MNKD,MNKD,MannKind Corporation,COMPLETED_DEAL,2018-2024,BioPharma Dive M&A tracker; Biotechgate M&A archives; EDGAR 8-K merger agreement search,https://www.biopharmadive.com/news/biotech-pharma-deals-merger-acquisitions-tracker/604262/,https://efts.sec.gov/LATEST/search-index?q=MNKD+%22MannKind+Corporation%22+%22agreement+and+plan+of+merger%22+%22per+share%22&forms=8-K&dateRange=custom&startdt=2018-01-01&enddt=2024-12-31,LOW,LOW,CANDIDATE,"MNKD appears in the local biotech scanner universe; row is a category-specific EDGAR search target for COMPLETED_DEAL, not verified evidence",merger_8k_url|merger_filing_date|deal_date|deal_price_per_share|acquirer|prior_process_signal_search|price_window,Generated from predictions_v12.csv. Candidate only. Do not promote without EDGAR/source_evidence verification.
CAND-0221-COMPLETED_DEAL-NBIX,NBIX,"Neurocrine Biosciences, Inc.",COMPLETED_DEAL,2018-2024,BioPharma Dive M&A tracker; Biotechgate M&A archives; EDGAR 8-K merger agreement search,https://www.biopharmadive.com/news/biotech-pharma-deals-merger-acquisitions-tracker/604262/,https://efts.sec.gov/LATEST/search-index?q=NBIX+%22Neurocrine+Biosciences%2C+Inc.%22+%22agreement+and+plan+of+merger%22+%22per+share%22&forms=8-K&dateRange=custom&startdt=2018-01-01&enddt=2024-12-31,LOW,LOW,CANDIDATE,"NBIX appears in the local biotech scanner universe; row is a category-specific EDGAR search target for COMPLETED_DEAL, not verified evidence",merger_8k_url|merger_filing_date|deal_date|deal_price_per_share|acquirer|prior_process_signal_search|price_window,Generated from predictions_v12.csv. Candidate only. Do not promote without EDGAR/source_evidence verification.
CAND-0222-COMPLETED_DEAL-YMAB,YMAB,"Y-mAbs Therapeutics, Inc.",COMPLETED_DEAL,2018-2024,BioPharma Dive M&A tracker; Biotechgate M&A archives; EDGAR 8-K merger agreement search,https://www.biopharmadive.com/news/biotech-pharma-deals-merger-acquisitions-tracker/604262/,https://efts.sec.gov/LATEST/search-index?q=YMAB+%22Y-mAbs+Therapeutics%2C+Inc.%22+%22agreement+and+plan+of+merger%22+%22per+share%22&forms=8-K&dateRange=custom&startdt=2018-01-01&enddt=2024-12-31,LOW,LOW,CANDIDATE,"YMAB appears in the local biotech scanner universe; row is a category-specific EDGAR search target for COMPLETED_DEAL, not verified evidence",merger_8k_url|merger_filing_date|deal_date|deal_price_per_share|acquirer|prior_process_signal_search|price_window,Generated from predictions_v12.csv. Candidate only. Do not promote without EDGAR/source_evidence verification.
CAND-0223-COMPLETED_DEAL-ESPR,ESPR,"Esperion Therapeutics, Inc.",COMPLETED_DEAL,2018-2024,BioPharma Dive M&A tracker; Biotechgate M&A archives; EDGAR 8-K merger agreement search,https://www.biopharmadive.com/news/biotech-pharma-deals-merger-acquisitions-tracker/604262/,https://efts.sec.gov/LATEST/search-index?q=ESPR+%22Esperion+Therapeutics%2C+Inc.%22+%22agreement+and+plan+of+merger%22+%22per+share%22&forms=8-K&dateRange=custom&startdt=2018-01-01&enddt=2024-12-31,LOW,LOW,CANDIDATE,"ESPR appears in the local biotech scanner universe; row is a category-specific EDGAR search target for COMPLETED_DEAL, not verified evidence",merger_8k_url|merger_filing_date|deal_date|deal_price_per_share|acquirer|prior_process_signal_search|price_window,Generated from predictions_v12.csv. Candidate only. Do not promote without EDGAR/source_evidence verification.
CAND-0224-COMPLETED_DEAL-ADMA,ADMA,"ADMA Biologics, Inc.",COMPLETED_DEAL,2018-2024,BioPharma Dive M&A tracker; Biotechgate M&A archives; EDGAR 8-K merger agreement search,https://www.biopharmadive.com/news/biotech-pharma-deals-merger-acquisitions-tracker/604262/,https://efts.sec.gov/LATEST/search-index?q=ADMA+%22ADMA+Biologics%2C+Inc.%22+%22agreement+and+plan+of+merger%22+%22per+share%22&forms=8-K&dateRange=custom&startdt=2018-01-01&enddt=2024-12-31,LOW,LOW,CANDIDATE,"ADMA appears in the local biotech scanner universe; row is a category-specific EDGAR search target for COMPLETED_DEAL, not verified evidence",merger_8k_url|merger_filing_date|deal_date|deal_price_per_share|acquirer|prior_process_signal_search|price_window,Generated from predictions_v12.csv. Candidate only. Do not promote without EDGAR/source_evidence verification.
CAND-0225-COMPLETED_DEAL-ALKS,ALKS,Alkermes plc,COMPLETED_DEAL,2018-2024,BioPharma Dive M&A tracker; Biotechgate M&A archives; EDGAR 8-K merger agreement search,https://www.biopharmadive.com/news/biotech-pharma-deals-merger-acquisitions-tracker/604262/,https://efts.sec.gov/LATEST/search-index?q=ALKS+%22Alkermes+plc%22+%22agreement+and+plan+of+merger%22+%22per+share%22&forms=8-K&dateRange=custom&startdt=2018-01-01&enddt=2024-12-31,LOW,LOW,CANDIDATE,"ALKS appears in the local biotech scanner universe; row is a category-specific EDGAR search target for COMPLETED_DEAL, not verified evidence",merger_8k_url|merger_filing_date|deal_date|deal_price_per_share|acquirer|prior_process_signal_search|price_window,Generated from predictions_v12.csv. Candidate only. Do not promote without EDGAR/source_evidence verification.
CAND-0226-COMPLETED_DEAL-ALVO,ALVO,Alvotech,COMPLETED_DEAL,2018-2024,BioPharma Dive M&A tracker; Biotechgate M&A archives; EDGAR 8-K merger agreement search,https://www.biopharmadive.com/news/biotech-pharma-deals-merger-acquisitions-tracker/604262/,https://efts.sec.gov/LATEST/search-index?q=ALVO+%22Alvotech%22+%22agreement+and+plan+of+merger%22+%22per+share%22&forms=8-K&dateRange=custom&startdt=2018-01-01&enddt=2024-12-31,LOW,LOW,CANDIDATE,"ALVO appears in the local biotech scanner universe; row is a category-specific EDGAR search target for COMPLETED_DEAL, not verified evidence",merger_8k_url|merger_filing_date|deal_date|deal_price_per_share|acquirer|prior_process_signal_search|price_window,Generated from predictions_v12.csv. Candidate only. Do not promote without EDGAR/source_evidence verification.
CAND-0227-COMPLETED_DEAL-AMPH,AMPH,"Amphastar Pharmaceuticals, Inc.",COMPLETED_DEAL,2018-2024,BioPharma Dive M&A tracker; Biotechgate M&A archives; EDGAR 8-K merger agreement search,https://www.biopharmadive.com/news/biotech-pharma-deals-merger-acquisitions-tracker/604262/,https://efts.sec.gov/LATEST/search-index?q=AMPH+%22Amphastar+Pharmaceuticals%2C+Inc.%22+%22agreement+and+plan+of+merger%22+%22per+share%22&forms=8-K&dateRange=custom&startdt=2018-01-01&enddt=2024-12-31,LOW,LOW,CANDIDATE,"AMPH appears in the local biotech scanner universe; row is a category-specific EDGAR search target for COMPLETED_DEAL, not verified evidence",merger_8k_url|merger_filing_date|deal_date|deal_price_per_share|acquirer|prior_process_signal_search|price_window,Generated from predictions_v12.csv. Candidate only. Do not promote without EDGAR/source_evidence verification.
CAND-0228-COMPLETED_DEAL-ANIK,ANIK,"Anika Therapeutics, Inc.",COMPLETED_DEAL,2018-2024,BioPharma Dive M&A tracker; Biotechgate M&A archives; EDGAR 8-K merger agreement search,https://www.biopharmadive.com/news/biotech-pharma-deals-merger-acquisitions-tracker/604262/,https://efts.sec.gov/LATEST/search-index?q=ANIK+%22Anika+Therapeutics%2C+Inc.%22+%22agreement+and+plan+of+merger%22+%22per+share%22&forms=8-K&dateRange=custom&startdt=2018-01-01&enddt=2024-12-31,LOW,LOW,CANDIDATE,"ANIK appears in the local biotech scanner universe; row is a category-specific EDGAR search target for COMPLETED_DEAL, not verified evidence",merger_8k_url|merger_filing_date|deal_date|deal_price_per_share|acquirer|prior_process_signal_search|price_window,Generated from predictions_v12.csv. Candidate only. Do not promote without EDGAR/source_evidence verification.
CAND-0229-COMPLETED_DEAL-ANIP,ANIP,"ANI Pharmaceuticals, Inc.",COMPLETED_DEAL,2018-2024,BioPharma Dive M&A tracker; Biotechgate M&A archives; EDGAR 8-K merger agreement search,https://www.biopharmadive.com/news/biotech-pharma-deals-merger-acquisitions-tracker/604262/,https://efts.sec.gov/LATEST/search-index?q=ANIP+%22ANI+Pharmaceuticals%2C+Inc.%22+%22agreement+and+plan+of+merger%22+%22per+share%22&forms=8-K&dateRange=custom&startdt=2018-01-01&enddt=2024-12-31,LOW,LOW,CANDIDATE,"ANIP appears in the local biotech scanner universe; row is a category-specific EDGAR search target for COMPLETED_DEAL, not verified evidence",merger_8k_url|merger_filing_date|deal_date|deal_price_per_share|acquirer|prior_process_signal_search|price_window,Generated from predictions_v12.csv. Candidate only. Do not promote without EDGAR/source_evidence verification.
CAND-0230-COMPLETED_DEAL-ARCT,ARCT,Arcturus Therapeutics Holdings Inc.,COMPLETED_DEAL,2018-2024,BioPharma Dive M&A tracker; Biotechgate M&A archives; EDGAR 8-K merger agreement search,https://www.biopharmadive.com/news/biotech-pharma-deals-merger-acquisitions-tracker/604262/,https://efts.sec.gov/LATEST/search-index?q=ARCT+%22Arcturus+Therapeutics+Holdings+Inc.%22+%22agreement+and+plan+of+merger%22+%22per+share%22&forms=8-K&dateRange=custom&startdt=2018-01-01&enddt=2024-12-31,LOW,LOW,CANDIDATE,"ARCT appears in the local biotech scanner universe; row is a category-specific EDGAR search target for COMPLETED_DEAL, not verified evidence",merger_8k_url|merger_filing_date|deal_date|deal_price_per_share|acquirer|prior_process_signal_search|price_window,Generated from predictions_v12.csv. Candidate only. Do not promote without EDGAR/source_evidence verification.
CAND-0231-COMPLETED_DEAL-AUTL,AUTL,Autolus Therapeutics plc,COMPLETED_DEAL,2018-2024,BioPharma Dive M&A tracker; Biotechgate M&A archives; EDGAR 8-K merger agreement search,https://www.biopharmadive.com/news/biotech-pharma-deals-merger-acquisitions-tracker/604262/,https://efts.sec.gov/LATEST/search-index?q=AUTL+%22Autolus+Therapeutics+plc%22+%22agreement+and+plan+of+merger%22+%22per+share%22&forms=8-K&dateRange=custom&startdt=2018-01-01&enddt=2024-12-31,LOW,LOW,CANDIDATE,"AUTL appears in the local biotech scanner universe; row is a category-specific EDGAR search target for COMPLETED_DEAL, not verified evidence",merger_8k_url|merger_filing_date|deal_date|deal_price_per_share|acquirer|prior_process_signal_search|price_window,Generated from predictions_v12.csv. Candidate only. Do not promote without EDGAR/source_evidence verification.
CAND-0232-COMPLETED_DEAL-BCYC,BCYC,Bicycle Therapeutics plc,COMPLETED_DEAL,2018-2024,BioPharma Dive M&A tracker; Biotechgate M&A archives; EDGAR 8-K merger agreement search,https://www.biopharmadive.com/news/biotech-pharma-deals-merger-acquisitions-tracker/604262/,https://efts.sec.gov/LATEST/search-index?q=BCYC+%22Bicycle+Therapeutics+plc%22+%22agreement+and+plan+of+merger%22+%22per+share%22&forms=8-K&dateRange=custom&startdt=2018-01-01&enddt=2024-12-31,LOW,LOW,CANDIDATE,"BCYC appears in the local biotech scanner universe; row is a category-specific EDGAR search target for COMPLETED_DEAL, not verified evidence",merger_8k_url|merger_filing_date|deal_date|deal_price_per_share|acquirer|prior_process_signal_search|price_window,Generated from predictions_v12.csv. Candidate only. Do not promote without EDGAR/source_evidence verification.
CAND-0233-COMPLETED_DEAL-CNMD,CNMD,CONMED Corporation,COMPLETED_DEAL,2018-2024,BioPharma Dive M&A tracker; Biotechgate M&A archives; EDGAR 8-K merger agreement search,https://www.biopharmadive.com/news/biotech-pharma-deals-merger-acquisitions-tracker/604262/,https://efts.sec.gov/LATEST/search-index?q=CNMD+%22CONMED+Corporation%22+%22agreement+and+plan+of+merger%22+%22per+share%22&forms=8-K&dateRange=custom&startdt=2018-01-01&enddt=2024-12-31,LOW,LOW,CANDIDATE,"CNMD appears in the local biotech scanner universe; row is a category-specific EDGAR search target for COMPLETED_DEAL, not verified evidence",merger_8k_url|merger_filing_date|deal_date|deal_price_per_share|acquirer|prior_process_signal_search|price_window,Generated from predictions_v12.csv. Candidate only. Do not promote without EDGAR/source_evidence verification.
CAND-0234-COMPLETED_DEAL-COLL,COLL,"Collegium Pharmaceutical, Inc.",COMPLETED_DEAL,2018-2024,BioPharma Dive M&A tracker; Biotechgate M&A archives; EDGAR 8-K merger agreement search,https://www.biopharmadive.com/news/biotech-pharma-deals-merger-acquisitions-tracker/604262/,https://efts.sec.gov/LATEST/search-index?q=COLL+%22Collegium+Pharmaceutical%2C+Inc.%22+%22agreement+and+plan+of+merger%22+%22per+share%22&forms=8-K&dateRange=custom&startdt=2018-01-01&enddt=2024-12-31,LOW,LOW,CANDIDATE,"COLL appears in the local biotech scanner universe; row is a category-specific EDGAR search target for COMPLETED_DEAL, not verified evidence",merger_8k_url|merger_filing_date|deal_date|deal_price_per_share|acquirer|prior_process_signal_search|price_window,Generated from predictions_v12.csv. Candidate only. Do not promote without EDGAR/source_evidence verification.
CAND-0235-COMPLETED_DEAL-DNLI,DNLI,Denali Therapeutics Inc.,COMPLETED_DEAL,2018-2024,BioPharma Dive M&A tracker; Biotechgate M&A archives; EDGAR 8-K merger agreement search,https://www.biopharmadive.com/news/biotech-pharma-deals-merger-acquisitions-tracker/604262/,https://efts.sec.gov/LATEST/search-index?q=DNLI+%22Denali+Therapeutics+Inc.%22+%22agreement+and+plan+of+merger%22+%22per+share%22&forms=8-K&dateRange=custom&startdt=2018-01-01&enddt=2024-12-31,LOW,LOW,CANDIDATE,"DNLI appears in the local biotech scanner universe; row is a category-specific EDGAR search target for COMPLETED_DEAL, not verified evidence",merger_8k_url|merger_filing_date|deal_date|deal_price_per_share|acquirer|prior_process_signal_search|price_window,Generated from predictions_v12.csv. Candidate only. Do not promote without EDGAR/source_evidence verification.
CAND-0236-COMPLETED_DEAL-EXEL,EXEL,"Exelixis, Inc.",COMPLETED_DEAL,2018-2024,BioPharma Dive M&A tracker; Biotechgate M&A archives; EDGAR 8-K merger agreement search,https://www.biopharmadive.com/news/biotech-pharma-deals-merger-acquisitions-tracker/604262/,https://efts.sec.gov/LATEST/search-index?q=EXEL+%22Exelixis%2C+Inc.%22+%22agreement+and+plan+of+merger%22+%22per+share%22&forms=8-K&dateRange=custom&startdt=2018-01-01&enddt=2024-12-31,LOW,LOW,CANDIDATE,"EXEL appears in the local biotech scanner universe; row is a category-specific EDGAR search target for COMPLETED_DEAL, not verified evidence",merger_8k_url|merger_filing_date|deal_date|deal_price_per_share|acquirer|prior_process_signal_search|price_window,Generated from predictions_v12.csv. Candidate only. Do not promote without EDGAR/source_evidence verification.
CAND-0237-COMPLETED_DEAL-FHTX,FHTX,Foghorn Therapeutics Inc.,COMPLETED_DEAL,2018-2024,BioPharma Dive M&A tracker; Biotechgate M&A archives; EDGAR 8-K merger agreement search,https://www.biopharmadive.com/news/biotech-pharma-deals-merger-acquisitions-tracker/604262/,https://efts.sec.gov/LATEST/search-index?q=FHTX+%22Foghorn+Therapeutics+Inc.%22+%22agreement+and+plan+of+merger%22+%22per+share%22&forms=8-K&dateRange=custom&startdt=2018-01-01&enddt=2024-12-31,LOW,LOW,CANDIDATE,"FHTX appears in the local biotech scanner universe; row is a category-specific EDGAR search target for COMPLETED_DEAL, not verified evidence",merger_8k_url|merger_filing_date|deal_date|deal_price_per_share|acquirer|prior_process_signal_search|price_window,Generated from predictions_v12.csv. Candidate only. Do not promote without EDGAR/source_evidence verification.
CAND-0238-COMPLETED_DEAL-GLPG,GLPG,Galapagos N.V.,COMPLETED_DEAL,2018-2024,BioPharma Dive M&A tracker; Biotechgate M&A archives; EDGAR 8-K merger agreement search,https://www.biopharmadive.com/news/biotech-pharma-deals-merger-acquisitions-tracker/604262/,https://efts.sec.gov/LATEST/search-index?q=GLPG+%22Galapagos+N.V.%22+%22agreement+and+plan+of+merger%22+%22per+share%22&forms=8-K&dateRange=custom&startdt=2018-01-01&enddt=2024-12-31,LOW,LOW,CANDIDATE,"GLPG appears in the local biotech scanner universe; row is a category-specific EDGAR search target for COMPLETED_DEAL, not verified evidence",merger_8k_url|merger_filing_date|deal_date|deal_price_per_share|acquirer|prior_process_signal_search|price_window,Generated from predictions_v12.csv. Candidate only. Do not promote without EDGAR/source_evidence verification.
CAND-0239-COMPLETED_DEAL-OCUL,OCUL,"Ocular Therapeutix, Inc.",COMPLETED_DEAL,2018-2024,BioPharma Dive M&A tracker; Biotechgate M&A archives; EDGAR 8-K merger agreement search,https://www.biopharmadive.com/news/biotech-pharma-deals-merger-acquisitions-tracker/604262/,https://efts.sec.gov/LATEST/search-index?q=OCUL+%22Ocular+Therapeutix%2C+Inc.%22+%22agreement+and+plan+of+merger%22+%22per+share%22&forms=8-K&dateRange=custom&startdt=2018-01-01&enddt=2024-12-31,LOW,LOW,CANDIDATE,"OCUL appears in the local biotech scanner universe; row is a category-specific EDGAR search target for COMPLETED_DEAL, not verified evidence",merger_8k_url|merger_filing_date|deal_date|deal_price_per_share|acquirer|prior_process_signal_search|price_window,Generated from predictions_v12.csv. Candidate only. Do not promote without EDGAR/source_evidence verification.
CAND-0240-COMPLETED_DEAL-PCRX,PCRX,"Pacira BioSciences, Inc.",COMPLETED_DEAL,2018-2024,BioPharma Dive M&A tracker; Biotechgate M&A archives; EDGAR 8-K merger agreement search,https://www.biopharmadive.com/news/biotech-pharma-deals-merger-acquisitions-tracker/604262/,https://efts.sec.gov/LATEST/search-index?q=PCRX+%22Pacira+BioSciences%2C+Inc.%22+%22agreement+and+plan+of+merger%22+%22per+share%22&forms=8-K&dateRange=custom&startdt=2018-01-01&enddt=2024-12-31,LOW,LOW,CANDIDATE,"PCRX appears in the local biotech scanner universe; row is a category-specific EDGAR search target for COMPLETED_DEAL, not verified evidence",merger_8k_url|merger_filing_date|deal_date|deal_price_per_share|acquirer|prior_process_signal_search|price_window,Generated from predictions_v12.csv. Candidate only. Do not promote without EDGAR/source_evidence verification.
CAND-0241-COMPLETED_DEAL-RARE,RARE,Ultragenyx Pharmaceutical Inc.,COMPLETED_DEAL,2018-2024,BioPharma Dive M&A tracker; Biotechgate M&A archives; EDGAR 8-K merger agreement search,https://www.biopharmadive.com/news/biotech-pharma-deals-merger-acquisitions-tracker/604262/,https://efts.sec.gov/LATEST/search-index?q=RARE+%22Ultragenyx+Pharmaceutical+Inc.%22+%22agreement+and+plan+of+merger%22+%22per+share%22&forms=8-K&dateRange=custom&startdt=2018-01-01&enddt=2024-12-31,LOW,LOW,CANDIDATE,"RARE appears in the local biotech scanner universe; row is a category-specific EDGAR search target for COMPLETED_DEAL, not verified evidence",merger_8k_url|merger_filing_date|deal_date|deal_price_per_share|acquirer|prior_process_signal_search|price_window,Generated from predictions_v12.csv. Candidate only. Do not promote without EDGAR/source_evidence verification.
CAND-0242-COMPLETED_DEAL-MIRM,MIRM,"Mirum Pharmaceuticals, Inc.",COMPLETED_DEAL,2018-2024,BioPharma Dive M&A tracker; Biotechgate M&A archives; EDGAR 8-K merger agreement search,https://www.biopharmadive.com/news/biotech-pharma-deals-merger-acquisitions-tracker/604262/,https://efts.sec.gov/LATEST/search-index?q=MIRM+%22Mirum+Pharmaceuticals%2C+Inc.%22+%22agreement+and+plan+of+merger%22+%22per+share%22&forms=8-K&dateRange=custom&startdt=2018-01-01&enddt=2024-12-31,LOW,LOW,CANDIDATE,"MIRM appears in the local biotech scanner universe; row is a category-specific EDGAR search target for COMPLETED_DEAL, not verified evidence",merger_8k_url|merger_filing_date|deal_date|deal_price_per_share|acquirer|prior_process_signal_search|price_window,Generated from predictions_v12.csv. Candidate only. Do not promote without EDGAR/source_evidence verification.
CAND-0243-COMPLETED_DEAL-KMPH,KMPH,"KemPharm, Inc.",COMPLETED_DEAL,2018-2024,BioPharma Dive M&A tracker; Biotechgate M&A archives; EDGAR 8-K merger agreement search,https://www.biopharmadive.com/news/biotech-pharma-deals-merger-acquisitions-tracker/604262/,https://efts.sec.gov/LATEST/search-index?q=KMPH+%22KemPharm%2C+Inc.%22+%22agreement+and+plan+of+merger%22+%22per+share%22&forms=8-K&dateRange=custom&startdt=2018-01-01&enddt=2024-12-31,LOW,LOW,CANDIDATE,"KMPH appears in the local biotech scanner universe; row is a category-specific EDGAR search target for COMPLETED_DEAL, not verified evidence",merger_8k_url|merger_filing_date|deal_date|deal_price_per_share|acquirer|prior_process_signal_search|price_window,Generated from predictions_v12.csv. Candidate only. Do not promote without EDGAR/source_evidence verification.
CAND-0244-COMPLETED_DEAL-FULC,FULC,"Fulcrum Therapeutics, Inc.",COMPLETED_DEAL,2018-2024,BioPharma Dive M&A tracker; Biotechgate M&A archives; EDGAR 8-K merger agreement search,https://www.biopharmadive.com/news/biotech-pharma-deals-merger-acquisitions-tracker/604262/,https://efts.sec.gov/LATEST/search-index?q=FULC+%22Fulcrum+Therapeutics%2C+Inc.%22+%22agreement+and+plan+of+merger%22+%22per+share%22&forms=8-K&dateRange=custom&startdt=2018-01-01&enddt=2024-12-31,LOW,LOW,CANDIDATE,"FULC appears in the local biotech scanner universe; row is a category-specific EDGAR search target for COMPLETED_DEAL, not verified evidence",merger_8k_url|merger_filing_date|deal_date|deal_price_per_share|acquirer|prior_process_signal_search|price_window,Generated from predictions_v12.csv. Candidate only. Do not promote without EDGAR/source_evidence verification.
CAND-0245-COMPLETED_DEAL-LENZ,LENZ,"LENZ Therapeutics, Inc.",COMPLETED_DEAL,2018-2024,BioPharma Dive M&A tracker; Biotechgate M&A archives; EDGAR 8-K merger agreement search,https://www.biopharmadive.com/news/biotech-pharma-deals-merger-acquisitions-tracker/604262/,https://efts.sec.gov/LATEST/search-index?q=LENZ+%22LENZ+Therapeutics%2C+Inc.%22+%22agreement+and+plan+of+merger%22+%22per+share%22&forms=8-K&dateRange=custom&startdt=2018-01-01&enddt=2024-12-31,LOW,LOW,CANDIDATE,"LENZ appears in the local biotech scanner universe; row is a category-specific EDGAR search target for COMPLETED_DEAL, not verified evidence",merger_8k_url|merger_filing_date|deal_date|deal_price_per_share|acquirer|prior_process_signal_search|price_window,Generated from predictions_v12.csv. Candidate only. Do not promote without EDGAR/source_evidence verification.
CAND-0246-COMPLETED_DEAL-QURE,QURE,uniQure N.V.,COMPLETED_DEAL,2018-2024,BioPharma Dive M&A tracker; Biotechgate M&A archives; EDGAR 8-K merger agreement search,https://www.biopharmadive.com/news/biotech-pharma-deals-merger-acquisitions-tracker/604262/,https://efts.sec.gov/LATEST/search-index?q=QURE+%22uniQure+N.V.%22+%22agreement+and+plan+of+merger%22+%22per+share%22&forms=8-K&dateRange=custom&startdt=2018-01-01&enddt=2024-12-31,LOW,LOW,CANDIDATE,"QURE appears in the local biotech scanner universe; row is a category-specific EDGAR search target for COMPLETED_DEAL, not verified evidence",merger_8k_url|merger_filing_date|deal_date|deal_price_per_share|acquirer|prior_process_signal_search|price_window,Generated from predictions_v12.csv. Candidate only. Do not promote without EDGAR/source_evidence verification.
CAND-0247-COMPLETED_DEAL-BPMC,BPMC,Blueprint Medicines Corporation,COMPLETED_DEAL,2018-2024,BioPharma Dive M&A tracker; Biotechgate M&A archives; EDGAR 8-K merger agreement search,https://www.biopharmadive.com/news/biotech-pharma-deals-merger-acquisitions-tracker/604262/,https://efts.sec.gov/LATEST/search-index?q=BPMC+%22Blueprint+Medicines+Corporation%22+%22agreement+and+plan+of+merger%22+%22per+share%22&forms=8-K&dateRange=custom&startdt=2018-01-01&enddt=2024-12-31,LOW,LOW,CANDIDATE,"BPMC appears in the local biotech scanner universe; row is a category-specific EDGAR search target for COMPLETED_DEAL, not verified evidence",merger_8k_url|merger_filing_date|deal_date|deal_price_per_share|acquirer|prior_process_signal_search|price_window,Generated from predictions_v12.csv. Candidate only. Do not promote without EDGAR/source_evidence verification.
CAND-0248-COMPLETED_DEAL-SMMT,SMMT,Summit Therapeutics Inc.,COMPLETED_DEAL,2018-2024,BioPharma Dive M&A tracker; Biotechgate M&A archives; EDGAR 8-K merger agreement search,https://www.biopharmadive.com/news/biotech-pharma-deals-merger-acquisitions-tracker/604262/,https://efts.sec.gov/LATEST/search-index?q=SMMT+%22Summit+Therapeutics+Inc.%22+%22agreement+and+plan+of+merger%22+%22per+share%22&forms=8-K&dateRange=custom&startdt=2018-01-01&enddt=2024-12-31,LOW,LOW,CANDIDATE,"SMMT appears in the local biotech scanner universe; row is a category-specific EDGAR search target for COMPLETED_DEAL, not verified evidence",merger_8k_url|merger_filing_date|deal_date|deal_price_per_share|acquirer|prior_process_signal_search|price_window,Generated from predictions_v12.csv. Candidate only. Do not promote without EDGAR/source_evidence verification.
CAND-0249-COMPLETED_DEAL-AHCO,AHCO,AdaptHealth Corp.,COMPLETED_DEAL,2018-2024,BioPharma Dive M&A tracker; Biotechgate M&A archives; EDGAR 8-K merger agreement search,https://www.biopharmadive.com/news/biotech-pharma-deals-merger-acquisitions-tracker/604262/,https://efts.sec.gov/LATEST/search-index?q=AHCO+%22AdaptHealth+Corp.%22+%22agreement+and+plan+of+merger%22+%22per+share%22&forms=8-K&dateRange=custom&startdt=2018-01-01&enddt=2024-12-31,LOW,LOW,CANDIDATE,"AHCO appears in the local biotech scanner universe; row is a category-specific EDGAR search target for COMPLETED_DEAL, not verified evidence",merger_8k_url|merger_filing_date|deal_date|deal_price_per_share|acquirer|prior_process_signal_search|price_window,Generated from predictions_v12.csv. Candidate only. Do not promote without EDGAR/source_evidence verification.
CAND-0250-COMPLETED_DEAL-CELC,CELC,Celcuity Inc.,COMPLETED_DEAL,2018-2024,BioPharma Dive M&A tracker; Biotechgate M&A archives; EDGAR 8-K merger agreement search,https://www.biopharmadive.com/news/biotech-pharma-deals-merger-acquisitions-tracker/604262/,https://efts.sec.gov/LATEST/search-index?q=CELC+%22Celcuity+Inc.%22+%22agreement+and+plan+of+merger%22+%22per+share%22&forms=8-K&dateRange=custom&startdt=2018-01-01&enddt=2024-12-31,LOW,LOW,CANDIDATE,"CELC appears in the local biotech scanner universe; row is a category-specific EDGAR search target for COMPLETED_DEAL, not verified evidence",merger_8k_url|merger_filing_date|deal_date|deal_price_per_share|acquirer|prior_process_signal_search|price_window,Generated from predictions_v12.csv. Candidate only. Do not promote without EDGAR/source_evidence verification.
CAND-0251-COMPLETED_DEAL-ACCD,ACCD,"Accolade, Inc.",COMPLETED_DEAL,2018-2024,BioPharma Dive M&A tracker; Biotechgate M&A archives; EDGAR 8-K merger agreement search,https://www.biopharmadive.com/news/biotech-pharma-deals-merger-acquisitions-tracker/604262/,https://efts.sec.gov/LATEST/search-index?q=ACCD+%22Accolade%2C+Inc.%22+%22agreement+and+plan+of+merger%22+%22per+share%22&forms=8-K&dateRange=custom&startdt=2018-01-01&enddt=2024-12-31,LOW,LOW,CANDIDATE,"ACCD appears in the local biotech scanner universe; row is a category-specific EDGAR search target for COMPLETED_DEAL, not verified evidence",merger_8k_url|merger_filing_date|deal_date|deal_price_per_share|acquirer|prior_process_signal_search|price_window,Generated from predictions_v12.csv. Candidate only. Do not promote without EDGAR/source_evidence verification.
CAND-0252-COMPLETED_DEAL-ADUS,ADUS,Addus HomeCare Corporation,COMPLETED_DEAL,2018-2024,BioPharma Dive M&A tracker; Biotechgate M&A archives; EDGAR 8-K merger agreement search,https://www.biopharmadive.com/news/biotech-pharma-deals-merger-acquisitions-tracker/604262/,https://efts.sec.gov/LATEST/search-index?q=ADUS+%22Addus+HomeCare+Corporation%22+%22agreement+and+plan+of+merger%22+%22per+share%22&forms=8-K&dateRange=custom&startdt=2018-01-01&enddt=2024-12-31,LOW,LOW,CANDIDATE,"ADUS appears in the local biotech scanner universe; row is a category-specific EDGAR search target for COMPLETED_DEAL, not verified evidence",merger_8k_url|merger_filing_date|deal_date|deal_price_per_share|acquirer|prior_process_signal_search|price_window,Generated from predictions_v12.csv. Candidate only. Do not promote without EDGAR/source_evidence verification.
CAND-0253-COMPLETED_DEAL-TARS,TARS,"Tarsus Pharmaceuticals, Inc.",COMPLETED_DEAL,2018-2024,BioPharma Dive M&A tracker; Biotechgate M&A archives; EDGAR 8-K merger agreement search,https://www.biopharmadive.com/news/biotech-pharma-deals-merger-acquisitions-tracker/604262/,https://efts.sec.gov/LATEST/search-index?q=TARS+%22Tarsus+Pharmaceuticals%2C+Inc.%22+%22agreement+and+plan+of+merger%22+%22per+share%22&forms=8-K&dateRange=custom&startdt=2018-01-01&enddt=2024-12-31,LOW,LOW,CANDIDATE,"TARS appears in the local biotech scanner universe; row is a category-specific EDGAR search target for COMPLETED_DEAL, not verified evidence",merger_8k_url|merger_filing_date|deal_date|deal_price_per_share|acquirer|prior_process_signal_search|price_window,Generated from predictions_v12.csv. Candidate only. Do not promote without EDGAR/source_evidence verification.
CAND-0254-COMPLETED_DEAL-ITCI,ITCI,"Intra-Cellular Therapies, Inc.",COMPLETED_DEAL,2018-2024,BioPharma Dive M&A tracker; Biotechgate M&A archives; EDGAR 8-K merger agreement search,https://www.biopharmadive.com/news/biotech-pharma-deals-merger-acquisitions-tracker/604262/,https://efts.sec.gov/LATEST/search-index?q=ITCI+%22Intra-Cellular+Therapies%2C+Inc.%22+%22agreement+and+plan+of+merger%22+%22per+share%22&forms=8-K&dateRange=custom&startdt=2018-01-01&enddt=2024-12-31,LOW,LOW,CANDIDATE,"ITCI appears in the local biotech scanner universe; row is a category-specific EDGAR search target for COMPLETED_DEAL, not verified evidence",merger_8k_url|merger_filing_date|deal_date|deal_price_per_share|acquirer|prior_process_signal_search|price_window,Generated from predictions_v12.csv. Candidate only. Do not promote without EDGAR/source_evidence verification.
CAND-0255-COMPLETED_DEAL-ATRC,ATRC,"AtriCure, Inc.",COMPLETED_DEAL,2018-2024,BioPharma Dive M&A tracker; Biotechgate M&A archives; EDGAR 8-K merger agreement search,https://www.biopharmadive.com/news/biotech-pharma-deals-merger-acquisitions-tracker/604262/,https://efts.sec.gov/LATEST/search-index?q=ATRC+%22AtriCure%2C+Inc.%22+%22agreement+and+plan+of+merger%22+%22per+share%22&forms=8-K&dateRange=custom&startdt=2018-01-01&enddt=2024-12-31,LOW,LOW,CANDIDATE,"ATRC appears in the local biotech scanner universe; row is a category-specific EDGAR search target for COMPLETED_DEAL, not verified evidence",merger_8k_url|merger_filing_date|deal_date|deal_price_per_share|acquirer|prior_process_signal_search|price_window,Generated from predictions_v12.csv. Candidate only. Do not promote without EDGAR/source_evidence verification.
CAND-0256-COMPLETED_DEAL-CRSP,CRSP,CRISPR Therapeutics AG,COMPLETED_DEAL,2018-2024,BioPharma Dive M&A tracker; Biotechgate M&A archives; EDGAR 8-K merger agreement search,https://www.biopharmadive.com/news/biotech-pharma-deals-merger-acquisitions-tracker/604262/,https://efts.sec.gov/LATEST/search-index?q=CRSP+%22CRISPR+Therapeutics+AG%22+%22agreement+and+plan+of+merger%22+%22per+share%22&forms=8-K&dateRange=custom&startdt=2018-01-01&enddt=2024-12-31,LOW,LOW,CANDIDATE,"CRSP appears in the local biotech scanner universe; row is a category-specific EDGAR search target for COMPLETED_DEAL, not verified evidence",merger_8k_url|merger_filing_date|deal_date|deal_price_per_share|acquirer|prior_process_signal_search|price_window,Generated from predictions_v12.csv. Candidate only. Do not promote without EDGAR/source_evidence verification.
CAND-0257-COMPLETED_DEAL-BEAM,BEAM,Beam Therapeutics Inc.,COMPLETED_DEAL,2018-2024,BioPharma Dive M&A tracker; Biotechgate M&A archives; EDGAR 8-K merger agreement search,https://www.biopharmadive.com/news/biotech-pharma-deals-merger-acquisitions-tracker/604262/,https://efts.sec.gov/LATEST/search-index?q=BEAM+%22Beam+Therapeutics+Inc.%22+%22agreement+and+plan+of+merger%22+%22per+share%22&forms=8-K&dateRange=custom&startdt=2018-01-01&enddt=2024-12-31,LOW,LOW,CANDIDATE,"BEAM appears in the local biotech scanner universe; row is a category-specific EDGAR search target for COMPLETED_DEAL, not verified evidence",merger_8k_url|merger_filing_date|deal_date|deal_price_per_share|acquirer|prior_process_signal_search|price_window,Generated from predictions_v12.csv. Candidate only. Do not promote without EDGAR/source_evidence verification.
CAND-0258-COMPLETED_DEAL-VERV,VERV,"Verve Therapeutics, Inc.",COMPLETED_DEAL,2018-2024,BioPharma Dive M&A tracker; Biotechgate M&A archives; EDGAR 8-K merger agreement search,https://www.biopharmadive.com/news/biotech-pharma-deals-merger-acquisitions-tracker/604262/,https://efts.sec.gov/LATEST/search-index?q=VERV+%22Verve+Therapeutics%2C+Inc.%22+%22agreement+and+plan+of+merger%22+%22per+share%22&forms=8-K&dateRange=custom&startdt=2018-01-01&enddt=2024-12-31,LOW,LOW,CANDIDATE,"VERV appears in the local biotech scanner universe; row is a category-specific EDGAR search target for COMPLETED_DEAL, not verified evidence",merger_8k_url|merger_filing_date|deal_date|deal_price_per_share|acquirer|prior_process_signal_search|price_window,Generated from predictions_v12.csv. Candidate only. Do not promote without EDGAR/source_evidence verification.
CAND-0259-COMPLETED_DEAL-ABCL,ABCL,AbCellera Biologics Inc.,COMPLETED_DEAL,2018-2024,BioPharma Dive M&A tracker; Biotechgate M&A archives; EDGAR 8-K merger agreement search,https://www.biopharmadive.com/news/biotech-pharma-deals-merger-acquisitions-tracker/604262/,https://efts.sec.gov/LATEST/search-index?q=ABCL+%22AbCellera+Biologics+Inc.%22+%22agreement+and+plan+of+merger%22+%22per+share%22&forms=8-K&dateRange=custom&startdt=2018-01-01&enddt=2024-12-31,LOW,LOW,CANDIDATE,"ABCL appears in the local biotech scanner universe; row is a category-specific EDGAR search target for COMPLETED_DEAL, not verified evidence",merger_8k_url|merger_filing_date|deal_date|deal_price_per_share|acquirer|prior_process_signal_search|price_window,Generated from predictions_v12.csv. Candidate only. Do not promote without EDGAR/source_evidence verification.
CAND-0260-COMPLETED_DEAL-ACAD,ACAD,ACADIA Pharmaceuticals Inc.,COMPLETED_DEAL,2018-2024,BioPharma Dive M&A tracker; Biotechgate M&A archives; EDGAR 8-K merger agreement search,https://www.biopharmadive.com/news/biotech-pharma-deals-merger-acquisitions-tracker/604262/,https://efts.sec.gov/LATEST/search-index?q=ACAD+%22ACADIA+Pharmaceuticals+Inc.%22+%22agreement+and+plan+of+merger%22+%22per+share%22&forms=8-K&dateRange=custom&startdt=2018-01-01&enddt=2024-12-31,LOW,LOW,CANDIDATE,"ACAD appears in the local biotech scanner universe; row is a category-specific EDGAR search target for COMPLETED_DEAL, not verified evidence",merger_8k_url|merger_filing_date|deal_date|deal_price_per_share|acquirer|prior_process_signal_search|price_window,Generated from predictions_v12.csv. Candidate only. Do not promote without EDGAR/source_evidence verification.
CAND-0261-COMPLETED_DEAL-ADPT,ADPT,Adaptive Biotechnologies Corporation,COMPLETED_DEAL,2018-2024,BioPharma Dive M&A tracker; Biotechgate M&A archives; EDGAR 8-K merger agreement search,https://www.biopharmadive.com/news/biotech-pharma-deals-merger-acquisitions-tracker/604262/,https://efts.sec.gov/LATEST/search-index?q=ADPT+%22Adaptive+Biotechnologies+Corporation%22+%22agreement+and+plan+of+merger%22+%22per+share%22&forms=8-K&dateRange=custom&startdt=2018-01-01&enddt=2024-12-31,LOW,LOW,CANDIDATE,"ADPT appears in the local biotech scanner universe; row is a category-specific EDGAR search target for COMPLETED_DEAL, not verified evidence",merger_8k_url|merger_filing_date|deal_date|deal_price_per_share|acquirer|prior_process_signal_search|price_window,Generated from predictions_v12.csv. Candidate only. Do not promote without EDGAR/source_evidence verification.
CAND-0262-COMPLETED_DEAL-ALLO,ALLO,"Allogene Therapeutics, Inc.",COMPLETED_DEAL,2018-2024,BioPharma Dive M&A tracker; Biotechgate M&A archives; EDGAR 8-K merger agreement search,https://www.biopharmadive.com/news/biotech-pharma-deals-merger-acquisitions-tracker/604262/,https://efts.sec.gov/LATEST/search-index?q=ALLO+%22Allogene+Therapeutics%2C+Inc.%22+%22agreement+and+plan+of+merger%22+%22per+share%22&forms=8-K&dateRange=custom&startdt=2018-01-01&enddt=2024-12-31,LOW,LOW,CANDIDATE,"ALLO appears in the local biotech scanner universe; row is a category-specific EDGAR search target for COMPLETED_DEAL, not verified evidence",merger_8k_url|merger_filing_date|deal_date|deal_price_per_share|acquirer|prior_process_signal_search|price_window,Generated from predictions_v12.csv. Candidate only. Do not promote without EDGAR/source_evidence verification.
CAND-0263-COMPLETED_DEAL-ALPN,ALPN,"Alpine Immune Sciences, Inc.",COMPLETED_DEAL,2018-2024,BioPharma Dive M&A tracker; Biotechgate M&A archives; EDGAR 8-K merger agreement search,https://www.biopharmadive.com/news/biotech-pharma-deals-merger-acquisitions-tracker/604262/,https://efts.sec.gov/LATEST/search-index?q=ALPN+%22Alpine+Immune+Sciences%2C+Inc.%22+%22agreement+and+plan+of+merger%22+%22per+share%22&forms=8-K&dateRange=custom&startdt=2018-01-01&enddt=2024-12-31,LOW,LOW,CANDIDATE,"ALPN appears in the local biotech scanner universe; row is a category-specific EDGAR search target for COMPLETED_DEAL, not verified evidence",merger_8k_url|merger_filing_date|deal_date|deal_price_per_share|acquirer|prior_process_signal_search|price_window,Generated from predictions_v12.csv. Candidate only. Do not promote without EDGAR/source_evidence verification.
CAND-0264-COMPLETED_DEAL-ANAB,ANAB,"AnaptysBio, Inc.",COMPLETED_DEAL,2018-2024,BioPharma Dive M&A tracker; Biotechgate M&A archives; EDGAR 8-K merger agreement search,https://www.biopharmadive.com/news/biotech-pharma-deals-merger-acquisitions-tracker/604262/,https://efts.sec.gov/LATEST/search-index?q=ANAB+%22AnaptysBio%2C+Inc.%22+%22agreement+and+plan+of+merger%22+%22per+share%22&forms=8-K&dateRange=custom&startdt=2018-01-01&enddt=2024-12-31,LOW,LOW,CANDIDATE,"ANAB appears in the local biotech scanner universe; row is a category-specific EDGAR search target for COMPLETED_DEAL, not verified evidence",merger_8k_url|merger_filing_date|deal_date|deal_price_per_share|acquirer|prior_process_signal_search|price_window,Generated from predictions_v12.csv. Candidate only. Do not promote without EDGAR/source_evidence verification.
CAND-0265-COMPLETED_DEAL-ARQT,ARQT,"Arcutis Biotherapeutics, Inc.",COMPLETED_DEAL,2018-2024,BioPharma Dive M&A tracker; Biotechgate M&A archives; EDGAR 8-K merger agreement search,https://www.biopharmadive.com/news/biotech-pharma-deals-merger-acquisitions-tracker/604262/,https://efts.sec.gov/LATEST/search-index?q=ARQT+%22Arcutis+Biotherapeutics%2C+Inc.%22+%22agreement+and+plan+of+merger%22+%22per+share%22&forms=8-K&dateRange=custom&startdt=2018-01-01&enddt=2024-12-31,LOW,LOW,CANDIDATE,"ARQT appears in the local biotech scanner universe; row is a category-specific EDGAR search target for COMPLETED_DEAL, not verified evidence",merger_8k_url|merger_filing_date|deal_date|deal_price_per_share|acquirer|prior_process_signal_search|price_window,Generated from predictions_v12.csv. Candidate only. Do not promote without EDGAR/source_evidence verification.
CAND-0266-COMPLETED_DEAL-AURA,AURA,"Aura Biosciences, Inc.",COMPLETED_DEAL,2018-2024,BioPharma Dive M&A tracker; Biotechgate M&A archives; EDGAR 8-K merger agreement search,https://www.biopharmadive.com/news/biotech-pharma-deals-merger-acquisitions-tracker/604262/,https://efts.sec.gov/LATEST/search-index?q=AURA+%22Aura+Biosciences%2C+Inc.%22+%22agreement+and+plan+of+merger%22+%22per+share%22&forms=8-K&dateRange=custom&startdt=2018-01-01&enddt=2024-12-31,LOW,LOW,CANDIDATE,"AURA appears in the local biotech scanner universe; row is a category-specific EDGAR search target for COMPLETED_DEAL, not verified evidence",merger_8k_url|merger_filing_date|deal_date|deal_price_per_share|acquirer|prior_process_signal_search|price_window,Generated from predictions_v12.csv. Candidate only. Do not promote without EDGAR/source_evidence verification.
CAND-0267-COMPLETED_DEAL-AXSM,AXSM,"Axsome Therapeutics, Inc.",COMPLETED_DEAL,2018-2024,BioPharma Dive M&A tracker; Biotechgate M&A archives; EDGAR 8-K merger agreement search,https://www.biopharmadive.com/news/biotech-pharma-deals-merger-acquisitions-tracker/604262/,https://efts.sec.gov/LATEST/search-index?q=AXSM+%22Axsome+Therapeutics%2C+Inc.%22+%22agreement+and+plan+of+merger%22+%22per+share%22&forms=8-K&dateRange=custom&startdt=2018-01-01&enddt=2024-12-31,LOW,LOW,CANDIDATE,"AXSM appears in the local biotech scanner universe; row is a category-specific EDGAR search target for COMPLETED_DEAL, not verified evidence",merger_8k_url|merger_filing_date|deal_date|deal_price_per_share|acquirer|prior_process_signal_search|price_window,Generated from predictions_v12.csv. Candidate only. Do not promote without EDGAR/source_evidence verification.
CAND-0268-COMPLETED_DEAL-CABA,CABA,"Cabaletta Bio, Inc.",COMPLETED_DEAL,2018-2024,BioPharma Dive M&A tracker; Biotechgate M&A archives; EDGAR 8-K merger agreement search,https://www.biopharmadive.com/news/biotech-pharma-deals-merger-acquisitions-tracker/604262/,https://efts.sec.gov/LATEST/search-index?q=CABA+%22Cabaletta+Bio%2C+Inc.%22+%22agreement+and+plan+of+merger%22+%22per+share%22&forms=8-K&dateRange=custom&startdt=2018-01-01&enddt=2024-12-31,LOW,LOW,CANDIDATE,"CABA appears in the local biotech scanner universe; row is a category-specific EDGAR search target for COMPLETED_DEAL, not verified evidence",merger_8k_url|merger_filing_date|deal_date|deal_price_per_share|acquirer|prior_process_signal_search|price_window,Generated from predictions_v12.csv. Candidate only. Do not promote without EDGAR/source_evidence verification.
CAND-0269-COMPLETED_DEAL-CAPR,CAPR,"Capricor Therapeutics, Inc.",COMPLETED_DEAL,2018-2024,BioPharma Dive M&A tracker; Biotechgate M&A archives; EDGAR 8-K merger agreement search,https://www.biopharmadive.com/news/biotech-pharma-deals-merger-acquisitions-tracker/604262/,https://efts.sec.gov/LATEST/search-index?q=CAPR+%22Capricor+Therapeutics%2C+Inc.%22+%22agreement+and+plan+of+merger%22+%22per+share%22&forms=8-K&dateRange=custom&startdt=2018-01-01&enddt=2024-12-31,LOW,LOW,CANDIDATE,"CAPR appears in the local biotech scanner universe; row is a category-specific EDGAR search target for COMPLETED_DEAL, not verified evidence",merger_8k_url|merger_filing_date|deal_date|deal_price_per_share|acquirer|prior_process_signal_search|price_window,Generated from predictions_v12.csv. Candidate only. Do not promote without EDGAR/source_evidence verification.
CAND-0270-COMPLETED_DEAL-CCCC,CCCC,"C4 Therapeutics, Inc.",COMPLETED_DEAL,2018-2024,BioPharma Dive M&A tracker; Biotechgate M&A archives; EDGAR 8-K merger agreement search,https://www.biopharmadive.com/news/biotech-pharma-deals-merger-acquisitions-tracker/604262/,https://efts.sec.gov/LATEST/search-index?q=CCCC+%22C4+Therapeutics%2C+Inc.%22+%22agreement+and+plan+of+merger%22+%22per+share%22&forms=8-K&dateRange=custom&startdt=2018-01-01&enddt=2024-12-31,LOW,LOW,CANDIDATE,"CCCC appears in the local biotech scanner universe; row is a category-specific EDGAR search target for COMPLETED_DEAL, not verified evidence",merger_8k_url|merger_filing_date|deal_date|deal_price_per_share|acquirer|prior_process_signal_search|price_window,Generated from predictions_v12.csv. Candidate only. Do not promote without EDGAR/source_evidence verification.
CAND-0271-COMPLETED_DEAL-CGEN,CGEN,Compugen Ltd.,COMPLETED_DEAL,2018-2024,BioPharma Dive M&A tracker; Biotechgate M&A archives; EDGAR 8-K merger agreement search,https://www.biopharmadive.com/news/biotech-pharma-deals-merger-acquisitions-tracker/604262/,https://efts.sec.gov/LATEST/search-index?q=CGEN+%22Compugen+Ltd.%22+%22agreement+and+plan+of+merger%22+%22per+share%22&forms=8-K&dateRange=custom&startdt=2018-01-01&enddt=2024-12-31,LOW,LOW,CANDIDATE,"CGEN appears in the local biotech scanner universe; row is a category-specific EDGAR search target for COMPLETED_DEAL, not verified evidence",merger_8k_url|merger_filing_date|deal_date|deal_price_per_share|acquirer|prior_process_signal_search|price_window,Generated from predictions_v12.csv. Candidate only. Do not promote without EDGAR/source_evidence verification.
CAND-0272-COMPLETED_DEAL-CLDX,CLDX,"Celldex Therapeutics, Inc.",COMPLETED_DEAL,2018-2024,BioPharma Dive M&A tracker; Biotechgate M&A archives; EDGAR 8-K merger agreement search,https://www.biopharmadive.com/news/biotech-pharma-deals-merger-acquisitions-tracker/604262/,https://efts.sec.gov/LATEST/search-index?q=CLDX+%22Celldex+Therapeutics%2C+Inc.%22+%22agreement+and+plan+of+merger%22+%22per+share%22&forms=8-K&dateRange=custom&startdt=2018-01-01&enddt=2024-12-31,LOW,LOW,CANDIDATE,"CLDX appears in the local biotech scanner universe; row is a category-specific EDGAR search target for COMPLETED_DEAL, not verified evidence",merger_8k_url|merger_filing_date|deal_date|deal_price_per_share|acquirer|prior_process_signal_search|price_window,Generated from predictions_v12.csv. Candidate only. Do not promote without EDGAR/source_evidence verification.
CAND-0273-COMPLETED_DEAL-CLLS,CLLS,Cellectis S.A.,COMPLETED_DEAL,2018-2024,BioPharma Dive M&A tracker; Biotechgate M&A archives; EDGAR 8-K merger agreement search,https://www.biopharmadive.com/news/biotech-pharma-deals-merger-acquisitions-tracker/604262/,https://efts.sec.gov/LATEST/search-index?q=CLLS+%22Cellectis+S.A.%22+%22agreement+and+plan+of+merger%22+%22per+share%22&forms=8-K&dateRange=custom&startdt=2018-01-01&enddt=2024-12-31,LOW,LOW,CANDIDATE,"CLLS appears in the local biotech scanner universe; row is a category-specific EDGAR search target for COMPLETED_DEAL, not verified evidence",merger_8k_url|merger_filing_date|deal_date|deal_price_per_share|acquirer|prior_process_signal_search|price_window,Generated from predictions_v12.csv. Candidate only. Do not promote without EDGAR/source_evidence verification.
CAND-0274-COMPLETED_DEAL-CRNX,CRNX,"Crinetics Pharmaceuticals, Inc.",COMPLETED_DEAL,2018-2024,BioPharma Dive M&A tracker; Biotechgate M&A archives; EDGAR 8-K merger agreement search,https://www.biopharmadive.com/news/biotech-pharma-deals-merger-acquisitions-tracker/604262/,https://efts.sec.gov/LATEST/search-index?q=CRNX+%22Crinetics+Pharmaceuticals%2C+Inc.%22+%22agreement+and+plan+of+merger%22+%22per+share%22&forms=8-K&dateRange=custom&startdt=2018-01-01&enddt=2024-12-31,LOW,LOW,CANDIDATE,"CRNX appears in the local biotech scanner universe; row is a category-specific EDGAR search target for COMPLETED_DEAL, not verified evidence",merger_8k_url|merger_filing_date|deal_date|deal_price_per_share|acquirer|prior_process_signal_search|price_window,Generated from predictions_v12.csv. Candidate only. Do not promote without EDGAR/source_evidence verification.
CAND-0275-COMPLETED_DEAL-CTMX,CTMX,"CytomX Therapeutics, Inc.",COMPLETED_DEAL,2018-2024,BioPharma Dive M&A tracker; Biotechgate M&A archives; EDGAR 8-K merger agreement search,https://www.biopharmadive.com/news/biotech-pharma-deals-merger-acquisitions-tracker/604262/,https://efts.sec.gov/LATEST/search-index?q=CTMX+%22CytomX+Therapeutics%2C+Inc.%22+%22agreement+and+plan+of+merger%22+%22per+share%22&forms=8-K&dateRange=custom&startdt=2018-01-01&enddt=2024-12-31,LOW,LOW,CANDIDATE,"CTMX appears in the local biotech scanner universe; row is a category-specific EDGAR search target for COMPLETED_DEAL, not verified evidence",merger_8k_url|merger_filing_date|deal_date|deal_price_per_share|acquirer|prior_process_signal_search|price_window,Generated from predictions_v12.csv. Candidate only. Do not promote without EDGAR/source_evidence verification.
CAND-0276-COMPLETED_DEAL-CVAC,CVAC,CureVac N.V.,COMPLETED_DEAL,2018-2024,BioPharma Dive M&A tracker; Biotechgate M&A archives; EDGAR 8-K merger agreement search,https://www.biopharmadive.com/news/biotech-pharma-deals-merger-acquisitions-tracker/604262/,https://efts.sec.gov/LATEST/search-index?q=CVAC+%22CureVac+N.V.%22+%22agreement+and+plan+of+merger%22+%22per+share%22&forms=8-K&dateRange=custom&startdt=2018-01-01&enddt=2024-12-31,LOW,LOW,CANDIDATE,"CVAC appears in the local biotech scanner universe; row is a category-specific EDGAR search target for COMPLETED_DEAL, not verified evidence",merger_8k_url|merger_filing_date|deal_date|deal_price_per_share|acquirer|prior_process_signal_search|price_window,Generated from predictions_v12.csv. Candidate only. Do not promote without EDGAR/source_evidence verification.
CAND-0277-COMPLETED_DEAL-CYTK,CYTK,"Cytokinetics, Incorporated",COMPLETED_DEAL,2018-2024,BioPharma Dive M&A tracker; Biotechgate M&A archives; EDGAR 8-K merger agreement search,https://www.biopharmadive.com/news/biotech-pharma-deals-merger-acquisitions-tracker/604262/,https://efts.sec.gov/LATEST/search-index?q=CYTK+%22Cytokinetics%2C+Incorporated%22+%22agreement+and+plan+of+merger%22+%22per+share%22&forms=8-K&dateRange=custom&startdt=2018-01-01&enddt=2024-12-31,LOW,LOW,CANDIDATE,"CYTK appears in the local biotech scanner universe; row is a category-specific EDGAR search target for COMPLETED_DEAL, not verified evidence",merger_8k_url|merger_filing_date|deal_date|deal_price_per_share|acquirer|prior_process_signal_search|price_window,Generated from predictions_v12.csv. Candidate only. Do not promote without EDGAR/source_evidence verification.
CAND-0278-COMPLETED_DEAL-DMAC,DMAC,DiaMedica Therapeutics Inc.,COMPLETED_DEAL,2018-2024,BioPharma Dive M&A tracker; Biotechgate M&A archives; EDGAR 8-K merger agreement search,https://www.biopharmadive.com/news/biotech-pharma-deals-merger-acquisitions-tracker/604262/,https://efts.sec.gov/LATEST/search-index?q=DMAC+%22DiaMedica+Therapeutics+Inc.%22+%22agreement+and+plan+of+merger%22+%22per+share%22&forms=8-K&dateRange=custom&startdt=2018-01-01&enddt=2024-12-31,LOW,LOW,CANDIDATE,"DMAC appears in the local biotech scanner universe; row is a category-specific EDGAR search target for COMPLETED_DEAL, not verified evidence",merger_8k_url|merger_filing_date|deal_date|deal_price_per_share|acquirer|prior_process_signal_search|price_window,Generated from predictions_v12.csv. Candidate only. Do not promote without EDGAR/source_evidence verification.
CAND-0279-COMPLETED_DEAL-EOLS,EOLS,"Evolus, Inc.",COMPLETED_DEAL,2018-2024,BioPharma Dive M&A tracker; Biotechgate M&A archives; EDGAR 8-K merger agreement search,https://www.biopharmadive.com/news/biotech-pharma-deals-merger-acquisitions-tracker/604262/,https://efts.sec.gov/LATEST/search-index?q=EOLS+%22Evolus%2C+Inc.%22+%22agreement+and+plan+of+merger%22+%22per+share%22&forms=8-K&dateRange=custom&startdt=2018-01-01&enddt=2024-12-31,LOW,LOW,CANDIDATE,"EOLS appears in the local biotech scanner universe; row is a category-specific EDGAR search target for COMPLETED_DEAL, not verified evidence",merger_8k_url|merger_filing_date|deal_date|deal_price_per_share|acquirer|prior_process_signal_search|price_window,Generated from predictions_v12.csv. Candidate only. Do not promote without EDGAR/source_evidence verification.
CAND-0280-COMPLETED_DEAL-GTHX,GTHX,"G1 Therapeutics, Inc.",COMPLETED_DEAL,2018-2024,BioPharma Dive M&A tracker; Biotechgate M&A archives; EDGAR 8-K merger agreement search,https://www.biopharmadive.com/news/biotech-pharma-deals-merger-acquisitions-tracker/604262/,https://efts.sec.gov/LATEST/search-index?q=GTHX+%22G1+Therapeutics%2C+Inc.%22+%22agreement+and+plan+of+merger%22+%22per+share%22&forms=8-K&dateRange=custom&startdt=2018-01-01&enddt=2024-12-31,LOW,LOW,CANDIDATE,"GTHX appears in the local biotech scanner universe; row is a category-specific EDGAR search target for COMPLETED_DEAL, not verified evidence",merger_8k_url|merger_filing_date|deal_date|deal_price_per_share|acquirer|prior_process_signal_search|price_window,Generated from predictions_v12.csv. Candidate only. Do not promote without EDGAR/source_evidence verification.
CAND-0281-COMPLETED_DEAL-IOVA,IOVA,"Iovance Biotherapeutics, Inc.",COMPLETED_DEAL,2018-2024,BioPharma Dive M&A tracker; Biotechgate M&A archives; EDGAR 8-K merger agreement search,https://www.biopharmadive.com/news/biotech-pharma-deals-merger-acquisitions-tracker/604262/,https://efts.sec.gov/LATEST/search-index?q=IOVA+%22Iovance+Biotherapeutics%2C+Inc.%22+%22agreement+and+plan+of+merger%22+%22per+share%22&forms=8-K&dateRange=custom&startdt=2018-01-01&enddt=2024-12-31,LOW,LOW,CANDIDATE,"IOVA appears in the local biotech scanner universe; row is a category-specific EDGAR search target for COMPLETED_DEAL, not verified evidence",merger_8k_url|merger_filing_date|deal_date|deal_price_per_share|acquirer|prior_process_signal_search|price_window,Generated from predictions_v12.csv. Candidate only. Do not promote without EDGAR/source_evidence verification.
CAND-0282-COMPLETED_DEAL-JAZZ,JAZZ,Jazz Pharmaceuticals plc,COMPLETED_DEAL,2018-2024,BioPharma Dive M&A tracker; Biotechgate M&A archives; EDGAR 8-K merger agreement search,https://www.biopharmadive.com/news/biotech-pharma-deals-merger-acquisitions-tracker/604262/,https://efts.sec.gov/LATEST/search-index?q=JAZZ+%22Jazz+Pharmaceuticals+plc%22+%22agreement+and+plan+of+merger%22+%22per+share%22&forms=8-K&dateRange=custom&startdt=2018-01-01&enddt=2024-12-31,LOW,LOW,CANDIDATE,"JAZZ appears in the local biotech scanner universe; row is a category-specific EDGAR search target for COMPLETED_DEAL, not verified evidence",merger_8k_url|merger_filing_date|deal_date|deal_price_per_share|acquirer|prior_process_signal_search|price_window,Generated from predictions_v12.csv. Candidate only. Do not promote without EDGAR/source_evidence verification.
CAND-0283-COMPLETED_DEAL-KNSA,KNSA,"Kiniksa Pharmaceuticals, Ltd.",COMPLETED_DEAL,2018-2024,BioPharma Dive M&A tracker; Biotechgate M&A archives; EDGAR 8-K merger agreement search,https://www.biopharmadive.com/news/biotech-pharma-deals-merger-acquisitions-tracker/604262/,https://efts.sec.gov/LATEST/search-index?q=KNSA+%22Kiniksa+Pharmaceuticals%2C+Ltd.%22+%22agreement+and+plan+of+merger%22+%22per+share%22&forms=8-K&dateRange=custom&startdt=2018-01-01&enddt=2024-12-31,LOW,LOW,CANDIDATE,"KNSA appears in the local biotech scanner universe; row is a category-specific EDGAR search target for COMPLETED_DEAL, not verified evidence",merger_8k_url|merger_filing_date|deal_date|deal_price_per_share|acquirer|prior_process_signal_search|price_window,Generated from predictions_v12.csv. Candidate only. Do not promote without EDGAR/source_evidence verification.
CAND-0284-COMPLETED_DEAL-KRYS,KRYS,"Krystal Biotech, Inc.",COMPLETED_DEAL,2018-2024,BioPharma Dive M&A tracker; Biotechgate M&A archives; EDGAR 8-K merger agreement search,https://www.biopharmadive.com/news/biotech-pharma-deals-merger-acquisitions-tracker/604262/,https://efts.sec.gov/LATEST/search-index?q=KRYS+%22Krystal+Biotech%2C+Inc.%22+%22agreement+and+plan+of+merger%22+%22per+share%22&forms=8-K&dateRange=custom&startdt=2018-01-01&enddt=2024-12-31,LOW,LOW,CANDIDATE,"KRYS appears in the local biotech scanner universe; row is a category-specific EDGAR search target for COMPLETED_DEAL, not verified evidence",merger_8k_url|merger_filing_date|deal_date|deal_price_per_share|acquirer|prior_process_signal_search|price_window,Generated from predictions_v12.csv. Candidate only. Do not promote without EDGAR/source_evidence verification.
CAND-0285-COMPLETED_DEAL-KURA,KURA,"Kura Oncology, Inc.",COMPLETED_DEAL,2018-2024,BioPharma Dive M&A tracker; Biotechgate M&A archives; EDGAR 8-K merger agreement search,https://www.biopharmadive.com/news/biotech-pharma-deals-merger-acquisitions-tracker/604262/,https://efts.sec.gov/LATEST/search-index?q=KURA+%22Kura+Oncology%2C+Inc.%22+%22agreement+and+plan+of+merger%22+%22per+share%22&forms=8-K&dateRange=custom&startdt=2018-01-01&enddt=2024-12-31,LOW,LOW,CANDIDATE,"KURA appears in the local biotech scanner universe; row is a category-specific EDGAR search target for COMPLETED_DEAL, not verified evidence",merger_8k_url|merger_filing_date|deal_date|deal_price_per_share|acquirer|prior_process_signal_search|price_window,Generated from predictions_v12.csv. Candidate only. Do not promote without EDGAR/source_evidence verification.
CAND-0286-COMPLETED_DEAL-LEGN,LEGN,Legend Biotech Corporation,COMPLETED_DEAL,2018-2024,BioPharma Dive M&A tracker; Biotechgate M&A archives; EDGAR 8-K merger agreement search,https://www.biopharmadive.com/news/biotech-pharma-deals-merger-acquisitions-tracker/604262/,https://efts.sec.gov/LATEST/search-index?q=LEGN+%22Legend+Biotech+Corporation%22+%22agreement+and+plan+of+merger%22+%22per+share%22&forms=8-K&dateRange=custom&startdt=2018-01-01&enddt=2024-12-31,LOW,LOW,CANDIDATE,"LEGN appears in the local biotech scanner universe; row is a category-specific EDGAR search target for COMPLETED_DEAL, not verified evidence",merger_8k_url|merger_filing_date|deal_date|deal_price_per_share|acquirer|prior_process_signal_search|price_window,Generated from predictions_v12.csv. Candidate only. Do not promote without EDGAR/source_evidence verification.
CAND-0287-COMPLETED_DEAL-LNTH,LNTH,"Lantheus Holdings, Inc.",COMPLETED_DEAL,2018-2024,BioPharma Dive M&A tracker; Biotechgate M&A archives; EDGAR 8-K merger agreement search,https://www.biopharmadive.com/news/biotech-pharma-deals-merger-acquisitions-tracker/604262/,https://efts.sec.gov/LATEST/search-index?q=LNTH+%22Lantheus+Holdings%2C+Inc.%22+%22agreement+and+plan+of+merger%22+%22per+share%22&forms=8-K&dateRange=custom&startdt=2018-01-01&enddt=2024-12-31,LOW,LOW,CANDIDATE,"LNTH appears in the local biotech scanner universe; row is a category-specific EDGAR search target for COMPLETED_DEAL, not verified evidence",merger_8k_url|merger_filing_date|deal_date|deal_price_per_share|acquirer|prior_process_signal_search|price_window,Generated from predictions_v12.csv. Candidate only. Do not promote without EDGAR/source_evidence verification.
CAND-0288-COMPLETED_DEAL-LYEL,LYEL,"Lyell Immunopharma, Inc.",COMPLETED_DEAL,2018-2024,BioPharma Dive M&A tracker; Biotechgate M&A archives; EDGAR 8-K merger agreement search,https://www.biopharmadive.com/news/biotech-pharma-deals-merger-acquisitions-tracker/604262/,https://efts.sec.gov/LATEST/search-index?q=LYEL+%22Lyell+Immunopharma%2C+Inc.%22+%22agreement+and+plan+of+merger%22+%22per+share%22&forms=8-K&dateRange=custom&startdt=2018-01-01&enddt=2024-12-31,LOW,LOW,CANDIDATE,"LYEL appears in the local biotech scanner universe; row is a category-specific EDGAR search target for COMPLETED_DEAL, not verified evidence",merger_8k_url|merger_filing_date|deal_date|deal_price_per_share|acquirer|prior_process_signal_search|price_window,Generated from predictions_v12.csv. Candidate only. Do not promote without EDGAR/source_evidence verification.
CAND-0289-COMPLETED_DEAL-MDGL,MDGL,"Madrigal Pharmaceuticals, Inc.",COMPLETED_DEAL,2018-2024,BioPharma Dive M&A tracker; Biotechgate M&A archives; EDGAR 8-K merger agreement search,https://www.biopharmadive.com/news/biotech-pharma-deals-merger-acquisitions-tracker/604262/,https://efts.sec.gov/LATEST/search-index?q=MDGL+%22Madrigal+Pharmaceuticals%2C+Inc.%22+%22agreement+and+plan+of+merger%22+%22per+share%22&forms=8-K&dateRange=custom&startdt=2018-01-01&enddt=2024-12-31,LOW,LOW,CANDIDATE,"MDGL appears in the local biotech scanner universe; row is a category-specific EDGAR search target for COMPLETED_DEAL, not verified evidence",merger_8k_url|merger_filing_date|deal_date|deal_price_per_share|acquirer|prior_process_signal_search|price_window,Generated from predictions_v12.csv. Candidate only. Do not promote without EDGAR/source_evidence verification.
CAND-0290-COMPLETED_DEAL-NRIX,NRIX,"Nurix Therapeutics, Inc.",COMPLETED_DEAL,2018-2024,BioPharma Dive M&A tracker; Biotechgate M&A archives; EDGAR 8-K merger agreement search,https://www.biopharmadive.com/news/biotech-pharma-deals-merger-acquisitions-tracker/604262/,https://efts.sec.gov/LATEST/search-index?q=NRIX+%22Nurix+Therapeutics%2C+Inc.%22+%22agreement+and+plan+of+merger%22+%22per+share%22&forms=8-K&dateRange=custom&startdt=2018-01-01&enddt=2024-12-31,LOW,LOW,CANDIDATE,"NRIX appears in the local biotech scanner universe; row is a category-specific EDGAR search target for COMPLETED_DEAL, not verified evidence",merger_8k_url|merger_filing_date|deal_date|deal_price_per_share|acquirer|prior_process_signal_search|price_window,Generated from predictions_v12.csv. Candidate only. Do not promote without EDGAR/source_evidence verification.
CAND-0291-COMPLETED_DEAL-NUVB,NUVB,Nuvation Bio Inc.,COMPLETED_DEAL,2018-2024,BioPharma Dive M&A tracker; Biotechgate M&A archives; EDGAR 8-K merger agreement search,https://www.biopharmadive.com/news/biotech-pharma-deals-merger-acquisitions-tracker/604262/,https://efts.sec.gov/LATEST/search-index?q=NUVB+%22Nuvation+Bio+Inc.%22+%22agreement+and+plan+of+merger%22+%22per+share%22&forms=8-K&dateRange=custom&startdt=2018-01-01&enddt=2024-12-31,LOW,LOW,CANDIDATE,"NUVB appears in the local biotech scanner universe; row is a category-specific EDGAR search target for COMPLETED_DEAL, not verified evidence",merger_8k_url|merger_filing_date|deal_date|deal_price_per_share|acquirer|prior_process_signal_search|price_window,Generated from predictions_v12.csv. Candidate only. Do not promote without EDGAR/source_evidence verification.
CAND-0292-COMPLETED_DEAL-OMER,OMER,Omeros Corporation,COMPLETED_DEAL,2018-2024,BioPharma Dive M&A tracker; Biotechgate M&A archives; EDGAR 8-K merger agreement search,https://www.biopharmadive.com/news/biotech-pharma-deals-merger-acquisitions-tracker/604262/,https://efts.sec.gov/LATEST/search-index?q=OMER+%22Omeros+Corporation%22+%22agreement+and+plan+of+merger%22+%22per+share%22&forms=8-K&dateRange=custom&startdt=2018-01-01&enddt=2024-12-31,LOW,LOW,CANDIDATE,"OMER appears in the local biotech scanner universe; row is a category-specific EDGAR search target for COMPLETED_DEAL, not verified evidence",merger_8k_url|merger_filing_date|deal_date|deal_price_per_share|acquirer|prior_process_signal_search|price_window,Generated from predictions_v12.csv. Candidate only. Do not promote without EDGAR/source_evidence verification.
CAND-0293-COMPLETED_DEAL-PBYI,PBYI,"Puma Biotechnology, Inc.",COMPLETED_DEAL,2018-2024,BioPharma Dive M&A tracker; Biotechgate M&A archives; EDGAR 8-K merger agreement search,https://www.biopharmadive.com/news/biotech-pharma-deals-merger-acquisitions-tracker/604262/,https://efts.sec.gov/LATEST/search-index?q=PBYI+%22Puma+Biotechnology%2C+Inc.%22+%22agreement+and+plan+of+merger%22+%22per+share%22&forms=8-K&dateRange=custom&startdt=2018-01-01&enddt=2024-12-31,LOW,LOW,CANDIDATE,"PBYI appears in the local biotech scanner universe; row is a category-specific EDGAR search target for COMPLETED_DEAL, not verified evidence",merger_8k_url|merger_filing_date|deal_date|deal_price_per_share|acquirer|prior_process_signal_search|price_window,Generated from predictions_v12.csv. Candidate only. Do not promote without EDGAR/source_evidence verification.
CAND-0294-COMPLETED_DEAL-PGEN,PGEN,"Precigen, Inc.",COMPLETED_DEAL,2018-2024,BioPharma Dive M&A tracker; Biotechgate M&A archives; EDGAR 8-K merger agreement search,https://www.biopharmadive.com/news/biotech-pharma-deals-merger-acquisitions-tracker/604262/,https://efts.sec.gov/LATEST/search-index?q=PGEN+%22Precigen%2C+Inc.%22+%22agreement+and+plan+of+merger%22+%22per+share%22&forms=8-K&dateRange=custom&startdt=2018-01-01&enddt=2024-12-31,LOW,LOW,CANDIDATE,"PGEN appears in the local biotech scanner universe; row is a category-specific EDGAR search target for COMPLETED_DEAL, not verified evidence",merger_8k_url|merger_filing_date|deal_date|deal_price_per_share|acquirer|prior_process_signal_search|price_window,Generated from predictions_v12.csv. Candidate only. Do not promote without EDGAR/source_evidence verification.
CAND-0295-COMPLETED_DEAL-PHAT,PHAT,"Phathom Pharmaceuticals, Inc.",COMPLETED_DEAL,2018-2024,BioPharma Dive M&A tracker; Biotechgate M&A archives; EDGAR 8-K merger agreement search,https://www.biopharmadive.com/news/biotech-pharma-deals-merger-acquisitions-tracker/604262/,https://efts.sec.gov/LATEST/search-index?q=PHAT+%22Phathom+Pharmaceuticals%2C+Inc.%22+%22agreement+and+plan+of+merger%22+%22per+share%22&forms=8-K&dateRange=custom&startdt=2018-01-01&enddt=2024-12-31,LOW,LOW,CANDIDATE,"PHAT appears in the local biotech scanner universe; row is a category-specific EDGAR search target for COMPLETED_DEAL, not verified evidence",merger_8k_url|merger_filing_date|deal_date|deal_price_per_share|acquirer|prior_process_signal_search|price_window,Generated from predictions_v12.csv. Candidate only. Do not promote without EDGAR/source_evidence verification.
CAND-0296-COMPLETED_DEAL-RCUS,RCUS,"Arcus Biosciences, Inc.",COMPLETED_DEAL,2018-2024,BioPharma Dive M&A tracker; Biotechgate M&A archives; EDGAR 8-K merger agreement search,https://www.biopharmadive.com/news/biotech-pharma-deals-merger-acquisitions-tracker/604262/,https://efts.sec.gov/LATEST/search-index?q=RCUS+%22Arcus+Biosciences%2C+Inc.%22+%22agreement+and+plan+of+merger%22+%22per+share%22&forms=8-K&dateRange=custom&startdt=2018-01-01&enddt=2024-12-31,LOW,LOW,CANDIDATE,"RCUS appears in the local biotech scanner universe; row is a category-specific EDGAR search target for COMPLETED_DEAL, not verified evidence",merger_8k_url|merger_filing_date|deal_date|deal_price_per_share|acquirer|prior_process_signal_search|price_window,Generated from predictions_v12.csv. Candidate only. Do not promote without EDGAR/source_evidence verification.
CAND-0297-COMPLETED_DEAL-RVNC,RVNC,"Revance Therapeutics, Inc.",COMPLETED_DEAL,2018-2024,BioPharma Dive M&A tracker; Biotechgate M&A archives; EDGAR 8-K merger agreement search,https://www.biopharmadive.com/news/biotech-pharma-deals-merger-acquisitions-tracker/604262/,https://efts.sec.gov/LATEST/search-index?q=RVNC+%22Revance+Therapeutics%2C+Inc.%22+%22agreement+and+plan+of+merger%22+%22per+share%22&forms=8-K&dateRange=custom&startdt=2018-01-01&enddt=2024-12-31,LOW,LOW,CANDIDATE,"RVNC appears in the local biotech scanner universe; row is a category-specific EDGAR search target for COMPLETED_DEAL, not verified evidence",merger_8k_url|merger_filing_date|deal_date|deal_price_per_share|acquirer|prior_process_signal_search|price_window,Generated from predictions_v12.csv. Candidate only. Do not promote without EDGAR/source_evidence verification.
CAND-0298-COMPLETED_DEAL-RZLT,RZLT,"Rezolute, Inc.",COMPLETED_DEAL,2018-2024,BioPharma Dive M&A tracker; Biotechgate M&A archives; EDGAR 8-K merger agreement search,https://www.biopharmadive.com/news/biotech-pharma-deals-merger-acquisitions-tracker/604262/,https://efts.sec.gov/LATEST/search-index?q=RZLT+%22Rezolute%2C+Inc.%22+%22agreement+and+plan+of+merger%22+%22per+share%22&forms=8-K&dateRange=custom&startdt=2018-01-01&enddt=2024-12-31,LOW,LOW,CANDIDATE,"RZLT appears in the local biotech scanner universe; row is a category-specific EDGAR search target for COMPLETED_DEAL, not verified evidence",merger_8k_url|merger_filing_date|deal_date|deal_price_per_share|acquirer|prior_process_signal_search|price_window,Generated from predictions_v12.csv. Candidate only. Do not promote without EDGAR/source_evidence verification.
CAND-0299-COMPLETED_DEAL-SRPT,SRPT,"Sarepta Therapeutics, Inc.",COMPLETED_DEAL,2018-2024,BioPharma Dive M&A tracker; Biotechgate M&A archives; EDGAR 8-K merger agreement search,https://www.biopharmadive.com/news/biotech-pharma-deals-merger-acquisitions-tracker/604262/,https://efts.sec.gov/LATEST/search-index?q=SRPT+%22Sarepta+Therapeutics%2C+Inc.%22+%22agreement+and+plan+of+merger%22+%22per+share%22&forms=8-K&dateRange=custom&startdt=2018-01-01&enddt=2024-12-31,LOW,LOW,CANDIDATE,"SRPT appears in the local biotech scanner universe; row is a category-specific EDGAR search target for COMPLETED_DEAL, not verified evidence",merger_8k_url|merger_filing_date|deal_date|deal_price_per_share|acquirer|prior_process_signal_search|price_window,Generated from predictions_v12.csv. Candidate only. Do not promote without EDGAR/source_evidence verification.
CAND-0300-COMPLETED_DEAL-STRO,STRO,"Sutro Biopharma, Inc.",COMPLETED_DEAL,2018-2024,BioPharma Dive M&A tracker; Biotechgate M&A archives; EDGAR 8-K merger agreement search,https://www.biopharmadive.com/news/biotech-pharma-deals-merger-acquisitions-tracker/604262/,https://efts.sec.gov/LATEST/search-index?q=STRO+%22Sutro+Biopharma%2C+Inc.%22+%22agreement+and+plan+of+merger%22+%22per+share%22&forms=8-K&dateRange=custom&startdt=2018-01-01&enddt=2024-12-31,LOW,LOW,CANDIDATE,"STRO appears in the local biotech scanner universe; row is a category-specific EDGAR search target for COMPLETED_DEAL, not verified evidence",merger_8k_url|merger_filing_date|deal_date|deal_price_per_share|acquirer|prior_process_signal_search|price_window,Generated from predictions_v12.csv. Candidate only. Do not promote without EDGAR/source_evidence verification.
