candidate_id,ticker,company_name,likely_outcome_type,likely_outcome_year,outcome_source_hint,outcome_edgar_query,prior_process_signal_query,prior_13d_query,prior_rofr_exhibit_query,proxy_or_s4_query,verification_status,priority,reason_for_inclusion,notes
RHC-0001-ACQUIRED-NPSP,NPSP,"NPS Pharmaceuticals, Inc.",ACQUIRED,2015,Shire acquisition; verify with 8-K merger agreement and proxy.,https://efts.sec.gov/LATEST/search-index?q=NPSP+%22NPS+Pharmaceuticals%2C+Inc.%22+%22agreement+and+plan+of+merger%22+%22per+share%22&forms=8-K%2CDEFM14A%2CDEF+14A%2CSC+TO-T%2CSC+TO-I&dateRange=custom&startdt=2015-01-01&enddt=2015-12-31,https://efts.sec.gov/LATEST/search-index?q=NPSP+%22NPS+Pharmaceuticals%2C+Inc.%22+%22strategic+alternatives%22+OR+%22financial+advisor%22+OR+%22review+of+strategic+alternatives%22&forms=8-K%2C10-Q%2C10-K&dateRange=custom&startdt=2015-01-01&enddt=2015-12-31,https://efts.sec.gov/LATEST/search-index?q=NPSP+%22NPS+Pharmaceuticals%2C+Inc.%22+%22Item+4%22+OR+%22strategic+alternatives%22+OR+%22maximize+shareholder+value%22&forms=SC+13D%2CSC+13D%2FA&dateRange=custom&startdt=2015-01-01&enddt=2015-12-31,https://efts.sec.gov/LATEST/search-index?q=NPSP+%22NPS+Pharmaceuticals%2C+Inc.%22+%22right+of+first+refusal%22+OR+%22right+of+first+negotiation%22+OR+%22option+to+acquire%22&forms=8-K%2C10-K%2C10-Q%2CEX-10&dateRange=custom&startdt=2015-01-01&enddt=2015-12-31,https://efts.sec.gov/LATEST/search-index?q=NPSP+%22NPS+Pharmaceuticals%2C+Inc.%22+%22background+of+the+merger%22+OR+%22reasons+for+the+merger%22+OR+%22S-4%22&forms=DEFM14A%2CDEF+14A%2CS-4%2C424B3&dateRange=custom&startdt=2015-01-01&enddt=2015-12-31,CANDIDATE,HIGH,Likely resolved historical ACQUIRED outcome; mine backward for pre-outcome process signals.,Candidate only. Outcome and prior process evidence require primary-source verification.
RHC-0002-ACQUIRED-PCYC,PCYC,"Pharmacyclics, Inc.",ACQUIRED,2015,AbbVie acquisition; verify with 8-K merger agreement and proxy.,https://efts.sec.gov/LATEST/search-index?q=PCYC+%22Pharmacyclics%2C+Inc.%22+%22agreement+and+plan+of+merger%22+%22per+share%22&forms=8-K%2CDEFM14A%2CDEF+14A%2CSC+TO-T%2CSC+TO-I&dateRange=custom&startdt=2015-01-01&enddt=2015-12-31,https://efts.sec.gov/LATEST/search-index?q=PCYC+%22Pharmacyclics%2C+Inc.%22+%22strategic+alternatives%22+OR+%22financial+advisor%22+OR+%22review+of+strategic+alternatives%22&forms=8-K%2C10-Q%2C10-K&dateRange=custom&startdt=2015-01-01&enddt=2015-12-31,https://efts.sec.gov/LATEST/search-index?q=PCYC+%22Pharmacyclics%2C+Inc.%22+%22Item+4%22+OR+%22strategic+alternatives%22+OR+%22maximize+shareholder+value%22&forms=SC+13D%2CSC+13D%2FA&dateRange=custom&startdt=2015-01-01&enddt=2015-12-31,https://efts.sec.gov/LATEST/search-index?q=PCYC+%22Pharmacyclics%2C+Inc.%22+%22right+of+first+refusal%22+OR+%22right+of+first+negotiation%22+OR+%22option+to+acquire%22&forms=8-K%2C10-K%2C10-Q%2CEX-10&dateRange=custom&startdt=2015-01-01&enddt=2015-12-31,https://efts.sec.gov/LATEST/search-index?q=PCYC+%22Pharmacyclics%2C+Inc.%22+%22background+of+the+merger%22+OR+%22reasons+for+the+merger%22+OR+%22S-4%22&forms=DEFM14A%2CDEF+14A%2CS-4%2C424B3&dateRange=custom&startdt=2015-01-01&enddt=2015-12-31,CANDIDATE,HIGH,Likely resolved historical ACQUIRED outcome; mine backward for pre-outcome process signals.,Candidate only. Outcome and prior process evidence require primary-source verification.
RHC-0003-ACQUIRED-ZSPH,ZSPH,"ZS Pharma, Inc.",ACQUIRED,2015,AstraZeneca acquisition; verify with 8-K merger agreement and proxy.,https://efts.sec.gov/LATEST/search-index?q=ZSPH+%22ZS+Pharma%2C+Inc.%22+%22agreement+and+plan+of+merger%22+%22per+share%22&forms=8-K%2CDEFM14A%2CDEF+14A%2CSC+TO-T%2CSC+TO-I&dateRange=custom&startdt=2015-01-01&enddt=2015-12-31,https://efts.sec.gov/LATEST/search-index?q=ZSPH+%22ZS+Pharma%2C+Inc.%22+%22strategic+alternatives%22+OR+%22financial+advisor%22+OR+%22review+of+strategic+alternatives%22&forms=8-K%2C10-Q%2C10-K&dateRange=custom&startdt=2015-01-01&enddt=2015-12-31,https://efts.sec.gov/LATEST/search-index?q=ZSPH+%22ZS+Pharma%2C+Inc.%22+%22Item+4%22+OR+%22strategic+alternatives%22+OR+%22maximize+shareholder+value%22&forms=SC+13D%2CSC+13D%2FA&dateRange=custom&startdt=2015-01-01&enddt=2015-12-31,https://efts.sec.gov/LATEST/search-index?q=ZSPH+%22ZS+Pharma%2C+Inc.%22+%22right+of+first+refusal%22+OR+%22right+of+first+negotiation%22+OR+%22option+to+acquire%22&forms=8-K%2C10-K%2C10-Q%2CEX-10&dateRange=custom&startdt=2015-01-01&enddt=2015-12-31,https://efts.sec.gov/LATEST/search-index?q=ZSPH+%22ZS+Pharma%2C+Inc.%22+%22background+of+the+merger%22+OR+%22reasons+for+the+merger%22+OR+%22S-4%22&forms=DEFM14A%2CDEF+14A%2CS-4%2C424B3&dateRange=custom&startdt=2015-01-01&enddt=2015-12-31,CANDIDATE,HIGH,Likely resolved historical ACQUIRED outcome; mine backward for pre-outcome process signals.,Candidate only. Outcome and prior process evidence require primary-source verification.
RHC-0004-ACQUIRED-ANAC,ANAC,"Anacor Pharmaceuticals, Inc.",ACQUIRED,2016,Pfizer acquisition; verify with 8-K merger agreement and proxy.,https://efts.sec.gov/LATEST/search-index?q=ANAC+%22Anacor+Pharmaceuticals%2C+Inc.%22+%22agreement+and+plan+of+merger%22+%22per+share%22&forms=8-K%2CDEFM14A%2CDEF+14A%2CSC+TO-T%2CSC+TO-I&dateRange=custom&startdt=2016-01-01&enddt=2016-12-31,https://efts.sec.gov/LATEST/search-index?q=ANAC+%22Anacor+Pharmaceuticals%2C+Inc.%22+%22strategic+alternatives%22+OR+%22financial+advisor%22+OR+%22review+of+strategic+alternatives%22&forms=8-K%2C10-Q%2C10-K&dateRange=custom&startdt=2015-01-01&enddt=2016-12-31,https://efts.sec.gov/LATEST/search-index?q=ANAC+%22Anacor+Pharmaceuticals%2C+Inc.%22+%22Item+4%22+OR+%22strategic+alternatives%22+OR+%22maximize+shareholder+value%22&forms=SC+13D%2CSC+13D%2FA&dateRange=custom&startdt=2015-01-01&enddt=2016-12-31,https://efts.sec.gov/LATEST/search-index?q=ANAC+%22Anacor+Pharmaceuticals%2C+Inc.%22+%22right+of+first+refusal%22+OR+%22right+of+first+negotiation%22+OR+%22option+to+acquire%22&forms=8-K%2C10-K%2C10-Q%2CEX-10&dateRange=custom&startdt=2015-01-01&enddt=2016-12-31,https://efts.sec.gov/LATEST/search-index?q=ANAC+%22Anacor+Pharmaceuticals%2C+Inc.%22+%22background+of+the+merger%22+OR+%22reasons+for+the+merger%22+OR+%22S-4%22&forms=DEFM14A%2CDEF+14A%2CS-4%2C424B3&dateRange=custom&startdt=2015-01-01&enddt=2016-12-31,CANDIDATE,HIGH,Likely resolved historical ACQUIRED outcome; mine backward for pre-outcome process signals.,Candidate only. Outcome and prior process evidence require primary-source verification.
RHC-0005-ACQUIRED-CPXX,CPXX,"Celator Pharmaceuticals, Inc.",ACQUIRED,2016,Jazz acquisition; verify with 8-K merger agreement and tender offer filings.,https://efts.sec.gov/LATEST/search-index?q=CPXX+%22Celator+Pharmaceuticals%2C+Inc.%22+%22agreement+and+plan+of+merger%22+%22per+share%22&forms=8-K%2CDEFM14A%2CDEF+14A%2CSC+TO-T%2CSC+TO-I&dateRange=custom&startdt=2016-01-01&enddt=2016-12-31,https://efts.sec.gov/LATEST/search-index?q=CPXX+%22Celator+Pharmaceuticals%2C+Inc.%22+%22strategic+alternatives%22+OR+%22financial+advisor%22+OR+%22review+of+strategic+alternatives%22&forms=8-K%2C10-Q%2C10-K&dateRange=custom&startdt=2015-01-01&enddt=2016-12-31,https://efts.sec.gov/LATEST/search-index?q=CPXX+%22Celator+Pharmaceuticals%2C+Inc.%22+%22Item+4%22+OR+%22strategic+alternatives%22+OR+%22maximize+shareholder+value%22&forms=SC+13D%2CSC+13D%2FA&dateRange=custom&startdt=2015-01-01&enddt=2016-12-31,https://efts.sec.gov/LATEST/search-index?q=CPXX+%22Celator+Pharmaceuticals%2C+Inc.%22+%22right+of+first+refusal%22+OR+%22right+of+first+negotiation%22+OR+%22option+to+acquire%22&forms=8-K%2C10-K%2C10-Q%2CEX-10&dateRange=custom&startdt=2015-01-01&enddt=2016-12-31,https://efts.sec.gov/LATEST/search-index?q=CPXX+%22Celator+Pharmaceuticals%2C+Inc.%22+%22background+of+the+merger%22+OR+%22reasons+for+the+merger%22+OR+%22S-4%22&forms=DEFM14A%2CDEF+14A%2CS-4%2C424B3&dateRange=custom&startdt=2015-01-01&enddt=2016-12-31,CANDIDATE,HIGH,Likely resolved historical ACQUIRED outcome; mine backward for pre-outcome process signals.,Candidate only. Outcome and prior process evidence require primary-source verification.
RHC-0006-ACQUIRED-MDVN,MDVN,"Medivation, Inc.",ACQUIRED,2016,Pfizer acquisition; verify with 8-K merger agreement and proxy.,https://efts.sec.gov/LATEST/search-index?q=MDVN+%22Medivation%2C+Inc.%22+%22agreement+and+plan+of+merger%22+%22per+share%22&forms=8-K%2CDEFM14A%2CDEF+14A%2CSC+TO-T%2CSC+TO-I&dateRange=custom&startdt=2016-01-01&enddt=2016-12-31,https://efts.sec.gov/LATEST/search-index?q=MDVN+%22Medivation%2C+Inc.%22+%22strategic+alternatives%22+OR+%22financial+advisor%22+OR+%22review+of+strategic+alternatives%22&forms=8-K%2C10-Q%2C10-K&dateRange=custom&startdt=2015-01-01&enddt=2016-12-31,https://efts.sec.gov/LATEST/search-index?q=MDVN+%22Medivation%2C+Inc.%22+%22Item+4%22+OR+%22strategic+alternatives%22+OR+%22maximize+shareholder+value%22&forms=SC+13D%2CSC+13D%2FA&dateRange=custom&startdt=2015-01-01&enddt=2016-12-31,https://efts.sec.gov/LATEST/search-index?q=MDVN+%22Medivation%2C+Inc.%22+%22right+of+first+refusal%22+OR+%22right+of+first+negotiation%22+OR+%22option+to+acquire%22&forms=8-K%2C10-K%2C10-Q%2CEX-10&dateRange=custom&startdt=2015-01-01&enddt=2016-12-31,https://efts.sec.gov/LATEST/search-index?q=MDVN+%22Medivation%2C+Inc.%22+%22background+of+the+merger%22+OR+%22reasons+for+the+merger%22+OR+%22S-4%22&forms=DEFM14A%2CDEF+14A%2CS-4%2C424B3&dateRange=custom&startdt=2015-01-01&enddt=2016-12-31,CANDIDATE,HIGH,Likely resolved historical ACQUIRED outcome; mine backward for pre-outcome process signals.,Candidate only. Outcome and prior process evidence require primary-source verification.
RHC-0007-ACQUIRED-RLYP,RLYP,"Relypsa, Inc.",ACQUIRED,2016,Galenica acquisition; verify with 8-K merger agreement and tender offer filings.,https://efts.sec.gov/LATEST/search-index?q=RLYP+%22Relypsa%2C+Inc.%22+%22agreement+and+plan+of+merger%22+%22per+share%22&forms=8-K%2CDEFM14A%2CDEF+14A%2CSC+TO-T%2CSC+TO-I&dateRange=custom&startdt=2016-01-01&enddt=2016-12-31,https://efts.sec.gov/LATEST/search-index?q=RLYP+%22Relypsa%2C+Inc.%22+%22strategic+alternatives%22+OR+%22financial+advisor%22+OR+%22review+of+strategic+alternatives%22&forms=8-K%2C10-Q%2C10-K&dateRange=custom&startdt=2015-01-01&enddt=2016-12-31,https://efts.sec.gov/LATEST/search-index?q=RLYP+%22Relypsa%2C+Inc.%22+%22Item+4%22+OR+%22strategic+alternatives%22+OR+%22maximize+shareholder+value%22&forms=SC+13D%2CSC+13D%2FA&dateRange=custom&startdt=2015-01-01&enddt=2016-12-31,https://efts.sec.gov/LATEST/search-index?q=RLYP+%22Relypsa%2C+Inc.%22+%22right+of+first+refusal%22+OR+%22right+of+first+negotiation%22+OR+%22option+to+acquire%22&forms=8-K%2C10-K%2C10-Q%2CEX-10&dateRange=custom&startdt=2015-01-01&enddt=2016-12-31,https://efts.sec.gov/LATEST/search-index?q=RLYP+%22Relypsa%2C+Inc.%22+%22background+of+the+merger%22+OR+%22reasons+for+the+merger%22+OR+%22S-4%22&forms=DEFM14A%2CDEF+14A%2CS-4%2C424B3&dateRange=custom&startdt=2015-01-01&enddt=2016-12-31,CANDIDATE,HIGH,Likely resolved historical ACQUIRED outcome; mine backward for pre-outcome process signals.,Candidate only. Outcome and prior process evidence require primary-source verification.
RHC-0008-ACQUIRED-TBRA,TBRA,"Tobira Therapeutics, Inc.",ACQUIRED,2016,Allergan acquisition; verify with 8-K merger agreement and proxy.,https://efts.sec.gov/LATEST/search-index?q=TBRA+%22Tobira+Therapeutics%2C+Inc.%22+%22agreement+and+plan+of+merger%22+%22per+share%22&forms=8-K%2CDEFM14A%2CDEF+14A%2CSC+TO-T%2CSC+TO-I&dateRange=custom&startdt=2016-01-01&enddt=2016-12-31,https://efts.sec.gov/LATEST/search-index?q=TBRA+%22Tobira+Therapeutics%2C+Inc.%22+%22strategic+alternatives%22+OR+%22financial+advisor%22+OR+%22review+of+strategic+alternatives%22&forms=8-K%2C10-Q%2C10-K&dateRange=custom&startdt=2015-01-01&enddt=2016-12-31,https://efts.sec.gov/LATEST/search-index?q=TBRA+%22Tobira+Therapeutics%2C+Inc.%22+%22Item+4%22+OR+%22strategic+alternatives%22+OR+%22maximize+shareholder+value%22&forms=SC+13D%2CSC+13D%2FA&dateRange=custom&startdt=2015-01-01&enddt=2016-12-31,https://efts.sec.gov/LATEST/search-index?q=TBRA+%22Tobira+Therapeutics%2C+Inc.%22+%22right+of+first+refusal%22+OR+%22right+of+first+negotiation%22+OR+%22option+to+acquire%22&forms=8-K%2C10-K%2C10-Q%2CEX-10&dateRange=custom&startdt=2015-01-01&enddt=2016-12-31,https://efts.sec.gov/LATEST/search-index?q=TBRA+%22Tobira+Therapeutics%2C+Inc.%22+%22background+of+the+merger%22+OR+%22reasons+for+the+merger%22+OR+%22S-4%22&forms=DEFM14A%2CDEF+14A%2CS-4%2C424B3&dateRange=custom&startdt=2015-01-01&enddt=2016-12-31,CANDIDATE,HIGH,Likely resolved historical ACQUIRED outcome; mine backward for pre-outcome process signals.,Candidate only. Outcome and prior process evidence require primary-source verification.
RHC-0009-ACQUIRED-VTAE,VTAE,"Vitae Pharmaceuticals, Inc.",ACQUIRED,2016,Allergan acquisition; verify with 8-K merger agreement and tender offer filings.,https://efts.sec.gov/LATEST/search-index?q=VTAE+%22Vitae+Pharmaceuticals%2C+Inc.%22+%22agreement+and+plan+of+merger%22+%22per+share%22&forms=8-K%2CDEFM14A%2CDEF+14A%2CSC+TO-T%2CSC+TO-I&dateRange=custom&startdt=2016-01-01&enddt=2016-12-31,https://efts.sec.gov/LATEST/search-index?q=VTAE+%22Vitae+Pharmaceuticals%2C+Inc.%22+%22strategic+alternatives%22+OR+%22financial+advisor%22+OR+%22review+of+strategic+alternatives%22&forms=8-K%2C10-Q%2C10-K&dateRange=custom&startdt=2015-01-01&enddt=2016-12-31,https://efts.sec.gov/LATEST/search-index?q=VTAE+%22Vitae+Pharmaceuticals%2C+Inc.%22+%22Item+4%22+OR+%22strategic+alternatives%22+OR+%22maximize+shareholder+value%22&forms=SC+13D%2CSC+13D%2FA&dateRange=custom&startdt=2015-01-01&enddt=2016-12-31,https://efts.sec.gov/LATEST/search-index?q=VTAE+%22Vitae+Pharmaceuticals%2C+Inc.%22+%22right+of+first+refusal%22+OR+%22right+of+first+negotiation%22+OR+%22option+to+acquire%22&forms=8-K%2C10-K%2C10-Q%2CEX-10&dateRange=custom&startdt=2015-01-01&enddt=2016-12-31,https://efts.sec.gov/LATEST/search-index?q=VTAE+%22Vitae+Pharmaceuticals%2C+Inc.%22+%22background+of+the+merger%22+OR+%22reasons+for+the+merger%22+OR+%22S-4%22&forms=DEFM14A%2CDEF+14A%2CS-4%2C424B3&dateRange=custom&startdt=2015-01-01&enddt=2016-12-31,CANDIDATE,HIGH,Likely resolved historical ACQUIRED outcome; mine backward for pre-outcome process signals.,Candidate only. Outcome and prior process evidence require primary-source verification.
RHC-0010-ACQUIRED-ARIA,ARIA,"ARIAD Pharmaceuticals, Inc.",ACQUIRED,2017,Takeda acquisition; verify with 8-K merger agreement and proxy.,https://efts.sec.gov/LATEST/search-index?q=ARIA+%22ARIAD+Pharmaceuticals%2C+Inc.%22+%22agreement+and+plan+of+merger%22+%22per+share%22&forms=8-K%2CDEFM14A%2CDEF+14A%2CSC+TO-T%2CSC+TO-I&dateRange=custom&startdt=2017-01-01&enddt=2017-12-31,https://efts.sec.gov/LATEST/search-index?q=ARIA+%22ARIAD+Pharmaceuticals%2C+Inc.%22+%22strategic+alternatives%22+OR+%22financial+advisor%22+OR+%22review+of+strategic+alternatives%22&forms=8-K%2C10-Q%2C10-K&dateRange=custom&startdt=2015-01-01&enddt=2017-12-31,https://efts.sec.gov/LATEST/search-index?q=ARIA+%22ARIAD+Pharmaceuticals%2C+Inc.%22+%22Item+4%22+OR+%22strategic+alternatives%22+OR+%22maximize+shareholder+value%22&forms=SC+13D%2CSC+13D%2FA&dateRange=custom&startdt=2015-01-01&enddt=2017-12-31,https://efts.sec.gov/LATEST/search-index?q=ARIA+%22ARIAD+Pharmaceuticals%2C+Inc.%22+%22right+of+first+refusal%22+OR+%22right+of+first+negotiation%22+OR+%22option+to+acquire%22&forms=8-K%2C10-K%2C10-Q%2CEX-10&dateRange=custom&startdt=2015-01-01&enddt=2017-12-31,https://efts.sec.gov/LATEST/search-index?q=ARIA+%22ARIAD+Pharmaceuticals%2C+Inc.%22+%22background+of+the+merger%22+OR+%22reasons+for+the+merger%22+OR+%22S-4%22&forms=DEFM14A%2CDEF+14A%2CS-4%2C424B3&dateRange=custom&startdt=2015-01-01&enddt=2017-12-31,CANDIDATE,HIGH,Likely resolved historical ACQUIRED outcome; mine backward for pre-outcome process signals.,Candidate only. Outcome and prior process evidence require primary-source verification.
RHC-0011-ACQUIRED-CLCD,CLCD,"CoLucid Pharmaceuticals, Inc.",ACQUIRED,2017,Eli Lilly acquisition; verify with 8-K merger agreement and tender offer filings.,https://efts.sec.gov/LATEST/search-index?q=CLCD+%22CoLucid+Pharmaceuticals%2C+Inc.%22+%22agreement+and+plan+of+merger%22+%22per+share%22&forms=8-K%2CDEFM14A%2CDEF+14A%2CSC+TO-T%2CSC+TO-I&dateRange=custom&startdt=2017-01-01&enddt=2017-12-31,https://efts.sec.gov/LATEST/search-index?q=CLCD+%22CoLucid+Pharmaceuticals%2C+Inc.%22+%22strategic+alternatives%22+OR+%22financial+advisor%22+OR+%22review+of+strategic+alternatives%22&forms=8-K%2C10-Q%2C10-K&dateRange=custom&startdt=2015-01-01&enddt=2017-12-31,https://efts.sec.gov/LATEST/search-index?q=CLCD+%22CoLucid+Pharmaceuticals%2C+Inc.%22+%22Item+4%22+OR+%22strategic+alternatives%22+OR+%22maximize+shareholder+value%22&forms=SC+13D%2CSC+13D%2FA&dateRange=custom&startdt=2015-01-01&enddt=2017-12-31,https://efts.sec.gov/LATEST/search-index?q=CLCD+%22CoLucid+Pharmaceuticals%2C+Inc.%22+%22right+of+first+refusal%22+OR+%22right+of+first+negotiation%22+OR+%22option+to+acquire%22&forms=8-K%2C10-K%2C10-Q%2CEX-10&dateRange=custom&startdt=2015-01-01&enddt=2017-12-31,https://efts.sec.gov/LATEST/search-index?q=CLCD+%22CoLucid+Pharmaceuticals%2C+Inc.%22+%22background+of+the+merger%22+OR+%22reasons+for+the+merger%22+OR+%22S-4%22&forms=DEFM14A%2CDEF+14A%2CS-4%2C424B3&dateRange=custom&startdt=2015-01-01&enddt=2017-12-31,CANDIDATE,HIGH,Likely resolved historical ACQUIRED outcome; mine backward for pre-outcome process signals.,Candidate only. Outcome and prior process evidence require primary-source verification.
RHC-0012-ACQUIRED-DMTX,DMTX,"Dimension Therapeutics, Inc.",ACQUIRED,2017,Ultragenyx acquisition; verify with 8-K merger agreement and tender offer filings.,https://efts.sec.gov/LATEST/search-index?q=DMTX+%22Dimension+Therapeutics%2C+Inc.%22+%22agreement+and+plan+of+merger%22+%22per+share%22&forms=8-K%2CDEFM14A%2CDEF+14A%2CSC+TO-T%2CSC+TO-I&dateRange=custom&startdt=2017-01-01&enddt=2017-12-31,https://efts.sec.gov/LATEST/search-index?q=DMTX+%22Dimension+Therapeutics%2C+Inc.%22+%22strategic+alternatives%22+OR+%22financial+advisor%22+OR+%22review+of+strategic+alternatives%22&forms=8-K%2C10-Q%2C10-K&dateRange=custom&startdt=2015-01-01&enddt=2017-12-31,https://efts.sec.gov/LATEST/search-index?q=DMTX+%22Dimension+Therapeutics%2C+Inc.%22+%22Item+4%22+OR+%22strategic+alternatives%22+OR+%22maximize+shareholder+value%22&forms=SC+13D%2CSC+13D%2FA&dateRange=custom&startdt=2015-01-01&enddt=2017-12-31,https://efts.sec.gov/LATEST/search-index?q=DMTX+%22Dimension+Therapeutics%2C+Inc.%22+%22right+of+first+refusal%22+OR+%22right+of+first+negotiation%22+OR+%22option+to+acquire%22&forms=8-K%2C10-K%2C10-Q%2CEX-10&dateRange=custom&startdt=2015-01-01&enddt=2017-12-31,https://efts.sec.gov/LATEST/search-index?q=DMTX+%22Dimension+Therapeutics%2C+Inc.%22+%22background+of+the+merger%22+OR+%22reasons+for+the+merger%22+OR+%22S-4%22&forms=DEFM14A%2CDEF+14A%2CS-4%2C424B3&dateRange=custom&startdt=2015-01-01&enddt=2017-12-31,CANDIDATE,HIGH,Likely resolved historical ACQUIRED outcome; mine backward for pre-outcome process signals.,Candidate only. Outcome and prior process evidence require primary-source verification.
RHC-0013-ACQUIRED-KITE,KITE,"Kite Pharma, Inc.",ACQUIRED,2017,Gilead acquisition; verify with 8-K merger agreement and proxy background.,https://efts.sec.gov/LATEST/search-index?q=KITE+%22Kite+Pharma%2C+Inc.%22+%22agreement+and+plan+of+merger%22+%22per+share%22&forms=8-K%2CDEFM14A%2CDEF+14A%2CSC+TO-T%2CSC+TO-I&dateRange=custom&startdt=2017-01-01&enddt=2017-12-31,https://efts.sec.gov/LATEST/search-index?q=KITE+%22Kite+Pharma%2C+Inc.%22+%22strategic+alternatives%22+OR+%22financial+advisor%22+OR+%22review+of+strategic+alternatives%22&forms=8-K%2C10-Q%2C10-K&dateRange=custom&startdt=2015-01-01&enddt=2017-12-31,https://efts.sec.gov/LATEST/search-index?q=KITE+%22Kite+Pharma%2C+Inc.%22+%22Item+4%22+OR+%22strategic+alternatives%22+OR+%22maximize+shareholder+value%22&forms=SC+13D%2CSC+13D%2FA&dateRange=custom&startdt=2015-01-01&enddt=2017-12-31,https://efts.sec.gov/LATEST/search-index?q=KITE+%22Kite+Pharma%2C+Inc.%22+%22right+of+first+refusal%22+OR+%22right+of+first+negotiation%22+OR+%22option+to+acquire%22&forms=8-K%2C10-K%2C10-Q%2CEX-10&dateRange=custom&startdt=2015-01-01&enddt=2017-12-31,https://efts.sec.gov/LATEST/search-index?q=KITE+%22Kite+Pharma%2C+Inc.%22+%22background+of+the+merger%22+OR+%22reasons+for+the+merger%22+OR+%22S-4%22&forms=DEFM14A%2CDEF+14A%2CS-4%2C424B3&dateRange=custom&startdt=2015-01-01&enddt=2017-12-31,CANDIDATE,HIGH,Likely resolved historical ACQUIRED outcome; mine backward for pre-outcome process signals.,Candidate only. Outcome and prior process evidence require primary-source verification.
RHC-0014-ACQUIRED-AVXS,AVXS,"AveXis, Inc.",ACQUIRED,2018,Novartis acquisition; verify with 8-K merger agreement and tender offer filings.,https://efts.sec.gov/LATEST/search-index?q=AVXS+%22AveXis%2C+Inc.%22+%22agreement+and+plan+of+merger%22+%22per+share%22&forms=8-K%2CDEFM14A%2CDEF+14A%2CSC+TO-T%2CSC+TO-I&dateRange=custom&startdt=2018-01-01&enddt=2018-12-31,https://efts.sec.gov/LATEST/search-index?q=AVXS+%22AveXis%2C+Inc.%22+%22strategic+alternatives%22+OR+%22financial+advisor%22+OR+%22review+of+strategic+alternatives%22&forms=8-K%2C10-Q%2C10-K&dateRange=custom&startdt=2015-01-01&enddt=2018-12-31,https://efts.sec.gov/LATEST/search-index?q=AVXS+%22AveXis%2C+Inc.%22+%22Item+4%22+OR+%22strategic+alternatives%22+OR+%22maximize+shareholder+value%22&forms=SC+13D%2CSC+13D%2FA&dateRange=custom&startdt=2015-01-01&enddt=2018-12-31,https://efts.sec.gov/LATEST/search-index?q=AVXS+%22AveXis%2C+Inc.%22+%22right+of+first+refusal%22+OR+%22right+of+first+negotiation%22+OR+%22option+to+acquire%22&forms=8-K%2C10-K%2C10-Q%2CEX-10&dateRange=custom&startdt=2015-01-01&enddt=2018-12-31,https://efts.sec.gov/LATEST/search-index?q=AVXS+%22AveXis%2C+Inc.%22+%22background+of+the+merger%22+OR+%22reasons+for+the+merger%22+OR+%22S-4%22&forms=DEFM14A%2CDEF+14A%2CS-4%2C424B3&dateRange=custom&startdt=2015-01-01&enddt=2018-12-31,CANDIDATE,HIGH,Likely resolved historical ACQUIRED outcome; mine backward for pre-outcome process signals.,Candidate only. Outcome and prior process evidence require primary-source verification.
RHC-0015-ACQUIRED-BIVV,BIVV,Bioverativ Inc.,ACQUIRED,2018,Sanofi acquisition; verify with 8-K merger agreement and proxy.,https://efts.sec.gov/LATEST/search-index?q=BIVV+%22Bioverativ+Inc.%22+%22agreement+and+plan+of+merger%22+%22per+share%22&forms=8-K%2CDEFM14A%2CDEF+14A%2CSC+TO-T%2CSC+TO-I&dateRange=custom&startdt=2018-01-01&enddt=2018-12-31,https://efts.sec.gov/LATEST/search-index?q=BIVV+%22Bioverativ+Inc.%22+%22strategic+alternatives%22+OR+%22financial+advisor%22+OR+%22review+of+strategic+alternatives%22&forms=8-K%2C10-Q%2C10-K&dateRange=custom&startdt=2015-01-01&enddt=2018-12-31,https://efts.sec.gov/LATEST/search-index?q=BIVV+%22Bioverativ+Inc.%22+%22Item+4%22+OR+%22strategic+alternatives%22+OR+%22maximize+shareholder+value%22&forms=SC+13D%2CSC+13D%2FA&dateRange=custom&startdt=2015-01-01&enddt=2018-12-31,https://efts.sec.gov/LATEST/search-index?q=BIVV+%22Bioverativ+Inc.%22+%22right+of+first+refusal%22+OR+%22right+of+first+negotiation%22+OR+%22option+to+acquire%22&forms=8-K%2C10-K%2C10-Q%2CEX-10&dateRange=custom&startdt=2015-01-01&enddt=2018-12-31,https://efts.sec.gov/LATEST/search-index?q=BIVV+%22Bioverativ+Inc.%22+%22background+of+the+merger%22+OR+%22reasons+for+the+merger%22+OR+%22S-4%22&forms=DEFM14A%2CDEF+14A%2CS-4%2C424B3&dateRange=custom&startdt=2015-01-01&enddt=2018-12-31,CANDIDATE,HIGH,Likely resolved historical ACQUIRED outcome; mine backward for pre-outcome process signals.,Candidate only. Outcome and prior process evidence require primary-source verification.
RHC-0016-ACQUIRED-CASC,CASC,"Cascadian Therapeutics, Inc.",ACQUIRED,2018,Seattle Genetics acquisition; verify with 8-K merger agreement and tender offer filings.,https://efts.sec.gov/LATEST/search-index?q=CASC+%22Cascadian+Therapeutics%2C+Inc.%22+%22agreement+and+plan+of+merger%22+%22per+share%22&forms=8-K%2CDEFM14A%2CDEF+14A%2CSC+TO-T%2CSC+TO-I&dateRange=custom&startdt=2018-01-01&enddt=2018-12-31,https://efts.sec.gov/LATEST/search-index?q=CASC+%22Cascadian+Therapeutics%2C+Inc.%22+%22strategic+alternatives%22+OR+%22financial+advisor%22+OR+%22review+of+strategic+alternatives%22&forms=8-K%2C10-Q%2C10-K&dateRange=custom&startdt=2015-01-01&enddt=2018-12-31,https://efts.sec.gov/LATEST/search-index?q=CASC+%22Cascadian+Therapeutics%2C+Inc.%22+%22Item+4%22+OR+%22strategic+alternatives%22+OR+%22maximize+shareholder+value%22&forms=SC+13D%2CSC+13D%2FA&dateRange=custom&startdt=2015-01-01&enddt=2018-12-31,https://efts.sec.gov/LATEST/search-index?q=CASC+%22Cascadian+Therapeutics%2C+Inc.%22+%22right+of+first+refusal%22+OR+%22right+of+first+negotiation%22+OR+%22option+to+acquire%22&forms=8-K%2C10-K%2C10-Q%2CEX-10&dateRange=custom&startdt=2015-01-01&enddt=2018-12-31,https://efts.sec.gov/LATEST/search-index?q=CASC+%22Cascadian+Therapeutics%2C+Inc.%22+%22background+of+the+merger%22+OR+%22reasons+for+the+merger%22+OR+%22S-4%22&forms=DEFM14A%2CDEF+14A%2CS-4%2C424B3&dateRange=custom&startdt=2015-01-01&enddt=2018-12-31,CANDIDATE,HIGH,Likely resolved historical ACQUIRED outcome; mine backward for pre-outcome process signals.,Candidate only. Outcome and prior process evidence require primary-source verification.
RHC-0017-ACQUIRED-JUNO,JUNO,"Juno Therapeutics, Inc.",ACQUIRED,2018,Celgene acquisition; verify with 8-K merger agreement and DEFM14A.,https://efts.sec.gov/LATEST/search-index?q=JUNO+%22Juno+Therapeutics%2C+Inc.%22+%22agreement+and+plan+of+merger%22+%22per+share%22&forms=8-K%2CDEFM14A%2CDEF+14A%2CSC+TO-T%2CSC+TO-I&dateRange=custom&startdt=2018-01-01&enddt=2018-12-31,https://efts.sec.gov/LATEST/search-index?q=JUNO+%22Juno+Therapeutics%2C+Inc.%22+%22strategic+alternatives%22+OR+%22financial+advisor%22+OR+%22review+of+strategic+alternatives%22&forms=8-K%2C10-Q%2C10-K&dateRange=custom&startdt=2015-01-01&enddt=2018-12-31,https://efts.sec.gov/LATEST/search-index?q=JUNO+%22Juno+Therapeutics%2C+Inc.%22+%22Item+4%22+OR+%22strategic+alternatives%22+OR+%22maximize+shareholder+value%22&forms=SC+13D%2CSC+13D%2FA&dateRange=custom&startdt=2015-01-01&enddt=2018-12-31,https://efts.sec.gov/LATEST/search-index?q=JUNO+%22Juno+Therapeutics%2C+Inc.%22+%22right+of+first+refusal%22+OR+%22right+of+first+negotiation%22+OR+%22option+to+acquire%22&forms=8-K%2C10-K%2C10-Q%2CEX-10&dateRange=custom&startdt=2015-01-01&enddt=2018-12-31,https://efts.sec.gov/LATEST/search-index?q=JUNO+%22Juno+Therapeutics%2C+Inc.%22+%22background+of+the+merger%22+OR+%22reasons+for+the+merger%22+OR+%22S-4%22&forms=DEFM14A%2CDEF+14A%2CS-4%2C424B3&dateRange=custom&startdt=2015-01-01&enddt=2018-12-31,CANDIDATE,HIGH,Likely resolved historical ACQUIRED outcome; mine backward for pre-outcome process signals.,Candidate only. Outcome and prior process evidence require primary-source verification.
RHC-0018-ACQUIRED-RXDX,RXDX,"Ignyta, Inc.",ACQUIRED,2018,Roche acquisition; verify with merger 8-K and tender offer filings.,https://efts.sec.gov/LATEST/search-index?q=RXDX+%22Ignyta%2C+Inc.%22+%22agreement+and+plan+of+merger%22+%22per+share%22&forms=8-K%2CDEFM14A%2CDEF+14A%2CSC+TO-T%2CSC+TO-I&dateRange=custom&startdt=2018-01-01&enddt=2018-12-31,https://efts.sec.gov/LATEST/search-index?q=RXDX+%22Ignyta%2C+Inc.%22+%22strategic+alternatives%22+OR+%22financial+advisor%22+OR+%22review+of+strategic+alternatives%22&forms=8-K%2C10-Q%2C10-K&dateRange=custom&startdt=2015-01-01&enddt=2018-12-31,https://efts.sec.gov/LATEST/search-index?q=RXDX+%22Ignyta%2C+Inc.%22+%22Item+4%22+OR+%22strategic+alternatives%22+OR+%22maximize+shareholder+value%22&forms=SC+13D%2CSC+13D%2FA&dateRange=custom&startdt=2015-01-01&enddt=2018-12-31,https://efts.sec.gov/LATEST/search-index?q=RXDX+%22Ignyta%2C+Inc.%22+%22right+of+first+refusal%22+OR+%22right+of+first+negotiation%22+OR+%22option+to+acquire%22&forms=8-K%2C10-K%2C10-Q%2CEX-10&dateRange=custom&startdt=2015-01-01&enddt=2018-12-31,https://efts.sec.gov/LATEST/search-index?q=RXDX+%22Ignyta%2C+Inc.%22+%22background+of+the+merger%22+OR+%22reasons+for+the+merger%22+OR+%22S-4%22&forms=DEFM14A%2CDEF+14A%2CS-4%2C424B3&dateRange=custom&startdt=2015-01-01&enddt=2018-12-31,CANDIDATE,HIGH,Likely resolved historical ACQUIRED outcome; mine backward for pre-outcome process signals.,Candidate only. Outcome and prior process evidence require primary-source verification.
RHC-0019-ACQUIRED-ALDR,ALDR,Alder BioPharmaceuticals,ACQUIRED,2019,EDGAR 8-K Lundbeck deal Sep 2019; ~$1.95B; eptinezumab migraine CGRP,https://efts.sec.gov/LATEST/search-index?q=ALDR+%22Alder+BioPharmaceuticals%22+%22agreement+and+plan+of+merger%22+%22per+share%22&forms=8-K%2CDEFM14A%2CDEF+14A%2CSC+TO-T%2CSC+TO-I&dateRange=custom&startdt=2019-01-01&enddt=2019-12-31,https://efts.sec.gov/LATEST/search-index?q=ALDR+%22Alder+BioPharmaceuticals%22+%22strategic+alternatives%22+OR+%22financial+advisor%22+OR+%22review+of+strategic+alternatives%22&forms=8-K%2C10-Q%2C10-K&dateRange=custom&startdt=2016-01-01&enddt=2019-12-31,https://efts.sec.gov/LATEST/search-index?q=ALDR+%22Alder+BioPharmaceuticals%22+%22Item+4%22+OR+%22strategic+alternatives%22+OR+%22maximize+shareholder+value%22&forms=SC+13D%2CSC+13D%2FA&dateRange=custom&startdt=2016-01-01&enddt=2019-12-31,https://efts.sec.gov/LATEST/search-index?q=ALDR+%22Alder+BioPharmaceuticals%22+%22right+of+first+refusal%22+OR+%22right+of+first+negotiation%22+OR+%22option+to+acquire%22&forms=8-K%2C10-K%2C10-Q%2CEX-10&dateRange=custom&startdt=2016-01-01&enddt=2019-12-31,https://efts.sec.gov/LATEST/search-index?q=ALDR+%22Alder+BioPharmaceuticals%22+%22background+of+the+merger%22+OR+%22reasons+for+the+merger%22+OR+%22S-4%22&forms=DEFM14A%2CDEF+14A%2CS-4%2C424B3&dateRange=custom&startdt=2016-01-01&enddt=2019-12-31,CANDIDATE,HIGH,Likely resolved historical ACQUIRED outcome; mine backward for pre-outcome process signals.,At upper limit of target range. Confirm exact mcap at time.
RHC-0020-ACQUIRED-ARRY,ARRY,Array BioPharma Inc.,ACQUIRED,2019,Pfizer acquisition; verify with 8-K merger agreement and proxy.,https://efts.sec.gov/LATEST/search-index?q=ARRY+%22Array+BioPharma+Inc.%22+%22agreement+and+plan+of+merger%22+%22per+share%22&forms=8-K%2CDEFM14A%2CDEF+14A%2CSC+TO-T%2CSC+TO-I&dateRange=custom&startdt=2019-01-01&enddt=2019-12-31,https://efts.sec.gov/LATEST/search-index?q=ARRY+%22Array+BioPharma+Inc.%22+%22strategic+alternatives%22+OR+%22financial+advisor%22+OR+%22review+of+strategic+alternatives%22&forms=8-K%2C10-Q%2C10-K&dateRange=custom&startdt=2016-01-01&enddt=2019-12-31,https://efts.sec.gov/LATEST/search-index?q=ARRY+%22Array+BioPharma+Inc.%22+%22Item+4%22+OR+%22strategic+alternatives%22+OR+%22maximize+shareholder+value%22&forms=SC+13D%2CSC+13D%2FA&dateRange=custom&startdt=2016-01-01&enddt=2019-12-31,https://efts.sec.gov/LATEST/search-index?q=ARRY+%22Array+BioPharma+Inc.%22+%22right+of+first+refusal%22+OR+%22right+of+first+negotiation%22+OR+%22option+to+acquire%22&forms=8-K%2C10-K%2C10-Q%2CEX-10&dateRange=custom&startdt=2016-01-01&enddt=2019-12-31,https://efts.sec.gov/LATEST/search-index?q=ARRY+%22Array+BioPharma+Inc.%22+%22background+of+the+merger%22+OR+%22reasons+for+the+merger%22+OR+%22S-4%22&forms=DEFM14A%2CDEF+14A%2CS-4%2C424B3&dateRange=custom&startdt=2016-01-01&enddt=2019-12-31,CANDIDATE,HIGH,Likely resolved historical ACQUIRED outcome; mine backward for pre-outcome process signals.,Candidate only. Outcome and prior process evidence require primary-source verification.
RHC-0021-ACQUIRED-CMTA,CMTA,Clementia Pharmaceuticals Inc.,ACQUIRED,2019,Ipsen acquisition; verify with 8-K/6-K transaction filings.,https://efts.sec.gov/LATEST/search-index?q=CMTA+%22Clementia+Pharmaceuticals+Inc.%22+%22agreement+and+plan+of+merger%22+%22per+share%22&forms=8-K%2CDEFM14A%2CDEF+14A%2CSC+TO-T%2CSC+TO-I&dateRange=custom&startdt=2019-01-01&enddt=2019-12-31,https://efts.sec.gov/LATEST/search-index?q=CMTA+%22Clementia+Pharmaceuticals+Inc.%22+%22strategic+alternatives%22+OR+%22financial+advisor%22+OR+%22review+of+strategic+alternatives%22&forms=8-K%2C10-Q%2C10-K&dateRange=custom&startdt=2016-01-01&enddt=2019-12-31,https://efts.sec.gov/LATEST/search-index?q=CMTA+%22Clementia+Pharmaceuticals+Inc.%22+%22Item+4%22+OR+%22strategic+alternatives%22+OR+%22maximize+shareholder+value%22&forms=SC+13D%2CSC+13D%2FA&dateRange=custom&startdt=2016-01-01&enddt=2019-12-31,https://efts.sec.gov/LATEST/search-index?q=CMTA+%22Clementia+Pharmaceuticals+Inc.%22+%22right+of+first+refusal%22+OR+%22right+of+first+negotiation%22+OR+%22option+to+acquire%22&forms=8-K%2C10-K%2C10-Q%2CEX-10&dateRange=custom&startdt=2016-01-01&enddt=2019-12-31,https://efts.sec.gov/LATEST/search-index?q=CMTA+%22Clementia+Pharmaceuticals+Inc.%22+%22background+of+the+merger%22+OR+%22reasons+for+the+merger%22+OR+%22S-4%22&forms=DEFM14A%2CDEF+14A%2CS-4%2C424B3&dateRange=custom&startdt=2016-01-01&enddt=2019-12-31,CANDIDATE,HIGH,Likely resolved historical ACQUIRED outcome; mine backward for pre-outcome process signals.,Candidate only. Outcome and prior process evidence require primary-source verification.
RHC-0022-ACQUIRED-LOXO,LOXO,"Loxo Oncology, Inc.",ACQUIRED,2019,Eli Lilly acquisition; verify with 8-K merger agreement and proxy.,https://efts.sec.gov/LATEST/search-index?q=LOXO+%22Loxo+Oncology%2C+Inc.%22+%22agreement+and+plan+of+merger%22+%22per+share%22&forms=8-K%2CDEFM14A%2CDEF+14A%2CSC+TO-T%2CSC+TO-I&dateRange=custom&startdt=2019-01-01&enddt=2019-12-31,https://efts.sec.gov/LATEST/search-index?q=LOXO+%22Loxo+Oncology%2C+Inc.%22+%22strategic+alternatives%22+OR+%22financial+advisor%22+OR+%22review+of+strategic+alternatives%22&forms=8-K%2C10-Q%2C10-K&dateRange=custom&startdt=2016-01-01&enddt=2019-12-31,https://efts.sec.gov/LATEST/search-index?q=LOXO+%22Loxo+Oncology%2C+Inc.%22+%22Item+4%22+OR+%22strategic+alternatives%22+OR+%22maximize+shareholder+value%22&forms=SC+13D%2CSC+13D%2FA&dateRange=custom&startdt=2016-01-01&enddt=2019-12-31,https://efts.sec.gov/LATEST/search-index?q=LOXO+%22Loxo+Oncology%2C+Inc.%22+%22right+of+first+refusal%22+OR+%22right+of+first+negotiation%22+OR+%22option+to+acquire%22&forms=8-K%2C10-K%2C10-Q%2CEX-10&dateRange=custom&startdt=2016-01-01&enddt=2019-12-31,https://efts.sec.gov/LATEST/search-index?q=LOXO+%22Loxo+Oncology%2C+Inc.%22+%22background+of+the+merger%22+OR+%22reasons+for+the+merger%22+OR+%22S-4%22&forms=DEFM14A%2CDEF+14A%2CS-4%2C424B3&dateRange=custom&startdt=2016-01-01&enddt=2019-12-31,CANDIDATE,HIGH,Likely resolved historical ACQUIRED outcome; mine backward for pre-outcome process signals.,Candidate only. Outcome and prior process evidence require primary-source verification.
RHC-0023-ACQUIRED-NITE,NITE,Nightstar Therapeutics plc,ACQUIRED,2019,Biogen acquisition; verify with 8-K/6-K merger agreement and tender offer filings.,https://efts.sec.gov/LATEST/search-index?q=NITE+%22Nightstar+Therapeutics+plc%22+%22agreement+and+plan+of+merger%22+%22per+share%22&forms=8-K%2CDEFM14A%2CDEF+14A%2CSC+TO-T%2CSC+TO-I&dateRange=custom&startdt=2019-01-01&enddt=2019-12-31,https://efts.sec.gov/LATEST/search-index?q=NITE+%22Nightstar+Therapeutics+plc%22+%22strategic+alternatives%22+OR+%22financial+advisor%22+OR+%22review+of+strategic+alternatives%22&forms=8-K%2C10-Q%2C10-K&dateRange=custom&startdt=2016-01-01&enddt=2019-12-31,https://efts.sec.gov/LATEST/search-index?q=NITE+%22Nightstar+Therapeutics+plc%22+%22Item+4%22+OR+%22strategic+alternatives%22+OR+%22maximize+shareholder+value%22&forms=SC+13D%2CSC+13D%2FA&dateRange=custom&startdt=2016-01-01&enddt=2019-12-31,https://efts.sec.gov/LATEST/search-index?q=NITE+%22Nightstar+Therapeutics+plc%22+%22right+of+first+refusal%22+OR+%22right+of+first+negotiation%22+OR+%22option+to+acquire%22&forms=8-K%2C10-K%2C10-Q%2CEX-10&dateRange=custom&startdt=2016-01-01&enddt=2019-12-31,https://efts.sec.gov/LATEST/search-index?q=NITE+%22Nightstar+Therapeutics+plc%22+%22background+of+the+merger%22+OR+%22reasons+for+the+merger%22+OR+%22S-4%22&forms=DEFM14A%2CDEF+14A%2CS-4%2C424B3&dateRange=custom&startdt=2016-01-01&enddt=2019-12-31,CANDIDATE,HIGH,Likely resolved historical ACQUIRED outcome; mine backward for pre-outcome process signals.,Candidate only. Outcome and prior process evidence require primary-source verification.
RHC-0024-ACQUIRED-ONCE,ONCE,"Spark Therapeutics, Inc.",ACQUIRED,2019,Roche acquisition; verify with merger 8-K and proxy.,https://efts.sec.gov/LATEST/search-index?q=ONCE+%22Spark+Therapeutics%2C+Inc.%22+%22agreement+and+plan+of+merger%22+%22per+share%22&forms=8-K%2CDEFM14A%2CDEF+14A%2CSC+TO-T%2CSC+TO-I&dateRange=custom&startdt=2019-01-01&enddt=2019-12-31,https://efts.sec.gov/LATEST/search-index?q=ONCE+%22Spark+Therapeutics%2C+Inc.%22+%22strategic+alternatives%22+OR+%22financial+advisor%22+OR+%22review+of+strategic+alternatives%22&forms=8-K%2C10-Q%2C10-K&dateRange=custom&startdt=2016-01-01&enddt=2019-12-31,https://efts.sec.gov/LATEST/search-index?q=ONCE+%22Spark+Therapeutics%2C+Inc.%22+%22Item+4%22+OR+%22strategic+alternatives%22+OR+%22maximize+shareholder+value%22&forms=SC+13D%2CSC+13D%2FA&dateRange=custom&startdt=2016-01-01&enddt=2019-12-31,https://efts.sec.gov/LATEST/search-index?q=ONCE+%22Spark+Therapeutics%2C+Inc.%22+%22right+of+first+refusal%22+OR+%22right+of+first+negotiation%22+OR+%22option+to+acquire%22&forms=8-K%2C10-K%2C10-Q%2CEX-10&dateRange=custom&startdt=2016-01-01&enddt=2019-12-31,https://efts.sec.gov/LATEST/search-index?q=ONCE+%22Spark+Therapeutics%2C+Inc.%22+%22background+of+the+merger%22+OR+%22reasons+for+the+merger%22+OR+%22S-4%22&forms=DEFM14A%2CDEF+14A%2CS-4%2C424B3&dateRange=custom&startdt=2016-01-01&enddt=2019-12-31,CANDIDATE,HIGH,Likely resolved historical ACQUIRED outcome; mine backward for pre-outcome process signals.,Candidate only. Outcome and prior process evidence require primary-source verification.
RHC-0025-ACQUIRED-TSRO,TSRO,"TESARO, Inc.",ACQUIRED,2019,GSK acquisition; verify with merger 8-K and proxy/tender filings.,https://efts.sec.gov/LATEST/search-index?q=TSRO+%22TESARO%2C+Inc.%22+%22agreement+and+plan+of+merger%22+%22per+share%22&forms=8-K%2CDEFM14A%2CDEF+14A%2CSC+TO-T%2CSC+TO-I&dateRange=custom&startdt=2019-01-01&enddt=2019-12-31,https://efts.sec.gov/LATEST/search-index?q=TSRO+%22TESARO%2C+Inc.%22+%22strategic+alternatives%22+OR+%22financial+advisor%22+OR+%22review+of+strategic+alternatives%22&forms=8-K%2C10-Q%2C10-K&dateRange=custom&startdt=2016-01-01&enddt=2019-12-31,https://efts.sec.gov/LATEST/search-index?q=TSRO+%22TESARO%2C+Inc.%22+%22Item+4%22+OR+%22strategic+alternatives%22+OR+%22maximize+shareholder+value%22&forms=SC+13D%2CSC+13D%2FA&dateRange=custom&startdt=2016-01-01&enddt=2019-12-31,https://efts.sec.gov/LATEST/search-index?q=TSRO+%22TESARO%2C+Inc.%22+%22right+of+first+refusal%22+OR+%22right+of+first+negotiation%22+OR+%22option+to+acquire%22&forms=8-K%2C10-K%2C10-Q%2CEX-10&dateRange=custom&startdt=2016-01-01&enddt=2019-12-31,https://efts.sec.gov/LATEST/search-index?q=TSRO+%22TESARO%2C+Inc.%22+%22background+of+the+merger%22+OR+%22reasons+for+the+merger%22+OR+%22S-4%22&forms=DEFM14A%2CDEF+14A%2CS-4%2C424B3&dateRange=custom&startdt=2016-01-01&enddt=2019-12-31,CANDIDATE,HIGH,Likely resolved historical ACQUIRED outcome; mine backward for pre-outcome process signals.,Candidate only. Outcome and prior process evidence require primary-source verification.
RHC-0026-ACQUIRED-ACHN,ACHN,Achillion Pharmaceuticals,ACQUIRED,2020,EDGAR 8-K Alexion deal Jan 2020; ~$930M; complement complement factor D,https://efts.sec.gov/LATEST/search-index?q=ACHN+%22Achillion+Pharmaceuticals%22+%22agreement+and+plan+of+merger%22+%22per+share%22&forms=8-K%2CDEFM14A%2CDEF+14A%2CSC+TO-T%2CSC+TO-I&dateRange=custom&startdt=2020-01-01&enddt=2020-12-31,https://efts.sec.gov/LATEST/search-index?q=ACHN+%22Achillion+Pharmaceuticals%22+%22strategic+alternatives%22+OR+%22financial+advisor%22+OR+%22review+of+strategic+alternatives%22&forms=8-K%2C10-Q%2C10-K&dateRange=custom&startdt=2017-01-01&enddt=2020-12-31,https://efts.sec.gov/LATEST/search-index?q=ACHN+%22Achillion+Pharmaceuticals%22+%22Item+4%22+OR+%22strategic+alternatives%22+OR+%22maximize+shareholder+value%22&forms=SC+13D%2CSC+13D%2FA&dateRange=custom&startdt=2017-01-01&enddt=2020-12-31,https://efts.sec.gov/LATEST/search-index?q=ACHN+%22Achillion+Pharmaceuticals%22+%22right+of+first+refusal%22+OR+%22right+of+first+negotiation%22+OR+%22option+to+acquire%22&forms=8-K%2C10-K%2C10-Q%2CEX-10&dateRange=custom&startdt=2017-01-01&enddt=2020-12-31,https://efts.sec.gov/LATEST/search-index?q=ACHN+%22Achillion+Pharmaceuticals%22+%22background+of+the+merger%22+OR+%22reasons+for+the+merger%22+OR+%22S-4%22&forms=DEFM14A%2CDEF+14A%2CS-4%2C424B3&dateRange=custom&startdt=2017-01-01&enddt=2020-12-31,CANDIDATE,HIGH,Likely resolved historical ACQUIRED outcome; mine backward for pre-outcome process signals.,Small cap at time. Rare disease. No prior SA expected.
RHC-0027-ACQUIRED-BOLD,BOLD,"Audentes Therapeutics, Inc.",ACQUIRED,2020,Astellas acquisition; verify with 8-K merger agreement and tender offer filings.,https://efts.sec.gov/LATEST/search-index?q=BOLD+%22Audentes+Therapeutics%2C+Inc.%22+%22agreement+and+plan+of+merger%22+%22per+share%22&forms=8-K%2CDEFM14A%2CDEF+14A%2CSC+TO-T%2CSC+TO-I&dateRange=custom&startdt=2020-01-01&enddt=2020-12-31,https://efts.sec.gov/LATEST/search-index?q=BOLD+%22Audentes+Therapeutics%2C+Inc.%22+%22strategic+alternatives%22+OR+%22financial+advisor%22+OR+%22review+of+strategic+alternatives%22&forms=8-K%2C10-Q%2C10-K&dateRange=custom&startdt=2017-01-01&enddt=2020-12-31,https://efts.sec.gov/LATEST/search-index?q=BOLD+%22Audentes+Therapeutics%2C+Inc.%22+%22Item+4%22+OR+%22strategic+alternatives%22+OR+%22maximize+shareholder+value%22&forms=SC+13D%2CSC+13D%2FA&dateRange=custom&startdt=2017-01-01&enddt=2020-12-31,https://efts.sec.gov/LATEST/search-index?q=BOLD+%22Audentes+Therapeutics%2C+Inc.%22+%22right+of+first+refusal%22+OR+%22right+of+first+negotiation%22+OR+%22option+to+acquire%22&forms=8-K%2C10-K%2C10-Q%2CEX-10&dateRange=custom&startdt=2017-01-01&enddt=2020-12-31,https://efts.sec.gov/LATEST/search-index?q=BOLD+%22Audentes+Therapeutics%2C+Inc.%22+%22background+of+the+merger%22+OR+%22reasons+for+the+merger%22+OR+%22S-4%22&forms=DEFM14A%2CDEF+14A%2CS-4%2C424B3&dateRange=custom&startdt=2017-01-01&enddt=2020-12-31,CANDIDATE,HIGH,Likely resolved historical ACQUIRED outcome; mine backward for pre-outcome process signals.,Candidate only. Outcome and prior process evidence require primary-source verification.
RHC-0028-ACQUIRED-DERM,DERM,Dermira,ACQUIRED,2020,EDGAR 8-K Eli Lilly deal 2020; ~$1.1B; lebrikizumab cimtrekacept; check,https://efts.sec.gov/LATEST/search-index?q=DERM+%22Dermira%22+%22agreement+and+plan+of+merger%22+%22per+share%22&forms=8-K%2CDEFM14A%2CDEF+14A%2CSC+TO-T%2CSC+TO-I&dateRange=custom&startdt=2020-01-01&enddt=2020-12-31,https://efts.sec.gov/LATEST/search-index?q=DERM+%22Dermira%22+%22strategic+alternatives%22+OR+%22financial+advisor%22+OR+%22review+of+strategic+alternatives%22&forms=8-K%2C10-Q%2C10-K&dateRange=custom&startdt=2017-01-01&enddt=2020-12-31,https://efts.sec.gov/LATEST/search-index?q=DERM+%22Dermira%22+%22Item+4%22+OR+%22strategic+alternatives%22+OR+%22maximize+shareholder+value%22&forms=SC+13D%2CSC+13D%2FA&dateRange=custom&startdt=2017-01-01&enddt=2020-12-31,https://efts.sec.gov/LATEST/search-index?q=DERM+%22Dermira%22+%22right+of+first+refusal%22+OR+%22right+of+first+negotiation%22+OR+%22option+to+acquire%22&forms=8-K%2C10-K%2C10-Q%2CEX-10&dateRange=custom&startdt=2017-01-01&enddt=2020-12-31,https://efts.sec.gov/LATEST/search-index?q=DERM+%22Dermira%22+%22background+of+the+merger%22+OR+%22reasons+for+the+merger%22+OR+%22S-4%22&forms=DEFM14A%2CDEF+14A%2CS-4%2C424B3&dateRange=custom&startdt=2017-01-01&enddt=2020-12-31,CANDIDATE,HIGH,Likely resolved historical ACQUIRED outcome; mine backward for pre-outcome process signals.,Confirm exact deal value. Good dermatology/autoimmune case.
RHC-0029-ACQUIRED-FTSV,FTSV,"Forty Seven, Inc.",ACQUIRED,2020,Gilead acquisition; verify with 8-K merger agreement and tender offer filings.,https://efts.sec.gov/LATEST/search-index?q=FTSV+%22Forty+Seven%2C+Inc.%22+%22agreement+and+plan+of+merger%22+%22per+share%22&forms=8-K%2CDEFM14A%2CDEF+14A%2CSC+TO-T%2CSC+TO-I&dateRange=custom&startdt=2020-01-01&enddt=2020-12-31,https://efts.sec.gov/LATEST/search-index?q=FTSV+%22Forty+Seven%2C+Inc.%22+%22strategic+alternatives%22+OR+%22financial+advisor%22+OR+%22review+of+strategic+alternatives%22&forms=8-K%2C10-Q%2C10-K&dateRange=custom&startdt=2017-01-01&enddt=2020-12-31,https://efts.sec.gov/LATEST/search-index?q=FTSV+%22Forty+Seven%2C+Inc.%22+%22Item+4%22+OR+%22strategic+alternatives%22+OR+%22maximize+shareholder+value%22&forms=SC+13D%2CSC+13D%2FA&dateRange=custom&startdt=2017-01-01&enddt=2020-12-31,https://efts.sec.gov/LATEST/search-index?q=FTSV+%22Forty+Seven%2C+Inc.%22+%22right+of+first+refusal%22+OR+%22right+of+first+negotiation%22+OR+%22option+to+acquire%22&forms=8-K%2C10-K%2C10-Q%2CEX-10&dateRange=custom&startdt=2017-01-01&enddt=2020-12-31,https://efts.sec.gov/LATEST/search-index?q=FTSV+%22Forty+Seven%2C+Inc.%22+%22background+of+the+merger%22+OR+%22reasons+for+the+merger%22+OR+%22S-4%22&forms=DEFM14A%2CDEF+14A%2CS-4%2C424B3&dateRange=custom&startdt=2017-01-01&enddt=2020-12-31,CANDIDATE,HIGH,Likely resolved historical ACQUIRED outcome; mine backward for pre-outcome process signals.,Candidate only. Outcome and prior process evidence require primary-source verification.
RHC-0030-ACQUIRED-MNTA,MNTA,"Momenta Pharmaceuticals, Inc.",ACQUIRED,2020,Johnson & Johnson acquisition; verify with 8-K merger agreement and proxy.,https://efts.sec.gov/LATEST/search-index?q=MNTA+%22Momenta+Pharmaceuticals%2C+Inc.%22+%22agreement+and+plan+of+merger%22+%22per+share%22&forms=8-K%2CDEFM14A%2CDEF+14A%2CSC+TO-T%2CSC+TO-I&dateRange=custom&startdt=2020-01-01&enddt=2020-12-31,https://efts.sec.gov/LATEST/search-index?q=MNTA+%22Momenta+Pharmaceuticals%2C+Inc.%22+%22strategic+alternatives%22+OR+%22financial+advisor%22+OR+%22review+of+strategic+alternatives%22&forms=8-K%2C10-Q%2C10-K&dateRange=custom&startdt=2017-01-01&enddt=2020-12-31,https://efts.sec.gov/LATEST/search-index?q=MNTA+%22Momenta+Pharmaceuticals%2C+Inc.%22+%22Item+4%22+OR+%22strategic+alternatives%22+OR+%22maximize+shareholder+value%22&forms=SC+13D%2CSC+13D%2FA&dateRange=custom&startdt=2017-01-01&enddt=2020-12-31,https://efts.sec.gov/LATEST/search-index?q=MNTA+%22Momenta+Pharmaceuticals%2C+Inc.%22+%22right+of+first+refusal%22+OR+%22right+of+first+negotiation%22+OR+%22option+to+acquire%22&forms=8-K%2C10-K%2C10-Q%2CEX-10&dateRange=custom&startdt=2017-01-01&enddt=2020-12-31,https://efts.sec.gov/LATEST/search-index?q=MNTA+%22Momenta+Pharmaceuticals%2C+Inc.%22+%22background+of+the+merger%22+OR+%22reasons+for+the+merger%22+OR+%22S-4%22&forms=DEFM14A%2CDEF+14A%2CS-4%2C424B3&dateRange=custom&startdt=2017-01-01&enddt=2020-12-31,CANDIDATE,HIGH,Likely resolved historical ACQUIRED outcome; mine backward for pre-outcome process signals.,Candidate only. Outcome and prior process evidence require primary-source verification.
RHC-0031-ACQUIRED-MYOK,MYOK,"MyoKardia, Inc.",ACQUIRED,2020,Bristol Myers Squibb acquisition; verify with 8-K and proxy/tender filings.,https://efts.sec.gov/LATEST/search-index?q=MYOK+%22MyoKardia%2C+Inc.%22+%22agreement+and+plan+of+merger%22+%22per+share%22&forms=8-K%2CDEFM14A%2CDEF+14A%2CSC+TO-T%2CSC+TO-I&dateRange=custom&startdt=2020-01-01&enddt=2020-12-31,https://efts.sec.gov/LATEST/search-index?q=MYOK+%22MyoKardia%2C+Inc.%22+%22strategic+alternatives%22+OR+%22financial+advisor%22+OR+%22review+of+strategic+alternatives%22&forms=8-K%2C10-Q%2C10-K&dateRange=custom&startdt=2017-01-01&enddt=2020-12-31,https://efts.sec.gov/LATEST/search-index?q=MYOK+%22MyoKardia%2C+Inc.%22+%22Item+4%22+OR+%22strategic+alternatives%22+OR+%22maximize+shareholder+value%22&forms=SC+13D%2CSC+13D%2FA&dateRange=custom&startdt=2017-01-01&enddt=2020-12-31,https://efts.sec.gov/LATEST/search-index?q=MYOK+%22MyoKardia%2C+Inc.%22+%22right+of+first+refusal%22+OR+%22right+of+first+negotiation%22+OR+%22option+to+acquire%22&forms=8-K%2C10-K%2C10-Q%2CEX-10&dateRange=custom&startdt=2017-01-01&enddt=2020-12-31,https://efts.sec.gov/LATEST/search-index?q=MYOK+%22MyoKardia%2C+Inc.%22+%22background+of+the+merger%22+OR+%22reasons+for+the+merger%22+OR+%22S-4%22&forms=DEFM14A%2CDEF+14A%2CS-4%2C424B3&dateRange=custom&startdt=2017-01-01&enddt=2020-12-31,CANDIDATE,HIGH,Likely resolved historical ACQUIRED outcome; mine backward for pre-outcome process signals.,Candidate only. Outcome and prior process evidence require primary-source verification.
RHC-0032-ACQUIRED-PGNX,PGNX,Progenics Pharmaceuticals,ACQUIRED,2020,EDGAR 8-K Lantheus deal 2020; ~$441M; PyL PSMA PET imaging,https://efts.sec.gov/LATEST/search-index?q=PGNX+%22Progenics+Pharmaceuticals%22+%22agreement+and+plan+of+merger%22+%22per+share%22&forms=8-K%2CDEFM14A%2CDEF+14A%2CSC+TO-T%2CSC+TO-I&dateRange=custom&startdt=2020-01-01&enddt=2020-12-31,https://efts.sec.gov/LATEST/search-index?q=PGNX+%22Progenics+Pharmaceuticals%22+%22strategic+alternatives%22+OR+%22financial+advisor%22+OR+%22review+of+strategic+alternatives%22&forms=8-K%2C10-Q%2C10-K&dateRange=custom&startdt=2017-01-01&enddt=2020-12-31,https://efts.sec.gov/LATEST/search-index?q=PGNX+%22Progenics+Pharmaceuticals%22+%22Item+4%22+OR+%22strategic+alternatives%22+OR+%22maximize+shareholder+value%22&forms=SC+13D%2CSC+13D%2FA&dateRange=custom&startdt=2017-01-01&enddt=2020-12-31,https://efts.sec.gov/LATEST/search-index?q=PGNX+%22Progenics+Pharmaceuticals%22+%22right+of+first+refusal%22+OR+%22right+of+first+negotiation%22+OR+%22option+to+acquire%22&forms=8-K%2C10-K%2C10-Q%2CEX-10&dateRange=custom&startdt=2017-01-01&enddt=2020-12-31,https://efts.sec.gov/LATEST/search-index?q=PGNX+%22Progenics+Pharmaceuticals%22+%22background+of+the+merger%22+OR+%22reasons+for+the+merger%22+OR+%22S-4%22&forms=DEFM14A%2CDEF+14A%2CS-4%2C424B3&dateRange=custom&startdt=2017-01-01&enddt=2020-12-31,CANDIDATE,HIGH,Likely resolved historical ACQUIRED outcome; mine backward for pre-outcome process signals.,Good small-cap deal. Note Lantheus is nuclear medicine — adjacent to biotech.
RHC-0033-ACQUIRED-PRNB,PRNB,Principia Biopharma Inc.,ACQUIRED,2020,Sanofi acquisition; verify with 8-K merger agreement and tender offer filings.,https://efts.sec.gov/LATEST/search-index?q=PRNB+%22Principia+Biopharma+Inc.%22+%22agreement+and+plan+of+merger%22+%22per+share%22&forms=8-K%2CDEFM14A%2CDEF+14A%2CSC+TO-T%2CSC+TO-I&dateRange=custom&startdt=2020-01-01&enddt=2020-12-31,https://efts.sec.gov/LATEST/search-index?q=PRNB+%22Principia+Biopharma+Inc.%22+%22strategic+alternatives%22+OR+%22financial+advisor%22+OR+%22review+of+strategic+alternatives%22&forms=8-K%2C10-Q%2C10-K&dateRange=custom&startdt=2017-01-01&enddt=2020-12-31,https://efts.sec.gov/LATEST/search-index?q=PRNB+%22Principia+Biopharma+Inc.%22+%22Item+4%22+OR+%22strategic+alternatives%22+OR+%22maximize+shareholder+value%22&forms=SC+13D%2CSC+13D%2FA&dateRange=custom&startdt=2017-01-01&enddt=2020-12-31,https://efts.sec.gov/LATEST/search-index?q=PRNB+%22Principia+Biopharma+Inc.%22+%22right+of+first+refusal%22+OR+%22right+of+first+negotiation%22+OR+%22option+to+acquire%22&forms=8-K%2C10-K%2C10-Q%2CEX-10&dateRange=custom&startdt=2017-01-01&enddt=2020-12-31,https://efts.sec.gov/LATEST/search-index?q=PRNB+%22Principia+Biopharma+Inc.%22+%22background+of+the+merger%22+OR+%22reasons+for+the+merger%22+OR+%22S-4%22&forms=DEFM14A%2CDEF+14A%2CS-4%2C424B3&dateRange=custom&startdt=2017-01-01&enddt=2020-12-31,CANDIDATE,HIGH,Likely resolved historical ACQUIRED outcome; mine backward for pre-outcome process signals.,Candidate only. Outcome and prior process evidence require primary-source verification.
RHC-0034-ACQUIRED-PRVL,PRVL,Prevail Therapeutics Inc.,ACQUIRED,2020,Eli Lilly acquisition; verify with 8-K merger agreement and tender offer filings.,https://efts.sec.gov/LATEST/search-index?q=PRVL+%22Prevail+Therapeutics+Inc.%22+%22agreement+and+plan+of+merger%22+%22per+share%22&forms=8-K%2CDEFM14A%2CDEF+14A%2CSC+TO-T%2CSC+TO-I&dateRange=custom&startdt=2020-01-01&enddt=2020-12-31,https://efts.sec.gov/LATEST/search-index?q=PRVL+%22Prevail+Therapeutics+Inc.%22+%22strategic+alternatives%22+OR+%22financial+advisor%22+OR+%22review+of+strategic+alternatives%22&forms=8-K%2C10-Q%2C10-K&dateRange=custom&startdt=2017-01-01&enddt=2020-12-31,https://efts.sec.gov/LATEST/search-index?q=PRVL+%22Prevail+Therapeutics+Inc.%22+%22Item+4%22+OR+%22strategic+alternatives%22+OR+%22maximize+shareholder+value%22&forms=SC+13D%2CSC+13D%2FA&dateRange=custom&startdt=2017-01-01&enddt=2020-12-31,https://efts.sec.gov/LATEST/search-index?q=PRVL+%22Prevail+Therapeutics+Inc.%22+%22right+of+first+refusal%22+OR+%22right+of+first+negotiation%22+OR+%22option+to+acquire%22&forms=8-K%2C10-K%2C10-Q%2CEX-10&dateRange=custom&startdt=2017-01-01&enddt=2020-12-31,https://efts.sec.gov/LATEST/search-index?q=PRVL+%22Prevail+Therapeutics+Inc.%22+%22background+of+the+merger%22+OR+%22reasons+for+the+merger%22+OR+%22S-4%22&forms=DEFM14A%2CDEF+14A%2CS-4%2C424B3&dateRange=custom&startdt=2017-01-01&enddt=2020-12-31,CANDIDATE,HIGH,Likely resolved historical ACQUIRED outcome; mine backward for pre-outcome process signals.,Candidate only. Outcome and prior process evidence require primary-source verification.
RHC-0035-ACQUIRED-ADMS,ADMS,Adamas Pharmaceuticals,ACQUIRED,2021,EDGAR 8-K Supernus deal Nov 2021; ~$400M; amantadine NMDA,https://efts.sec.gov/LATEST/search-index?q=ADMS+%22Adamas+Pharmaceuticals%22+%22agreement+and+plan+of+merger%22+%22per+share%22&forms=8-K%2CDEFM14A%2CDEF+14A%2CSC+TO-T%2CSC+TO-I&dateRange=custom&startdt=2021-01-01&enddt=2021-12-31,https://efts.sec.gov/LATEST/search-index?q=ADMS+%22Adamas+Pharmaceuticals%22+%22strategic+alternatives%22+OR+%22financial+advisor%22+OR+%22review+of+strategic+alternatives%22&forms=8-K%2C10-Q%2C10-K&dateRange=custom&startdt=2018-01-01&enddt=2021-12-31,https://efts.sec.gov/LATEST/search-index?q=ADMS+%22Adamas+Pharmaceuticals%22+%22Item+4%22+OR+%22strategic+alternatives%22+OR+%22maximize+shareholder+value%22&forms=SC+13D%2CSC+13D%2FA&dateRange=custom&startdt=2018-01-01&enddt=2021-12-31,https://efts.sec.gov/LATEST/search-index?q=ADMS+%22Adamas+Pharmaceuticals%22+%22right+of+first+refusal%22+OR+%22right+of+first+negotiation%22+OR+%22option+to+acquire%22&forms=8-K%2C10-K%2C10-Q%2CEX-10&dateRange=custom&startdt=2018-01-01&enddt=2021-12-31,https://efts.sec.gov/LATEST/search-index?q=ADMS+%22Adamas+Pharmaceuticals%22+%22background+of+the+merger%22+OR+%22reasons+for+the+merger%22+OR+%22S-4%22&forms=DEFM14A%2CDEF+14A%2CS-4%2C424B3&dateRange=custom&startdt=2018-01-01&enddt=2021-12-31,CANDIDATE,HIGH,Likely resolved historical ACQUIRED outcome; mine backward for pre-outcome process signals.,Small cap CNS. Good fit for target universe.
RHC-0036-ACQUIRED-DOVA,DOVA,Dova Pharmaceuticals,ACQUIRED,2021,EDGAR 8-K Swedish Orphan Biovitrum deal 2021; ~$915M; avatrombopag,https://efts.sec.gov/LATEST/search-index?q=DOVA+%22Dova+Pharmaceuticals%22+%22agreement+and+plan+of+merger%22+%22per+share%22&forms=8-K%2CDEFM14A%2CDEF+14A%2CSC+TO-T%2CSC+TO-I&dateRange=custom&startdt=2021-01-01&enddt=2021-12-31,https://efts.sec.gov/LATEST/search-index?q=DOVA+%22Dova+Pharmaceuticals%22+%22strategic+alternatives%22+OR+%22financial+advisor%22+OR+%22review+of+strategic+alternatives%22&forms=8-K%2C10-Q%2C10-K&dateRange=custom&startdt=2018-01-01&enddt=2021-12-31,https://efts.sec.gov/LATEST/search-index?q=DOVA+%22Dova+Pharmaceuticals%22+%22Item+4%22+OR+%22strategic+alternatives%22+OR+%22maximize+shareholder+value%22&forms=SC+13D%2CSC+13D%2FA&dateRange=custom&startdt=2018-01-01&enddt=2021-12-31,https://efts.sec.gov/LATEST/search-index?q=DOVA+%22Dova+Pharmaceuticals%22+%22right+of+first+refusal%22+OR+%22right+of+first+negotiation%22+OR+%22option+to+acquire%22&forms=8-K%2C10-K%2C10-Q%2CEX-10&dateRange=custom&startdt=2018-01-01&enddt=2021-12-31,https://efts.sec.gov/LATEST/search-index?q=DOVA+%22Dova+Pharmaceuticals%22+%22background+of+the+merger%22+OR+%22reasons+for+the+merger%22+OR+%22S-4%22&forms=DEFM14A%2CDEF+14A%2CS-4%2C424B3&dateRange=custom&startdt=2018-01-01&enddt=2021-12-31,CANDIDATE,HIGH,Likely resolved historical ACQUIRED outcome; mine backward for pre-outcome process signals.,Confirm deal value and SOBI as acquirer. Find 8-K.
RHC-0037-ACQUIRED-DRNA,DRNA,"Dicerna Pharmaceuticals, Inc.",ACQUIRED,2021,Novo Nordisk acquisition; verify with merger 8-K and proxy.,https://efts.sec.gov/LATEST/search-index?q=DRNA+%22Dicerna+Pharmaceuticals%2C+Inc.%22+%22agreement+and+plan+of+merger%22+%22per+share%22&forms=8-K%2CDEFM14A%2CDEF+14A%2CSC+TO-T%2CSC+TO-I&dateRange=custom&startdt=2021-01-01&enddt=2021-12-31,https://efts.sec.gov/LATEST/search-index?q=DRNA+%22Dicerna+Pharmaceuticals%2C+Inc.%22+%22strategic+alternatives%22+OR+%22financial+advisor%22+OR+%22review+of+strategic+alternatives%22&forms=8-K%2C10-Q%2C10-K&dateRange=custom&startdt=2018-01-01&enddt=2021-12-31,https://efts.sec.gov/LATEST/search-index?q=DRNA+%22Dicerna+Pharmaceuticals%2C+Inc.%22+%22Item+4%22+OR+%22strategic+alternatives%22+OR+%22maximize+shareholder+value%22&forms=SC+13D%2CSC+13D%2FA&dateRange=custom&startdt=2018-01-01&enddt=2021-12-31,https://efts.sec.gov/LATEST/search-index?q=DRNA+%22Dicerna+Pharmaceuticals%2C+Inc.%22+%22right+of+first+refusal%22+OR+%22right+of+first+negotiation%22+OR+%22option+to+acquire%22&forms=8-K%2C10-K%2C10-Q%2CEX-10&dateRange=custom&startdt=2018-01-01&enddt=2021-12-31,https://efts.sec.gov/LATEST/search-index?q=DRNA+%22Dicerna+Pharmaceuticals%2C+Inc.%22+%22background+of+the+merger%22+OR+%22reasons+for+the+merger%22+OR+%22S-4%22&forms=DEFM14A%2CDEF+14A%2CS-4%2C424B3&dateRange=custom&startdt=2018-01-01&enddt=2021-12-31,CANDIDATE,HIGH,Likely resolved historical ACQUIRED outcome; mine backward for pre-outcome process signals.,Candidate only. Outcome and prior process evidence require primary-source verification.
RHC-0038-ACQUIRED-FLXN,FLXN,Flexion Therapeutics,ACQUIRED,2021,EDGAR 8-K Pacira BioSciences deal Oct 2021; ~$448M; Zilretta,https://efts.sec.gov/LATEST/search-index?q=FLXN+%22Flexion+Therapeutics%22+%22agreement+and+plan+of+merger%22+%22per+share%22&forms=8-K%2CDEFM14A%2CDEF+14A%2CSC+TO-T%2CSC+TO-I&dateRange=custom&startdt=2021-01-01&enddt=2021-12-31,https://efts.sec.gov/LATEST/search-index?q=FLXN+%22Flexion+Therapeutics%22+%22strategic+alternatives%22+OR+%22financial+advisor%22+OR+%22review+of+strategic+alternatives%22&forms=8-K%2C10-Q%2C10-K&dateRange=custom&startdt=2018-01-01&enddt=2021-12-31,https://efts.sec.gov/LATEST/search-index?q=FLXN+%22Flexion+Therapeutics%22+%22Item+4%22+OR+%22strategic+alternatives%22+OR+%22maximize+shareholder+value%22&forms=SC+13D%2CSC+13D%2FA&dateRange=custom&startdt=2018-01-01&enddt=2021-12-31,https://efts.sec.gov/LATEST/search-index?q=FLXN+%22Flexion+Therapeutics%22+%22right+of+first+refusal%22+OR+%22right+of+first+negotiation%22+OR+%22option+to+acquire%22&forms=8-K%2C10-K%2C10-Q%2CEX-10&dateRange=custom&startdt=2018-01-01&enddt=2021-12-31,https://efts.sec.gov/LATEST/search-index?q=FLXN+%22Flexion+Therapeutics%22+%22background+of+the+merger%22+OR+%22reasons+for+the+merger%22+OR+%22S-4%22&forms=DEFM14A%2CDEF+14A%2CS-4%2C424B3&dateRange=custom&startdt=2018-01-01&enddt=2021-12-31,CANDIDATE,HIGH,Likely resolved historical ACQUIRED outcome; mine backward for pre-outcome process signals.,Good small-cap specialty pharma deal. Check for prior SA signals.
RHC-0039-ACQUIRED-FPRX,FPRX,"Five Prime Therapeutics, Inc.",ACQUIRED,2021,Amgen acquisition; verify with 8-K merger agreement and tender offer filings.,https://efts.sec.gov/LATEST/search-index?q=FPRX+%22Five+Prime+Therapeutics%2C+Inc.%22+%22agreement+and+plan+of+merger%22+%22per+share%22&forms=8-K%2CDEFM14A%2CDEF+14A%2CSC+TO-T%2CSC+TO-I&dateRange=custom&startdt=2021-01-01&enddt=2021-12-31,https://efts.sec.gov/LATEST/search-index?q=FPRX+%22Five+Prime+Therapeutics%2C+Inc.%22+%22strategic+alternatives%22+OR+%22financial+advisor%22+OR+%22review+of+strategic+alternatives%22&forms=8-K%2C10-Q%2C10-K&dateRange=custom&startdt=2018-01-01&enddt=2021-12-31,https://efts.sec.gov/LATEST/search-index?q=FPRX+%22Five+Prime+Therapeutics%2C+Inc.%22+%22Item+4%22+OR+%22strategic+alternatives%22+OR+%22maximize+shareholder+value%22&forms=SC+13D%2CSC+13D%2FA&dateRange=custom&startdt=2018-01-01&enddt=2021-12-31,https://efts.sec.gov/LATEST/search-index?q=FPRX+%22Five+Prime+Therapeutics%2C+Inc.%22+%22right+of+first+refusal%22+OR+%22right+of+first+negotiation%22+OR+%22option+to+acquire%22&forms=8-K%2C10-K%2C10-Q%2CEX-10&dateRange=custom&startdt=2018-01-01&enddt=2021-12-31,https://efts.sec.gov/LATEST/search-index?q=FPRX+%22Five+Prime+Therapeutics%2C+Inc.%22+%22background+of+the+merger%22+OR+%22reasons+for+the+merger%22+OR+%22S-4%22&forms=DEFM14A%2CDEF+14A%2CS-4%2C424B3&dateRange=custom&startdt=2018-01-01&enddt=2021-12-31,CANDIDATE,HIGH,Likely resolved historical ACQUIRED outcome; mine backward for pre-outcome process signals.,Candidate only. Outcome and prior process evidence require primary-source verification.
RHC-0040-ACQUIRED-GWPH,GWPH,GW Pharmaceuticals plc,ACQUIRED,2021,Jazz acquisition; verify with 8-K/6-K transaction filings and proxy/circular.,https://efts.sec.gov/LATEST/search-index?q=GWPH+%22GW+Pharmaceuticals+plc%22+%22agreement+and+plan+of+merger%22+%22per+share%22&forms=8-K%2CDEFM14A%2CDEF+14A%2CSC+TO-T%2CSC+TO-I&dateRange=custom&startdt=2021-01-01&enddt=2021-12-31,https://efts.sec.gov/LATEST/search-index?q=GWPH+%22GW+Pharmaceuticals+plc%22+%22strategic+alternatives%22+OR+%22financial+advisor%22+OR+%22review+of+strategic+alternatives%22&forms=8-K%2C10-Q%2C10-K&dateRange=custom&startdt=2018-01-01&enddt=2021-12-31,https://efts.sec.gov/LATEST/search-index?q=GWPH+%22GW+Pharmaceuticals+plc%22+%22Item+4%22+OR+%22strategic+alternatives%22+OR+%22maximize+shareholder+value%22&forms=SC+13D%2CSC+13D%2FA&dateRange=custom&startdt=2018-01-01&enddt=2021-12-31,https://efts.sec.gov/LATEST/search-index?q=GWPH+%22GW+Pharmaceuticals+plc%22+%22right+of+first+refusal%22+OR+%22right+of+first+negotiation%22+OR+%22option+to+acquire%22&forms=8-K%2C10-K%2C10-Q%2CEX-10&dateRange=custom&startdt=2018-01-01&enddt=2021-12-31,https://efts.sec.gov/LATEST/search-index?q=GWPH+%22GW+Pharmaceuticals+plc%22+%22background+of+the+merger%22+OR+%22reasons+for+the+merger%22+OR+%22S-4%22&forms=DEFM14A%2CDEF+14A%2CS-4%2C424B3&dateRange=custom&startdt=2018-01-01&enddt=2021-12-31,CANDIDATE,HIGH,Likely resolved historical ACQUIRED outcome; mine backward for pre-outcome process signals.,Candidate only. Outcome and prior process evidence require primary-source verification.
RHC-0041-ACQUIRED-PAND,PAND,Pandion Therapeutics,ACQUIRED,2021,EDGAR 8-K Merck deal Feb 2021; $1.85B; immunology autoimmune,https://efts.sec.gov/LATEST/search-index?q=PAND+%22Pandion+Therapeutics%22+%22agreement+and+plan+of+merger%22+%22per+share%22&forms=8-K%2CDEFM14A%2CDEF+14A%2CSC+TO-T%2CSC+TO-I&dateRange=custom&startdt=2021-01-01&enddt=2021-12-31,https://efts.sec.gov/LATEST/search-index?q=PAND+%22Pandion+Therapeutics%22+%22strategic+alternatives%22+OR+%22financial+advisor%22+OR+%22review+of+strategic+alternatives%22&forms=8-K%2C10-Q%2C10-K&dateRange=custom&startdt=2018-01-01&enddt=2021-12-31,https://efts.sec.gov/LATEST/search-index?q=PAND+%22Pandion+Therapeutics%22+%22Item+4%22+OR+%22strategic+alternatives%22+OR+%22maximize+shareholder+value%22&forms=SC+13D%2CSC+13D%2FA&dateRange=custom&startdt=2018-01-01&enddt=2021-12-31,https://efts.sec.gov/LATEST/search-index?q=PAND+%22Pandion+Therapeutics%22+%22right+of+first+refusal%22+OR+%22right+of+first+negotiation%22+OR+%22option+to+acquire%22&forms=8-K%2C10-K%2C10-Q%2CEX-10&dateRange=custom&startdt=2018-01-01&enddt=2021-12-31,https://efts.sec.gov/LATEST/search-index?q=PAND+%22Pandion+Therapeutics%22+%22background+of+the+merger%22+OR+%22reasons+for+the+merger%22+OR+%22S-4%22&forms=DEFM14A%2CDEF+14A%2CS-4%2C424B3&dateRange=custom&startdt=2018-01-01&enddt=2021-12-31,CANDIDATE,HIGH,Likely resolved historical ACQUIRED outcome; mine backward for pre-outcome process signals.,SCORE_ONLY → deal. Good baseline false-negative for process detection.
RHC-0042-ACQUIRED-PTLA,PTLA,Portola Pharmaceuticals,ACQUIRED,2021,EDGAR 8-K Alexion deal 2021; ~$1.41B; andexanet alfa Andexxa,https://efts.sec.gov/LATEST/search-index?q=PTLA+%22Portola+Pharmaceuticals%22+%22agreement+and+plan+of+merger%22+%22per+share%22&forms=8-K%2CDEFM14A%2CDEF+14A%2CSC+TO-T%2CSC+TO-I&dateRange=custom&startdt=2021-01-01&enddt=2021-12-31,https://efts.sec.gov/LATEST/search-index?q=PTLA+%22Portola+Pharmaceuticals%22+%22strategic+alternatives%22+OR+%22financial+advisor%22+OR+%22review+of+strategic+alternatives%22&forms=8-K%2C10-Q%2C10-K&dateRange=custom&startdt=2018-01-01&enddt=2021-12-31,https://efts.sec.gov/LATEST/search-index?q=PTLA+%22Portola+Pharmaceuticals%22+%22Item+4%22+OR+%22strategic+alternatives%22+OR+%22maximize+shareholder+value%22&forms=SC+13D%2CSC+13D%2FA&dateRange=custom&startdt=2018-01-01&enddt=2021-12-31,https://efts.sec.gov/LATEST/search-index?q=PTLA+%22Portola+Pharmaceuticals%22+%22right+of+first+refusal%22+OR+%22right+of+first+negotiation%22+OR+%22option+to+acquire%22&forms=8-K%2C10-K%2C10-Q%2CEX-10&dateRange=custom&startdt=2018-01-01&enddt=2021-12-31,https://efts.sec.gov/LATEST/search-index?q=PTLA+%22Portola+Pharmaceuticals%22+%22background+of+the+merger%22+OR+%22reasons+for+the+merger%22+OR+%22S-4%22&forms=DEFM14A%2CDEF+14A%2CS-4%2C424B3&dateRange=custom&startdt=2018-01-01&enddt=2021-12-31,CANDIDATE,HIGH,Likely resolved historical ACQUIRED outcome; mine backward for pre-outcome process signals.,Check for any prior process signals; company was distressed before deal.
RHC-0043-ACQUIRED-TRIL,TRIL,Trillium Therapeutics Inc.,ACQUIRED,2021,Pfizer acquisition; verify with transaction 8-K/6-K and circular.,https://efts.sec.gov/LATEST/search-index?q=TRIL+%22Trillium+Therapeutics+Inc.%22+%22agreement+and+plan+of+merger%22+%22per+share%22&forms=8-K%2CDEFM14A%2CDEF+14A%2CSC+TO-T%2CSC+TO-I&dateRange=custom&startdt=2021-01-01&enddt=2021-12-31,https://efts.sec.gov/LATEST/search-index?q=TRIL+%22Trillium+Therapeutics+Inc.%22+%22strategic+alternatives%22+OR+%22financial+advisor%22+OR+%22review+of+strategic+alternatives%22&forms=8-K%2C10-Q%2C10-K&dateRange=custom&startdt=2018-01-01&enddt=2021-12-31,https://efts.sec.gov/LATEST/search-index?q=TRIL+%22Trillium+Therapeutics+Inc.%22+%22Item+4%22+OR+%22strategic+alternatives%22+OR+%22maximize+shareholder+value%22&forms=SC+13D%2CSC+13D%2FA&dateRange=custom&startdt=2018-01-01&enddt=2021-12-31,https://efts.sec.gov/LATEST/search-index?q=TRIL+%22Trillium+Therapeutics+Inc.%22+%22right+of+first+refusal%22+OR+%22right+of+first+negotiation%22+OR+%22option+to+acquire%22&forms=8-K%2C10-K%2C10-Q%2CEX-10&dateRange=custom&startdt=2018-01-01&enddt=2021-12-31,https://efts.sec.gov/LATEST/search-index?q=TRIL+%22Trillium+Therapeutics+Inc.%22+%22background+of+the+merger%22+OR+%22reasons+for+the+merger%22+OR+%22S-4%22&forms=DEFM14A%2CDEF+14A%2CS-4%2C424B3&dateRange=custom&startdt=2018-01-01&enddt=2021-12-31,CANDIDATE,HIGH,Likely resolved historical ACQUIRED outcome; mine backward for pre-outcome process signals.,Candidate only. Outcome and prior process evidence require primary-source verification.
RHC-0044-ACQUIRED-VIE,VIE,"Viela Bio, Inc.",ACQUIRED,2021,Horizon acquisition; verify with 8-K merger agreement and tender offer filings.,https://efts.sec.gov/LATEST/search-index?q=VIE+%22Viela+Bio%2C+Inc.%22+%22agreement+and+plan+of+merger%22+%22per+share%22&forms=8-K%2CDEFM14A%2CDEF+14A%2CSC+TO-T%2CSC+TO-I&dateRange=custom&startdt=2021-01-01&enddt=2021-12-31,https://efts.sec.gov/LATEST/search-index?q=VIE+%22Viela+Bio%2C+Inc.%22+%22strategic+alternatives%22+OR+%22financial+advisor%22+OR+%22review+of+strategic+alternatives%22&forms=8-K%2C10-Q%2C10-K&dateRange=custom&startdt=2018-01-01&enddt=2021-12-31,https://efts.sec.gov/LATEST/search-index?q=VIE+%22Viela+Bio%2C+Inc.%22+%22Item+4%22+OR+%22strategic+alternatives%22+OR+%22maximize+shareholder+value%22&forms=SC+13D%2CSC+13D%2FA&dateRange=custom&startdt=2018-01-01&enddt=2021-12-31,https://efts.sec.gov/LATEST/search-index?q=VIE+%22Viela+Bio%2C+Inc.%22+%22right+of+first+refusal%22+OR+%22right+of+first+negotiation%22+OR+%22option+to+acquire%22&forms=8-K%2C10-K%2C10-Q%2CEX-10&dateRange=custom&startdt=2018-01-01&enddt=2021-12-31,https://efts.sec.gov/LATEST/search-index?q=VIE+%22Viela+Bio%2C+Inc.%22+%22background+of+the+merger%22+OR+%22reasons+for+the+merger%22+OR+%22S-4%22&forms=DEFM14A%2CDEF+14A%2CS-4%2C424B3&dateRange=custom&startdt=2018-01-01&enddt=2021-12-31,CANDIDATE,HIGH,Likely resolved historical ACQUIRED outcome; mine backward for pre-outcome process signals.,Candidate only. Outcome and prior process evidence require primary-source verification.
RHC-0045-ACQUIRED-XLRN,XLRN,Acceleron Pharma Inc.,ACQUIRED,2021,Merck acquisition; verify with merger 8-K and tender offer filings.,https://efts.sec.gov/LATEST/search-index?q=XLRN+%22Acceleron+Pharma+Inc.%22+%22agreement+and+plan+of+merger%22+%22per+share%22&forms=8-K%2CDEFM14A%2CDEF+14A%2CSC+TO-T%2CSC+TO-I&dateRange=custom&startdt=2021-01-01&enddt=2021-12-31,https://efts.sec.gov/LATEST/search-index?q=XLRN+%22Acceleron+Pharma+Inc.%22+%22strategic+alternatives%22+OR+%22financial+advisor%22+OR+%22review+of+strategic+alternatives%22&forms=8-K%2C10-Q%2C10-K&dateRange=custom&startdt=2018-01-01&enddt=2021-12-31,https://efts.sec.gov/LATEST/search-index?q=XLRN+%22Acceleron+Pharma+Inc.%22+%22Item+4%22+OR+%22strategic+alternatives%22+OR+%22maximize+shareholder+value%22&forms=SC+13D%2CSC+13D%2FA&dateRange=custom&startdt=2018-01-01&enddt=2021-12-31,https://efts.sec.gov/LATEST/search-index?q=XLRN+%22Acceleron+Pharma+Inc.%22+%22right+of+first+refusal%22+OR+%22right+of+first+negotiation%22+OR+%22option+to+acquire%22&forms=8-K%2C10-K%2C10-Q%2CEX-10&dateRange=custom&startdt=2018-01-01&enddt=2021-12-31,https://efts.sec.gov/LATEST/search-index?q=XLRN+%22Acceleron+Pharma+Inc.%22+%22background+of+the+merger%22+OR+%22reasons+for+the+merger%22+OR+%22S-4%22&forms=DEFM14A%2CDEF+14A%2CS-4%2C424B3&dateRange=custom&startdt=2018-01-01&enddt=2021-12-31,CANDIDATE,HIGH,Likely resolved historical ACQUIRED outcome; mine backward for pre-outcome process signals.,Candidate only. Outcome and prior process evidence require primary-source verification.
RHC-0046-ACQUIRED-ATRS,ATRS,Antares Pharma,ACQUIRED,2022,EDGAR 8-K Halozyme deal Apr 2022; ~$960M; auto-injector specialty pharma,https://efts.sec.gov/LATEST/search-index?q=ATRS+%22Antares+Pharma%22+%22agreement+and+plan+of+merger%22+%22per+share%22&forms=8-K%2CDEFM14A%2CDEF+14A%2CSC+TO-T%2CSC+TO-I&dateRange=custom&startdt=2022-01-01&enddt=2022-12-31,https://efts.sec.gov/LATEST/search-index?q=ATRS+%22Antares+Pharma%22+%22strategic+alternatives%22+OR+%22financial+advisor%22+OR+%22review+of+strategic+alternatives%22&forms=8-K%2C10-Q%2C10-K&dateRange=custom&startdt=2019-01-01&enddt=2022-12-31,https://efts.sec.gov/LATEST/search-index?q=ATRS+%22Antares+Pharma%22+%22Item+4%22+OR+%22strategic+alternatives%22+OR+%22maximize+shareholder+value%22&forms=SC+13D%2CSC+13D%2FA&dateRange=custom&startdt=2019-01-01&enddt=2022-12-31,https://efts.sec.gov/LATEST/search-index?q=ATRS+%22Antares+Pharma%22+%22right+of+first+refusal%22+OR+%22right+of+first+negotiation%22+OR+%22option+to+acquire%22&forms=8-K%2C10-K%2C10-Q%2CEX-10&dateRange=custom&startdt=2019-01-01&enddt=2022-12-31,https://efts.sec.gov/LATEST/search-index?q=ATRS+%22Antares+Pharma%22+%22background+of+the+merger%22+OR+%22reasons+for+the+merger%22+OR+%22S-4%22&forms=DEFM14A%2CDEF+14A%2CS-4%2C424B3&dateRange=custom&startdt=2019-01-01&enddt=2022-12-31,CANDIDATE,HIGH,Likely resolved historical ACQUIRED outcome; mine backward for pre-outcome process signals.,Specialty pharma adjacent to biotech. Include as reference.
RHC-0047-ACQUIRED-AVEO,AVEO,AVEO Oncology,ACQUIRED,2022,EDGAR 8-K LG Chem acquisition 2022; ~$640M; tivozanib renal cell carcinoma,https://efts.sec.gov/LATEST/search-index?q=AVEO+%22AVEO+Oncology%22+%22agreement+and+plan+of+merger%22+%22per+share%22&forms=8-K%2CDEFM14A%2CDEF+14A%2CSC+TO-T%2CSC+TO-I&dateRange=custom&startdt=2022-01-01&enddt=2022-12-31,https://efts.sec.gov/LATEST/search-index?q=AVEO+%22AVEO+Oncology%22+%22strategic+alternatives%22+OR+%22financial+advisor%22+OR+%22review+of+strategic+alternatives%22&forms=8-K%2C10-Q%2C10-K&dateRange=custom&startdt=2019-01-01&enddt=2022-12-31,https://efts.sec.gov/LATEST/search-index?q=AVEO+%22AVEO+Oncology%22+%22Item+4%22+OR+%22strategic+alternatives%22+OR+%22maximize+shareholder+value%22&forms=SC+13D%2CSC+13D%2FA&dateRange=custom&startdt=2019-01-01&enddt=2022-12-31,https://efts.sec.gov/LATEST/search-index?q=AVEO+%22AVEO+Oncology%22+%22right+of+first+refusal%22+OR+%22right+of+first+negotiation%22+OR+%22option+to+acquire%22&forms=8-K%2C10-K%2C10-Q%2CEX-10&dateRange=custom&startdt=2019-01-01&enddt=2022-12-31,https://efts.sec.gov/LATEST/search-index?q=AVEO+%22AVEO+Oncology%22+%22background+of+the+merger%22+OR+%22reasons+for+the+merger%22+OR+%22S-4%22&forms=DEFM14A%2CDEF+14A%2CS-4%2C424B3&dateRange=custom&startdt=2019-01-01&enddt=2022-12-31,CANDIDATE,HIGH,Likely resolved historical ACQUIRED outcome; mine backward for pre-outcome process signals.,Korean pharma as acquirer — unusual. Confirm LG Chem deal value and date. Good small-cap oncology deal.
RHC-0048-ACQUIRED-BHVN,BHVN,Biohaven Pharmaceutical Holding Company Ltd.,ACQUIRED,2022,Pfizer acquisition of Biohaven operating company; verify with 8-K/6-K and proxy filings.,https://efts.sec.gov/LATEST/search-index?q=BHVN+%22Biohaven+Pharmaceutical+Holding+Company+Ltd.%22+%22agreement+and+plan+of+merger%22+%22per+share%22&forms=8-K%2CDEFM14A%2CDEF+14A%2CSC+TO-T%2CSC+TO-I&dateRange=custom&startdt=2022-01-01&enddt=2022-12-31,https://efts.sec.gov/LATEST/search-index?q=BHVN+%22Biohaven+Pharmaceutical+Holding+Company+Ltd.%22+%22strategic+alternatives%22+OR+%22financial+advisor%22+OR+%22review+of+strategic+alternatives%22&forms=8-K%2C10-Q%2C10-K&dateRange=custom&startdt=2019-01-01&enddt=2022-12-31,https://efts.sec.gov/LATEST/search-index?q=BHVN+%22Biohaven+Pharmaceutical+Holding+Company+Ltd.%22+%22Item+4%22+OR+%22strategic+alternatives%22+OR+%22maximize+shareholder+value%22&forms=SC+13D%2CSC+13D%2FA&dateRange=custom&startdt=2019-01-01&enddt=2022-12-31,https://efts.sec.gov/LATEST/search-index?q=BHVN+%22Biohaven+Pharmaceutical+Holding+Company+Ltd.%22+%22right+of+first+refusal%22+OR+%22right+of+first+negotiation%22+OR+%22option+to+acquire%22&forms=8-K%2C10-K%2C10-Q%2CEX-10&dateRange=custom&startdt=2019-01-01&enddt=2022-12-31,https://efts.sec.gov/LATEST/search-index?q=BHVN+%22Biohaven+Pharmaceutical+Holding+Company+Ltd.%22+%22background+of+the+merger%22+OR+%22reasons+for+the+merger%22+OR+%22S-4%22&forms=DEFM14A%2CDEF+14A%2CS-4%2C424B3&dateRange=custom&startdt=2019-01-01&enddt=2022-12-31,CANDIDATE,HIGH,Likely resolved historical ACQUIRED outcome; mine backward for pre-outcome process signals.,Candidate only. Outcome and prior process evidence require primary-source verification.
RHC-0049-ACQUIRED-CCXI,CCXI,"ChemoCentryx, Inc.",ACQUIRED,2022,Amgen acquisition; verify with merger 8-K and proxy.,https://efts.sec.gov/LATEST/search-index?q=CCXI+%22ChemoCentryx%2C+Inc.%22+%22agreement+and+plan+of+merger%22+%22per+share%22&forms=8-K%2CDEFM14A%2CDEF+14A%2CSC+TO-T%2CSC+TO-I&dateRange=custom&startdt=2022-01-01&enddt=2022-12-31,https://efts.sec.gov/LATEST/search-index?q=CCXI+%22ChemoCentryx%2C+Inc.%22+%22strategic+alternatives%22+OR+%22financial+advisor%22+OR+%22review+of+strategic+alternatives%22&forms=8-K%2C10-Q%2C10-K&dateRange=custom&startdt=2019-01-01&enddt=2022-12-31,https://efts.sec.gov/LATEST/search-index?q=CCXI+%22ChemoCentryx%2C+Inc.%22+%22Item+4%22+OR+%22strategic+alternatives%22+OR+%22maximize+shareholder+value%22&forms=SC+13D%2CSC+13D%2FA&dateRange=custom&startdt=2019-01-01&enddt=2022-12-31,https://efts.sec.gov/LATEST/search-index?q=CCXI+%22ChemoCentryx%2C+Inc.%22+%22right+of+first+refusal%22+OR+%22right+of+first+negotiation%22+OR+%22option+to+acquire%22&forms=8-K%2C10-K%2C10-Q%2CEX-10&dateRange=custom&startdt=2019-01-01&enddt=2022-12-31,https://efts.sec.gov/LATEST/search-index?q=CCXI+%22ChemoCentryx%2C+Inc.%22+%22background+of+the+merger%22+OR+%22reasons+for+the+merger%22+OR+%22S-4%22&forms=DEFM14A%2CDEF+14A%2CS-4%2C424B3&dateRange=custom&startdt=2019-01-01&enddt=2022-12-31,CANDIDATE,HIGH,Likely resolved historical ACQUIRED outcome; mine backward for pre-outcome process signals.,Candidate only. Outcome and prior process evidence require primary-source verification.
RHC-0050-ACQUIRED-CMPI,CMPI,Checkmate Pharmaceuticals,ACQUIRED,2022,EDGAR 8-K Pfizer deal Jan 2022; ~$2.1B; vidutolimod CpG-A TLR9,https://efts.sec.gov/LATEST/search-index?q=CMPI+%22Checkmate+Pharmaceuticals%22+%22agreement+and+plan+of+merger%22+%22per+share%22&forms=8-K%2CDEFM14A%2CDEF+14A%2CSC+TO-T%2CSC+TO-I&dateRange=custom&startdt=2022-01-01&enddt=2022-12-31,https://efts.sec.gov/LATEST/search-index?q=CMPI+%22Checkmate+Pharmaceuticals%22+%22strategic+alternatives%22+OR+%22financial+advisor%22+OR+%22review+of+strategic+alternatives%22&forms=8-K%2C10-Q%2C10-K&dateRange=custom&startdt=2019-01-01&enddt=2022-12-31,https://efts.sec.gov/LATEST/search-index?q=CMPI+%22Checkmate+Pharmaceuticals%22+%22Item+4%22+OR+%22strategic+alternatives%22+OR+%22maximize+shareholder+value%22&forms=SC+13D%2CSC+13D%2FA&dateRange=custom&startdt=2019-01-01&enddt=2022-12-31,https://efts.sec.gov/LATEST/search-index?q=CMPI+%22Checkmate+Pharmaceuticals%22+%22right+of+first+refusal%22+OR+%22right+of+first+negotiation%22+OR+%22option+to+acquire%22&forms=8-K%2C10-K%2C10-Q%2CEX-10&dateRange=custom&startdt=2019-01-01&enddt=2022-12-31,https://efts.sec.gov/LATEST/search-index?q=CMPI+%22Checkmate+Pharmaceuticals%22+%22background+of+the+merger%22+OR+%22reasons+for+the+merger%22+OR+%22S-4%22&forms=DEFM14A%2CDEF+14A%2CS-4%2C424B3&dateRange=custom&startdt=2019-01-01&enddt=2022-12-31,CANDIDATE,HIGH,Likely resolved historical ACQUIRED outcome; mine backward for pre-outcome process signals.,Small immuno-oncology. Check for any prior SA or activist signal.
RHC-0051-ACQUIRED-EPZM,EPZM,Epizyme,ACQUIRED,2022,EDGAR 8-K Ipsen deal 2022; ~$247M; tazemetostat EZH2; company had announced strategic alternatives,https://efts.sec.gov/LATEST/search-index?q=EPZM+%22Epizyme%22+%22agreement+and+plan+of+merger%22+%22per+share%22&forms=8-K%2CDEFM14A%2CDEF+14A%2CSC+TO-T%2CSC+TO-I&dateRange=custom&startdt=2022-01-01&enddt=2022-12-31,https://efts.sec.gov/LATEST/search-index?q=EPZM+%22Epizyme%22+%22strategic+alternatives%22+OR+%22financial+advisor%22+OR+%22review+of+strategic+alternatives%22&forms=8-K%2C10-Q%2C10-K&dateRange=custom&startdt=2019-01-01&enddt=2022-12-31,https://efts.sec.gov/LATEST/search-index?q=EPZM+%22Epizyme%22+%22Item+4%22+OR+%22strategic+alternatives%22+OR+%22maximize+shareholder+value%22&forms=SC+13D%2CSC+13D%2FA&dateRange=custom&startdt=2019-01-01&enddt=2022-12-31,https://efts.sec.gov/LATEST/search-index?q=EPZM+%22Epizyme%22+%22right+of+first+refusal%22+OR+%22right+of+first+negotiation%22+OR+%22option+to+acquire%22&forms=8-K%2C10-K%2C10-Q%2CEX-10&dateRange=custom&startdt=2019-01-01&enddt=2022-12-31,https://efts.sec.gov/LATEST/search-index?q=EPZM+%22Epizyme%22+%22background+of+the+merger%22+OR+%22reasons+for+the+merger%22+OR+%22S-4%22&forms=DEFM14A%2CDEF+14A%2CS-4%2C424B3&dateRange=custom&startdt=2019-01-01&enddt=2022-12-31,CANDIDATE,HIGH,Likely resolved historical ACQUIRED outcome; mine backward for pre-outcome process signals.,SA_AFFIRM then Ipsen deal. Confirm SA 8-K date before deal. Good AFFIRM case.
RHC-0052-ACQUIRED-FMTX,FMTX,"Forma Therapeutics Holdings, Inc.",ACQUIRED,2022,Novo Nordisk acquisition; verify with 8-K merger agreement.,https://efts.sec.gov/LATEST/search-index?q=FMTX+%22Forma+Therapeutics+Holdings%2C+Inc.%22+%22agreement+and+plan+of+merger%22+%22per+share%22&forms=8-K%2CDEFM14A%2CDEF+14A%2CSC+TO-T%2CSC+TO-I&dateRange=custom&startdt=2022-01-01&enddt=2022-12-31,https://efts.sec.gov/LATEST/search-index?q=FMTX+%22Forma+Therapeutics+Holdings%2C+Inc.%22+%22strategic+alternatives%22+OR+%22financial+advisor%22+OR+%22review+of+strategic+alternatives%22&forms=8-K%2C10-Q%2C10-K&dateRange=custom&startdt=2019-01-01&enddt=2022-12-31,https://efts.sec.gov/LATEST/search-index?q=FMTX+%22Forma+Therapeutics+Holdings%2C+Inc.%22+%22Item+4%22+OR+%22strategic+alternatives%22+OR+%22maximize+shareholder+value%22&forms=SC+13D%2CSC+13D%2FA&dateRange=custom&startdt=2019-01-01&enddt=2022-12-31,https://efts.sec.gov/LATEST/search-index?q=FMTX+%22Forma+Therapeutics+Holdings%2C+Inc.%22+%22right+of+first+refusal%22+OR+%22right+of+first+negotiation%22+OR+%22option+to+acquire%22&forms=8-K%2C10-K%2C10-Q%2CEX-10&dateRange=custom&startdt=2019-01-01&enddt=2022-12-31,https://efts.sec.gov/LATEST/search-index?q=FMTX+%22Forma+Therapeutics+Holdings%2C+Inc.%22+%22background+of+the+merger%22+OR+%22reasons+for+the+merger%22+OR+%22S-4%22&forms=DEFM14A%2CDEF+14A%2CS-4%2C424B3&dateRange=custom&startdt=2019-01-01&enddt=2022-12-31,CANDIDATE,HIGH,Likely resolved historical ACQUIRED outcome; mine backward for pre-outcome process signals.,Candidate only. Outcome and prior process evidence require primary-source verification.
RHC-0053-ACQUIRED-GBT,GBT,"Global Blood Therapeutics, Inc.",ACQUIRED,2022,Pfizer acquisition; verify with 8-K merger agreement and proxy.,https://efts.sec.gov/LATEST/search-index?q=GBT+%22Global+Blood+Therapeutics%2C+Inc.%22+%22agreement+and+plan+of+merger%22+%22per+share%22&forms=8-K%2CDEFM14A%2CDEF+14A%2CSC+TO-T%2CSC+TO-I&dateRange=custom&startdt=2022-01-01&enddt=2022-12-31,https://efts.sec.gov/LATEST/search-index?q=GBT+%22Global+Blood+Therapeutics%2C+Inc.%22+%22strategic+alternatives%22+OR+%22financial+advisor%22+OR+%22review+of+strategic+alternatives%22&forms=8-K%2C10-Q%2C10-K&dateRange=custom&startdt=2019-01-01&enddt=2022-12-31,https://efts.sec.gov/LATEST/search-index?q=GBT+%22Global+Blood+Therapeutics%2C+Inc.%22+%22Item+4%22+OR+%22strategic+alternatives%22+OR+%22maximize+shareholder+value%22&forms=SC+13D%2CSC+13D%2FA&dateRange=custom&startdt=2019-01-01&enddt=2022-12-31,https://efts.sec.gov/LATEST/search-index?q=GBT+%22Global+Blood+Therapeutics%2C+Inc.%22+%22right+of+first+refusal%22+OR+%22right+of+first+negotiation%22+OR+%22option+to+acquire%22&forms=8-K%2C10-K%2C10-Q%2CEX-10&dateRange=custom&startdt=2019-01-01&enddt=2022-12-31,https://efts.sec.gov/LATEST/search-index?q=GBT+%22Global+Blood+Therapeutics%2C+Inc.%22+%22background+of+the+merger%22+OR+%22reasons+for+the+merger%22+OR+%22S-4%22&forms=DEFM14A%2CDEF+14A%2CS-4%2C424B3&dateRange=custom&startdt=2019-01-01&enddt=2022-12-31,CANDIDATE,HIGH,Likely resolved historical ACQUIRED outcome; mine backward for pre-outcome process signals.,Candidate only. Outcome and prior process evidence require primary-source verification.
RHC-0054-ACQUIRED-IMGO,IMGO,Imago BioSciences,ACQUIRED,2022,EDGAR 8-K Merck deal Dec 2022; $1.35B; $36/share; bemarituzumab? No — bonemarrow. Imetelstat? No — imageotumab? Check,https://efts.sec.gov/LATEST/search-index?q=IMGO+%22Imago+BioSciences%22+%22agreement+and+plan+of+merger%22+%22per+share%22&forms=8-K%2CDEFM14A%2CDEF+14A%2CSC+TO-T%2CSC+TO-I&dateRange=custom&startdt=2022-01-01&enddt=2022-12-31,https://efts.sec.gov/LATEST/search-index?q=IMGO+%22Imago+BioSciences%22+%22strategic+alternatives%22+OR+%22financial+advisor%22+OR+%22review+of+strategic+alternatives%22&forms=8-K%2C10-Q%2C10-K&dateRange=custom&startdt=2019-01-01&enddt=2022-12-31,https://efts.sec.gov/LATEST/search-index?q=IMGO+%22Imago+BioSciences%22+%22Item+4%22+OR+%22strategic+alternatives%22+OR+%22maximize+shareholder+value%22&forms=SC+13D%2CSC+13D%2FA&dateRange=custom&startdt=2019-01-01&enddt=2022-12-31,https://efts.sec.gov/LATEST/search-index?q=IMGO+%22Imago+BioSciences%22+%22right+of+first+refusal%22+OR+%22right+of+first+negotiation%22+OR+%22option+to+acquire%22&forms=8-K%2C10-K%2C10-Q%2CEX-10&dateRange=custom&startdt=2019-01-01&enddt=2022-12-31,https://efts.sec.gov/LATEST/search-index?q=IMGO+%22Imago+BioSciences%22+%22background+of+the+merger%22+OR+%22reasons+for+the+merger%22+OR+%22S-4%22&forms=DEFM14A%2CDEF+14A%2CS-4%2C424B3&dateRange=custom&startdt=2019-01-01&enddt=2022-12-31,CANDIDATE,HIGH,Likely resolved historical ACQUIRED outcome; mine backward for pre-outcome process signals.,SCORE_ONLY → deal. No prior SA. Find Merck 8-K on EDGAR. Verify exact drug name and deal structure.
RHC-0055-ACQUIRED-OYST,OYST,Oyster Point Pharma,ACQUIRED,2022,EDGAR 8-K Viatris deal 2022; ~$475M; OC-01 varenicline dry eye,https://efts.sec.gov/LATEST/search-index?q=OYST+%22Oyster+Point+Pharma%22+%22agreement+and+plan+of+merger%22+%22per+share%22&forms=8-K%2CDEFM14A%2CDEF+14A%2CSC+TO-T%2CSC+TO-I&dateRange=custom&startdt=2022-01-01&enddt=2022-12-31,https://efts.sec.gov/LATEST/search-index?q=OYST+%22Oyster+Point+Pharma%22+%22strategic+alternatives%22+OR+%22financial+advisor%22+OR+%22review+of+strategic+alternatives%22&forms=8-K%2C10-Q%2C10-K&dateRange=custom&startdt=2019-01-01&enddt=2022-12-31,https://efts.sec.gov/LATEST/search-index?q=OYST+%22Oyster+Point+Pharma%22+%22Item+4%22+OR+%22strategic+alternatives%22+OR+%22maximize+shareholder+value%22&forms=SC+13D%2CSC+13D%2FA&dateRange=custom&startdt=2019-01-01&enddt=2022-12-31,https://efts.sec.gov/LATEST/search-index?q=OYST+%22Oyster+Point+Pharma%22+%22right+of+first+refusal%22+OR+%22right+of+first+negotiation%22+OR+%22option+to+acquire%22&forms=8-K%2C10-K%2C10-Q%2CEX-10&dateRange=custom&startdt=2019-01-01&enddt=2022-12-31,https://efts.sec.gov/LATEST/search-index?q=OYST+%22Oyster+Point+Pharma%22+%22background+of+the+merger%22+OR+%22reasons+for+the+merger%22+OR+%22S-4%22&forms=DEFM14A%2CDEF+14A%2CS-4%2C424B3&dateRange=custom&startdt=2019-01-01&enddt=2022-12-31,CANDIDATE,HIGH,Likely resolved historical ACQUIRED outcome; mine backward for pre-outcome process signals.,Confirm Viatris as acquirer and deal value.
RHC-0056-ACQUIRED-SRRA,SRRA,Sierra Oncology,ACQUIRED,2022,EDGAR 8-K GSK deal announcement Apr 2022; ~$1.9B; momelotinib MF,https://efts.sec.gov/LATEST/search-index?q=SRRA+%22Sierra+Oncology%22+%22agreement+and+plan+of+merger%22+%22per+share%22&forms=8-K%2CDEFM14A%2CDEF+14A%2CSC+TO-T%2CSC+TO-I&dateRange=custom&startdt=2022-01-01&enddt=2022-12-31,https://efts.sec.gov/LATEST/search-index?q=SRRA+%22Sierra+Oncology%22+%22strategic+alternatives%22+OR+%22financial+advisor%22+OR+%22review+of+strategic+alternatives%22&forms=8-K%2C10-Q%2C10-K&dateRange=custom&startdt=2019-01-01&enddt=2022-12-31,https://efts.sec.gov/LATEST/search-index?q=SRRA+%22Sierra+Oncology%22+%22Item+4%22+OR+%22strategic+alternatives%22+OR+%22maximize+shareholder+value%22&forms=SC+13D%2CSC+13D%2FA&dateRange=custom&startdt=2019-01-01&enddt=2022-12-31,https://efts.sec.gov/LATEST/search-index?q=SRRA+%22Sierra+Oncology%22+%22right+of+first+refusal%22+OR+%22right+of+first+negotiation%22+OR+%22option+to+acquire%22&forms=8-K%2C10-K%2C10-Q%2CEX-10&dateRange=custom&startdt=2019-01-01&enddt=2022-12-31,https://efts.sec.gov/LATEST/search-index?q=SRRA+%22Sierra+Oncology%22+%22background+of+the+merger%22+OR+%22reasons+for+the+merger%22+OR+%22S-4%22&forms=DEFM14A%2CDEF+14A%2CS-4%2C424B3&dateRange=custom&startdt=2019-01-01&enddt=2022-12-31,CANDIDATE,HIGH,Likely resolved historical ACQUIRED outcome; mine backward for pre-outcome process signals.,Find first process signal (SA or banker) before deal. Already in seed.
RHC-0057-ACQUIRED-TPTX,TPTX,"Turning Point Therapeutics, Inc.",ACQUIRED,2022,Bristol Myers Squibb acquisition; verify with 8-K merger agreement.,https://efts.sec.gov/LATEST/search-index?q=TPTX+%22Turning+Point+Therapeutics%2C+Inc.%22+%22agreement+and+plan+of+merger%22+%22per+share%22&forms=8-K%2CDEFM14A%2CDEF+14A%2CSC+TO-T%2CSC+TO-I&dateRange=custom&startdt=2022-01-01&enddt=2022-12-31,https://efts.sec.gov/LATEST/search-index?q=TPTX+%22Turning+Point+Therapeutics%2C+Inc.%22+%22strategic+alternatives%22+OR+%22financial+advisor%22+OR+%22review+of+strategic+alternatives%22&forms=8-K%2C10-Q%2C10-K&dateRange=custom&startdt=2019-01-01&enddt=2022-12-31,https://efts.sec.gov/LATEST/search-index?q=TPTX+%22Turning+Point+Therapeutics%2C+Inc.%22+%22Item+4%22+OR+%22strategic+alternatives%22+OR+%22maximize+shareholder+value%22&forms=SC+13D%2CSC+13D%2FA&dateRange=custom&startdt=2019-01-01&enddt=2022-12-31,https://efts.sec.gov/LATEST/search-index?q=TPTX+%22Turning+Point+Therapeutics%2C+Inc.%22+%22right+of+first+refusal%22+OR+%22right+of+first+negotiation%22+OR+%22option+to+acquire%22&forms=8-K%2C10-K%2C10-Q%2CEX-10&dateRange=custom&startdt=2019-01-01&enddt=2022-12-31,https://efts.sec.gov/LATEST/search-index?q=TPTX+%22Turning+Point+Therapeutics%2C+Inc.%22+%22background+of+the+merger%22+OR+%22reasons+for+the+merger%22+OR+%22S-4%22&forms=DEFM14A%2CDEF+14A%2CS-4%2C424B3&dateRange=custom&startdt=2019-01-01&enddt=2022-12-31,CANDIDATE,HIGH,Likely resolved historical ACQUIRED outcome; mine backward for pre-outcome process signals.,Candidate only. Outcome and prior process evidence require primary-source verification.
RHC-0058-ACQUIRED-BLU,BLU,BELLUS Health Inc.,ACQUIRED,2023,GSK acquisition; verify with 8-K/6-K transaction filings and circular.,https://efts.sec.gov/LATEST/search-index?q=BLU+%22BELLUS+Health+Inc.%22+%22agreement+and+plan+of+merger%22+%22per+share%22&forms=8-K%2CDEFM14A%2CDEF+14A%2CSC+TO-T%2CSC+TO-I&dateRange=custom&startdt=2023-01-01&enddt=2023-12-31,https://efts.sec.gov/LATEST/search-index?q=BLU+%22BELLUS+Health+Inc.%22+%22strategic+alternatives%22+OR+%22financial+advisor%22+OR+%22review+of+strategic+alternatives%22&forms=8-K%2C10-Q%2C10-K&dateRange=custom&startdt=2020-01-01&enddt=2023-12-31,https://efts.sec.gov/LATEST/search-index?q=BLU+%22BELLUS+Health+Inc.%22+%22Item+4%22+OR+%22strategic+alternatives%22+OR+%22maximize+shareholder+value%22&forms=SC+13D%2CSC+13D%2FA&dateRange=custom&startdt=2020-01-01&enddt=2023-12-31,https://efts.sec.gov/LATEST/search-index?q=BLU+%22BELLUS+Health+Inc.%22+%22right+of+first+refusal%22+OR+%22right+of+first+negotiation%22+OR+%22option+to+acquire%22&forms=8-K%2C10-K%2C10-Q%2CEX-10&dateRange=custom&startdt=2020-01-01&enddt=2023-12-31,https://efts.sec.gov/LATEST/search-index?q=BLU+%22BELLUS+Health+Inc.%22+%22background+of+the+merger%22+OR+%22reasons+for+the+merger%22+OR+%22S-4%22&forms=DEFM14A%2CDEF+14A%2CS-4%2C424B3&dateRange=custom&startdt=2020-01-01&enddt=2023-12-31,CANDIDATE,HIGH,Likely resolved historical ACQUIRED outcome; mine backward for pre-outcome process signals.,Candidate only. Outcome and prior process evidence require primary-source verification.
RHC-0059-ACQUIRED-CINC,CINC,"CinCor Pharma, Inc.",ACQUIRED,2023,AstraZeneca acquisition; verify with 8-K merger agreement and tender offer filings.,https://efts.sec.gov/LATEST/search-index?q=CINC+%22CinCor+Pharma%2C+Inc.%22+%22agreement+and+plan+of+merger%22+%22per+share%22&forms=8-K%2CDEFM14A%2CDEF+14A%2CSC+TO-T%2CSC+TO-I&dateRange=custom&startdt=2023-01-01&enddt=2023-12-31,https://efts.sec.gov/LATEST/search-index?q=CINC+%22CinCor+Pharma%2C+Inc.%22+%22strategic+alternatives%22+OR+%22financial+advisor%22+OR+%22review+of+strategic+alternatives%22&forms=8-K%2C10-Q%2C10-K&dateRange=custom&startdt=2020-01-01&enddt=2023-12-31,https://efts.sec.gov/LATEST/search-index?q=CINC+%22CinCor+Pharma%2C+Inc.%22+%22Item+4%22+OR+%22strategic+alternatives%22+OR+%22maximize+shareholder+value%22&forms=SC+13D%2CSC+13D%2FA&dateRange=custom&startdt=2020-01-01&enddt=2023-12-31,https://efts.sec.gov/LATEST/search-index?q=CINC+%22CinCor+Pharma%2C+Inc.%22+%22right+of+first+refusal%22+OR+%22right+of+first+negotiation%22+OR+%22option+to+acquire%22&forms=8-K%2C10-K%2C10-Q%2CEX-10&dateRange=custom&startdt=2020-01-01&enddt=2023-12-31,https://efts.sec.gov/LATEST/search-index?q=CINC+%22CinCor+Pharma%2C+Inc.%22+%22background+of+the+merger%22+OR+%22reasons+for+the+merger%22+OR+%22S-4%22&forms=DEFM14A%2CDEF+14A%2CS-4%2C424B3&dateRange=custom&startdt=2020-01-01&enddt=2023-12-31,CANDIDATE,HIGH,Likely resolved historical ACQUIRED outcome; mine backward for pre-outcome process signals.,Candidate only. Outcome and prior process evidence require primary-source verification.
RHC-0060-ACQUIRED-CTIC,CTIC,CTI BioPharma,ACQUIRED,2023,EDGAR 8-K SOBI deal 2023; ~$1.7B; pacritinib MF; check exact date,https://efts.sec.gov/LATEST/search-index?q=CTIC+%22CTI+BioPharma%22+%22agreement+and+plan+of+merger%22+%22per+share%22&forms=8-K%2CDEFM14A%2CDEF+14A%2CSC+TO-T%2CSC+TO-I&dateRange=custom&startdt=2023-01-01&enddt=2023-12-31,https://efts.sec.gov/LATEST/search-index?q=CTIC+%22CTI+BioPharma%22+%22strategic+alternatives%22+OR+%22financial+advisor%22+OR+%22review+of+strategic+alternatives%22&forms=8-K%2C10-Q%2C10-K&dateRange=custom&startdt=2020-01-01&enddt=2023-12-31,https://efts.sec.gov/LATEST/search-index?q=CTIC+%22CTI+BioPharma%22+%22Item+4%22+OR+%22strategic+alternatives%22+OR+%22maximize+shareholder+value%22&forms=SC+13D%2CSC+13D%2FA&dateRange=custom&startdt=2020-01-01&enddt=2023-12-31,https://efts.sec.gov/LATEST/search-index?q=CTIC+%22CTI+BioPharma%22+%22right+of+first+refusal%22+OR+%22right+of+first+negotiation%22+OR+%22option+to+acquire%22&forms=8-K%2C10-K%2C10-Q%2CEX-10&dateRange=custom&startdt=2020-01-01&enddt=2023-12-31,https://efts.sec.gov/LATEST/search-index?q=CTIC+%22CTI+BioPharma%22+%22background+of+the+merger%22+OR+%22reasons+for+the+merger%22+OR+%22S-4%22&forms=DEFM14A%2CDEF+14A%2CS-4%2C424B3&dateRange=custom&startdt=2020-01-01&enddt=2023-12-31,CANDIDATE,HIGH,Likely resolved historical ACQUIRED outcome; mine backward for pre-outcome process signals.,Confirm deal was SOBI and deal value. Possible prior SA signals given company history.
RHC-0061-ACQUIRED-DICE,DICE,"DICE Therapeutics, Inc.",ACQUIRED,2023,Eli Lilly acquisition; verify with 8-K merger agreement and tender offer filings.,https://efts.sec.gov/LATEST/search-index?q=DICE+%22DICE+Therapeutics%2C+Inc.%22+%22agreement+and+plan+of+merger%22+%22per+share%22&forms=8-K%2CDEFM14A%2CDEF+14A%2CSC+TO-T%2CSC+TO-I&dateRange=custom&startdt=2023-01-01&enddt=2023-12-31,https://efts.sec.gov/LATEST/search-index?q=DICE+%22DICE+Therapeutics%2C+Inc.%22+%22strategic+alternatives%22+OR+%22financial+advisor%22+OR+%22review+of+strategic+alternatives%22&forms=8-K%2C10-Q%2C10-K&dateRange=custom&startdt=2020-01-01&enddt=2023-12-31,https://efts.sec.gov/LATEST/search-index?q=DICE+%22DICE+Therapeutics%2C+Inc.%22+%22Item+4%22+OR+%22strategic+alternatives%22+OR+%22maximize+shareholder+value%22&forms=SC+13D%2CSC+13D%2FA&dateRange=custom&startdt=2020-01-01&enddt=2023-12-31,https://efts.sec.gov/LATEST/search-index?q=DICE+%22DICE+Therapeutics%2C+Inc.%22+%22right+of+first+refusal%22+OR+%22right+of+first+negotiation%22+OR+%22option+to+acquire%22&forms=8-K%2C10-K%2C10-Q%2CEX-10&dateRange=custom&startdt=2020-01-01&enddt=2023-12-31,https://efts.sec.gov/LATEST/search-index?q=DICE+%22DICE+Therapeutics%2C+Inc.%22+%22background+of+the+merger%22+OR+%22reasons+for+the+merger%22+OR+%22S-4%22&forms=DEFM14A%2CDEF+14A%2CS-4%2C424B3&dateRange=custom&startdt=2020-01-01&enddt=2023-12-31,CANDIDATE,HIGH,Likely resolved historical ACQUIRED outcome; mine backward for pre-outcome process signals.,Candidate only. Outcome and prior process evidence require primary-source verification.
RHC-0062-ACQUIRED-HARP,HARP,Harpoon Therapeutics,ACQUIRED,2023,EDGAR 8-K merger agreement Feb 2023; AbbVie $680M; prior ROFR in collaboration 8-K 2020,https://efts.sec.gov/LATEST/search-index?q=HARP+%22Harpoon+Therapeutics%22+%22agreement+and+plan+of+merger%22+%22per+share%22&forms=8-K%2CDEFM14A%2CDEF+14A%2CSC+TO-T%2CSC+TO-I&dateRange=custom&startdt=2023-01-01&enddt=2023-12-31,https://efts.sec.gov/LATEST/search-index?q=HARP+%22Harpoon+Therapeutics%22+%22strategic+alternatives%22+OR+%22financial+advisor%22+OR+%22review+of+strategic+alternatives%22&forms=8-K%2C10-Q%2C10-K&dateRange=custom&startdt=2020-01-01&enddt=2023-12-31,https://efts.sec.gov/LATEST/search-index?q=HARP+%22Harpoon+Therapeutics%22+%22Item+4%22+OR+%22strategic+alternatives%22+OR+%22maximize+shareholder+value%22&forms=SC+13D%2CSC+13D%2FA&dateRange=custom&startdt=2020-01-01&enddt=2023-12-31,https://efts.sec.gov/LATEST/search-index?q=HARP+%22Harpoon+Therapeutics%22+%22right+of+first+refusal%22+OR+%22right+of+first+negotiation%22+OR+%22option+to+acquire%22&forms=8-K%2C10-K%2C10-Q%2CEX-10&dateRange=custom&startdt=2020-01-01&enddt=2023-12-31,https://efts.sec.gov/LATEST/search-index?q=HARP+%22Harpoon+Therapeutics%22+%22background+of+the+merger%22+OR+%22reasons+for+the+merger%22+OR+%22S-4%22&forms=DEFM14A%2CDEF+14A%2CS-4%2C424B3&dateRange=custom&startdt=2020-01-01&enddt=2023-12-31,CANDIDATE,HIGH,Likely resolved historical ACQUIRED outcome; mine backward for pre-outcome process signals.,Textbook ROFR_THEN_MERGER. Already in cases_seed.csv — verify first.
RHC-0063-ACQUIRED-ISEE,ISEE,"IVERIC bio, Inc.",ACQUIRED,2023,Astellas acquisition; verify with 8-K merger agreement and tender offer filings.,https://efts.sec.gov/LATEST/search-index?q=ISEE+%22IVERIC+bio%2C+Inc.%22+%22agreement+and+plan+of+merger%22+%22per+share%22&forms=8-K%2CDEFM14A%2CDEF+14A%2CSC+TO-T%2CSC+TO-I&dateRange=custom&startdt=2023-01-01&enddt=2023-12-31,https://efts.sec.gov/LATEST/search-index?q=ISEE+%22IVERIC+bio%2C+Inc.%22+%22strategic+alternatives%22+OR+%22financial+advisor%22+OR+%22review+of+strategic+alternatives%22&forms=8-K%2C10-Q%2C10-K&dateRange=custom&startdt=2020-01-01&enddt=2023-12-31,https://efts.sec.gov/LATEST/search-index?q=ISEE+%22IVERIC+bio%2C+Inc.%22+%22Item+4%22+OR+%22strategic+alternatives%22+OR+%22maximize+shareholder+value%22&forms=SC+13D%2CSC+13D%2FA&dateRange=custom&startdt=2020-01-01&enddt=2023-12-31,https://efts.sec.gov/LATEST/search-index?q=ISEE+%22IVERIC+bio%2C+Inc.%22+%22right+of+first+refusal%22+OR+%22right+of+first+negotiation%22+OR+%22option+to+acquire%22&forms=8-K%2C10-K%2C10-Q%2CEX-10&dateRange=custom&startdt=2020-01-01&enddt=2023-12-31,https://efts.sec.gov/LATEST/search-index?q=ISEE+%22IVERIC+bio%2C+Inc.%22+%22background+of+the+merger%22+OR+%22reasons+for+the+merger%22+OR+%22S-4%22&forms=DEFM14A%2CDEF+14A%2CS-4%2C424B3&dateRange=custom&startdt=2020-01-01&enddt=2023-12-31,CANDIDATE,HIGH,Likely resolved historical ACQUIRED outcome; mine backward for pre-outcome process signals.,Candidate only. Outcome and prior process evidence require primary-source verification.
RHC-0064-ACQUIRED-RETA,RETA,"Reata Pharmaceuticals, Inc.",ACQUIRED,2023,Biogen acquisition; verify with 8-K merger agreement and proxy.,https://efts.sec.gov/LATEST/search-index?q=RETA+%22Reata+Pharmaceuticals%2C+Inc.%22+%22agreement+and+plan+of+merger%22+%22per+share%22&forms=8-K%2CDEFM14A%2CDEF+14A%2CSC+TO-T%2CSC+TO-I&dateRange=custom&startdt=2023-01-01&enddt=2023-12-31,https://efts.sec.gov/LATEST/search-index?q=RETA+%22Reata+Pharmaceuticals%2C+Inc.%22+%22strategic+alternatives%22+OR+%22financial+advisor%22+OR+%22review+of+strategic+alternatives%22&forms=8-K%2C10-Q%2C10-K&dateRange=custom&startdt=2020-01-01&enddt=2023-12-31,https://efts.sec.gov/LATEST/search-index?q=RETA+%22Reata+Pharmaceuticals%2C+Inc.%22+%22Item+4%22+OR+%22strategic+alternatives%22+OR+%22maximize+shareholder+value%22&forms=SC+13D%2CSC+13D%2FA&dateRange=custom&startdt=2020-01-01&enddt=2023-12-31,https://efts.sec.gov/LATEST/search-index?q=RETA+%22Reata+Pharmaceuticals%2C+Inc.%22+%22right+of+first+refusal%22+OR+%22right+of+first+negotiation%22+OR+%22option+to+acquire%22&forms=8-K%2C10-K%2C10-Q%2CEX-10&dateRange=custom&startdt=2020-01-01&enddt=2023-12-31,https://efts.sec.gov/LATEST/search-index?q=RETA+%22Reata+Pharmaceuticals%2C+Inc.%22+%22background+of+the+merger%22+OR+%22reasons+for+the+merger%22+OR+%22S-4%22&forms=DEFM14A%2CDEF+14A%2CS-4%2C424B3&dateRange=custom&startdt=2020-01-01&enddt=2023-12-31,CANDIDATE,HIGH,Likely resolved historical ACQUIRED outcome; mine backward for pre-outcome process signals.,Candidate only. Outcome and prior process evidence require primary-source verification.
RHC-0065-ACQUIRED-RXDX,RXDX,"Prometheus Biosciences, Inc.",ACQUIRED,2023,Merck acquisition; verify with 8-K merger agreement and proxy/tender filings.,https://efts.sec.gov/LATEST/search-index?q=RXDX+%22Prometheus+Biosciences%2C+Inc.%22+%22agreement+and+plan+of+merger%22+%22per+share%22&forms=8-K%2CDEFM14A%2CDEF+14A%2CSC+TO-T%2CSC+TO-I&dateRange=custom&startdt=2023-01-01&enddt=2023-12-31,https://efts.sec.gov/LATEST/search-index?q=RXDX+%22Prometheus+Biosciences%2C+Inc.%22+%22strategic+alternatives%22+OR+%22financial+advisor%22+OR+%22review+of+strategic+alternatives%22&forms=8-K%2C10-Q%2C10-K&dateRange=custom&startdt=2020-01-01&enddt=2023-12-31,https://efts.sec.gov/LATEST/search-index?q=RXDX+%22Prometheus+Biosciences%2C+Inc.%22+%22Item+4%22+OR+%22strategic+alternatives%22+OR+%22maximize+shareholder+value%22&forms=SC+13D%2CSC+13D%2FA&dateRange=custom&startdt=2020-01-01&enddt=2023-12-31,https://efts.sec.gov/LATEST/search-index?q=RXDX+%22Prometheus+Biosciences%2C+Inc.%22+%22right+of+first+refusal%22+OR+%22right+of+first+negotiation%22+OR+%22option+to+acquire%22&forms=8-K%2C10-K%2C10-Q%2CEX-10&dateRange=custom&startdt=2020-01-01&enddt=2023-12-31,https://efts.sec.gov/LATEST/search-index?q=RXDX+%22Prometheus+Biosciences%2C+Inc.%22+%22background+of+the+merger%22+OR+%22reasons+for+the+merger%22+OR+%22S-4%22&forms=DEFM14A%2CDEF+14A%2CS-4%2C424B3&dateRange=custom&startdt=2020-01-01&enddt=2023-12-31,CANDIDATE,HIGH,Likely resolved historical ACQUIRED outcome; mine backward for pre-outcome process signals.,Candidate only. Outcome and prior process evidence require primary-source verification.
RHC-0066-ACQUIRED-ZYNE,ZYNE,"Zynerba Pharmaceuticals, Inc.",ACQUIRED,2023,Harmony acquisition; verify with 8-K merger agreement and tender filings.,https://efts.sec.gov/LATEST/search-index?q=ZYNE+%22Zynerba+Pharmaceuticals%2C+Inc.%22+%22agreement+and+plan+of+merger%22+%22per+share%22&forms=8-K%2CDEFM14A%2CDEF+14A%2CSC+TO-T%2CSC+TO-I&dateRange=custom&startdt=2023-01-01&enddt=2023-12-31,https://efts.sec.gov/LATEST/search-index?q=ZYNE+%22Zynerba+Pharmaceuticals%2C+Inc.%22+%22strategic+alternatives%22+OR+%22financial+advisor%22+OR+%22review+of+strategic+alternatives%22&forms=8-K%2C10-Q%2C10-K&dateRange=custom&startdt=2020-01-01&enddt=2023-12-31,https://efts.sec.gov/LATEST/search-index?q=ZYNE+%22Zynerba+Pharmaceuticals%2C+Inc.%22+%22Item+4%22+OR+%22strategic+alternatives%22+OR+%22maximize+shareholder+value%22&forms=SC+13D%2CSC+13D%2FA&dateRange=custom&startdt=2020-01-01&enddt=2023-12-31,https://efts.sec.gov/LATEST/search-index?q=ZYNE+%22Zynerba+Pharmaceuticals%2C+Inc.%22+%22right+of+first+refusal%22+OR+%22right+of+first+negotiation%22+OR+%22option+to+acquire%22&forms=8-K%2C10-K%2C10-Q%2CEX-10&dateRange=custom&startdt=2020-01-01&enddt=2023-12-31,https://efts.sec.gov/LATEST/search-index?q=ZYNE+%22Zynerba+Pharmaceuticals%2C+Inc.%22+%22background+of+the+merger%22+OR+%22reasons+for+the+merger%22+OR+%22S-4%22&forms=DEFM14A%2CDEF+14A%2CS-4%2C424B3&dateRange=custom&startdt=2020-01-01&enddt=2023-12-31,CANDIDATE,HIGH,Likely resolved historical ACQUIRED outcome; mine backward for pre-outcome process signals.,Candidate only. Outcome and prior process evidence require primary-source verification.
RHC-0067-ACQUIRED-ALPN,ALPN,"Alpine Immune Sciences, Inc.",ACQUIRED,2024,Vertex acquisition; verify with 8-K merger agreement and tender offer filings.,https://efts.sec.gov/LATEST/search-index?q=ALPN+%22Alpine+Immune+Sciences%2C+Inc.%22+%22agreement+and+plan+of+merger%22+%22per+share%22&forms=8-K%2CDEFM14A%2CDEF+14A%2CSC+TO-T%2CSC+TO-I&dateRange=custom&startdt=2024-01-01&enddt=2024-12-31,https://efts.sec.gov/LATEST/search-index?q=ALPN+%22Alpine+Immune+Sciences%2C+Inc.%22+%22strategic+alternatives%22+OR+%22financial+advisor%22+OR+%22review+of+strategic+alternatives%22&forms=8-K%2C10-Q%2C10-K&dateRange=custom&startdt=2021-01-01&enddt=2024-12-31,https://efts.sec.gov/LATEST/search-index?q=ALPN+%22Alpine+Immune+Sciences%2C+Inc.%22+%22Item+4%22+OR+%22strategic+alternatives%22+OR+%22maximize+shareholder+value%22&forms=SC+13D%2CSC+13D%2FA&dateRange=custom&startdt=2021-01-01&enddt=2024-12-31,https://efts.sec.gov/LATEST/search-index?q=ALPN+%22Alpine+Immune+Sciences%2C+Inc.%22+%22right+of+first+refusal%22+OR+%22right+of+first+negotiation%22+OR+%22option+to+acquire%22&forms=8-K%2C10-K%2C10-Q%2CEX-10&dateRange=custom&startdt=2021-01-01&enddt=2024-12-31,https://efts.sec.gov/LATEST/search-index?q=ALPN+%22Alpine+Immune+Sciences%2C+Inc.%22+%22background+of+the+merger%22+OR+%22reasons+for+the+merger%22+OR+%22S-4%22&forms=DEFM14A%2CDEF+14A%2CS-4%2C424B3&dateRange=custom&startdt=2021-01-01&enddt=2024-12-31,CANDIDATE,HIGH,Likely resolved historical ACQUIRED outcome; mine backward for pre-outcome process signals.,Candidate only. Outcome and prior process evidence require primary-source verification.
RHC-0068-ACQUIRED-AMAM,AMAM,Ambrx Biopharma Inc.,ACQUIRED,2024,Johnson & Johnson acquisition; verify with 8-K/6-K transaction filings.,https://efts.sec.gov/LATEST/search-index?q=AMAM+%22Ambrx+Biopharma+Inc.%22+%22agreement+and+plan+of+merger%22+%22per+share%22&forms=8-K%2CDEFM14A%2CDEF+14A%2CSC+TO-T%2CSC+TO-I&dateRange=custom&startdt=2024-01-01&enddt=2024-12-31,https://efts.sec.gov/LATEST/search-index?q=AMAM+%22Ambrx+Biopharma+Inc.%22+%22strategic+alternatives%22+OR+%22financial+advisor%22+OR+%22review+of+strategic+alternatives%22&forms=8-K%2C10-Q%2C10-K&dateRange=custom&startdt=2021-01-01&enddt=2024-12-31,https://efts.sec.gov/LATEST/search-index?q=AMAM+%22Ambrx+Biopharma+Inc.%22+%22Item+4%22+OR+%22strategic+alternatives%22+OR+%22maximize+shareholder+value%22&forms=SC+13D%2CSC+13D%2FA&dateRange=custom&startdt=2021-01-01&enddt=2024-12-31,https://efts.sec.gov/LATEST/search-index?q=AMAM+%22Ambrx+Biopharma+Inc.%22+%22right+of+first+refusal%22+OR+%22right+of+first+negotiation%22+OR+%22option+to+acquire%22&forms=8-K%2C10-K%2C10-Q%2CEX-10&dateRange=custom&startdt=2021-01-01&enddt=2024-12-31,https://efts.sec.gov/LATEST/search-index?q=AMAM+%22Ambrx+Biopharma+Inc.%22+%22background+of+the+merger%22+OR+%22reasons+for+the+merger%22+OR+%22S-4%22&forms=DEFM14A%2CDEF+14A%2CS-4%2C424B3&dateRange=custom&startdt=2021-01-01&enddt=2024-12-31,CANDIDATE,HIGH,Likely resolved historical ACQUIRED outcome; mine backward for pre-outcome process signals.,Candidate only. Outcome and prior process evidence require primary-source verification.
RHC-0069-ACQUIRED-CBAY,CBAY,"CymaBay Therapeutics, Inc.",ACQUIRED,2024,Gilead acquisition; verify with 8-K merger agreement and tender offer filings.,https://efts.sec.gov/LATEST/search-index?q=CBAY+%22CymaBay+Therapeutics%2C+Inc.%22+%22agreement+and+plan+of+merger%22+%22per+share%22&forms=8-K%2CDEFM14A%2CDEF+14A%2CSC+TO-T%2CSC+TO-I&dateRange=custom&startdt=2024-01-01&enddt=2024-12-31,https://efts.sec.gov/LATEST/search-index?q=CBAY+%22CymaBay+Therapeutics%2C+Inc.%22+%22strategic+alternatives%22+OR+%22financial+advisor%22+OR+%22review+of+strategic+alternatives%22&forms=8-K%2C10-Q%2C10-K&dateRange=custom&startdt=2021-01-01&enddt=2024-12-31,https://efts.sec.gov/LATEST/search-index?q=CBAY+%22CymaBay+Therapeutics%2C+Inc.%22+%22Item+4%22+OR+%22strategic+alternatives%22+OR+%22maximize+shareholder+value%22&forms=SC+13D%2CSC+13D%2FA&dateRange=custom&startdt=2021-01-01&enddt=2024-12-31,https://efts.sec.gov/LATEST/search-index?q=CBAY+%22CymaBay+Therapeutics%2C+Inc.%22+%22right+of+first+refusal%22+OR+%22right+of+first+negotiation%22+OR+%22option+to+acquire%22&forms=8-K%2C10-K%2C10-Q%2CEX-10&dateRange=custom&startdt=2021-01-01&enddt=2024-12-31,https://efts.sec.gov/LATEST/search-index?q=CBAY+%22CymaBay+Therapeutics%2C+Inc.%22+%22background+of+the+merger%22+OR+%22reasons+for+the+merger%22+OR+%22S-4%22&forms=DEFM14A%2CDEF+14A%2CS-4%2C424B3&dateRange=custom&startdt=2021-01-01&enddt=2024-12-31,CANDIDATE,HIGH,Likely resolved historical ACQUIRED outcome; mine backward for pre-outcome process signals.,Candidate only. Outcome and prior process evidence require primary-source verification.
RHC-0070-ACQUIRED-CERE,CERE,"Cerevel Therapeutics Holdings, Inc.",ACQUIRED,2024,AbbVie acquisition; verify with merger 8-K and proxy.,https://efts.sec.gov/LATEST/search-index?q=CERE+%22Cerevel+Therapeutics+Holdings%2C+Inc.%22+%22agreement+and+plan+of+merger%22+%22per+share%22&forms=8-K%2CDEFM14A%2CDEF+14A%2CSC+TO-T%2CSC+TO-I&dateRange=custom&startdt=2024-01-01&enddt=2024-12-31,https://efts.sec.gov/LATEST/search-index?q=CERE+%22Cerevel+Therapeutics+Holdings%2C+Inc.%22+%22strategic+alternatives%22+OR+%22financial+advisor%22+OR+%22review+of+strategic+alternatives%22&forms=8-K%2C10-Q%2C10-K&dateRange=custom&startdt=2021-01-01&enddt=2024-12-31,https://efts.sec.gov/LATEST/search-index?q=CERE+%22Cerevel+Therapeutics+Holdings%2C+Inc.%22+%22Item+4%22+OR+%22strategic+alternatives%22+OR+%22maximize+shareholder+value%22&forms=SC+13D%2CSC+13D%2FA&dateRange=custom&startdt=2021-01-01&enddt=2024-12-31,https://efts.sec.gov/LATEST/search-index?q=CERE+%22Cerevel+Therapeutics+Holdings%2C+Inc.%22+%22right+of+first+refusal%22+OR+%22right+of+first+negotiation%22+OR+%22option+to+acquire%22&forms=8-K%2C10-K%2C10-Q%2CEX-10&dateRange=custom&startdt=2021-01-01&enddt=2024-12-31,https://efts.sec.gov/LATEST/search-index?q=CERE+%22Cerevel+Therapeutics+Holdings%2C+Inc.%22+%22background+of+the+merger%22+OR+%22reasons+for+the+merger%22+OR+%22S-4%22&forms=DEFM14A%2CDEF+14A%2CS-4%2C424B3&dateRange=custom&startdt=2021-01-01&enddt=2024-12-31,CANDIDATE,HIGH,Likely resolved historical ACQUIRED outcome; mine backward for pre-outcome process signals.,Candidate only. Outcome and prior process evidence require primary-source verification.
RHC-0071-ACQUIRED-DCPH,DCPH,"Deciphera Pharmaceuticals, Inc.",ACQUIRED,2024,ONO acquisition; verify with 8-K merger agreement and tender offer filings.,https://efts.sec.gov/LATEST/search-index?q=DCPH+%22Deciphera+Pharmaceuticals%2C+Inc.%22+%22agreement+and+plan+of+merger%22+%22per+share%22&forms=8-K%2CDEFM14A%2CDEF+14A%2CSC+TO-T%2CSC+TO-I&dateRange=custom&startdt=2024-01-01&enddt=2024-12-31,https://efts.sec.gov/LATEST/search-index?q=DCPH+%22Deciphera+Pharmaceuticals%2C+Inc.%22+%22strategic+alternatives%22+OR+%22financial+advisor%22+OR+%22review+of+strategic+alternatives%22&forms=8-K%2C10-Q%2C10-K&dateRange=custom&startdt=2021-01-01&enddt=2024-12-31,https://efts.sec.gov/LATEST/search-index?q=DCPH+%22Deciphera+Pharmaceuticals%2C+Inc.%22+%22Item+4%22+OR+%22strategic+alternatives%22+OR+%22maximize+shareholder+value%22&forms=SC+13D%2CSC+13D%2FA&dateRange=custom&startdt=2021-01-01&enddt=2024-12-31,https://efts.sec.gov/LATEST/search-index?q=DCPH+%22Deciphera+Pharmaceuticals%2C+Inc.%22+%22right+of+first+refusal%22+OR+%22right+of+first+negotiation%22+OR+%22option+to+acquire%22&forms=8-K%2C10-K%2C10-Q%2CEX-10&dateRange=custom&startdt=2021-01-01&enddt=2024-12-31,https://efts.sec.gov/LATEST/search-index?q=DCPH+%22Deciphera+Pharmaceuticals%2C+Inc.%22+%22background+of+the+merger%22+OR+%22reasons+for+the+merger%22+OR+%22S-4%22&forms=DEFM14A%2CDEF+14A%2CS-4%2C424B3&dateRange=custom&startdt=2021-01-01&enddt=2024-12-31,CANDIDATE,HIGH,Likely resolved historical ACQUIRED outcome; mine backward for pre-outcome process signals.,Candidate only. Outcome and prior process evidence require primary-source verification.
RHC-0072-ACQUIRED-FATE,FATE,Fate Therapeutics,ACQUIRED,2024,EDGAR 8-K Johnson and Johnson deal 2024; ~$1.6B; iPSC NK cell therapies; check exact value,https://efts.sec.gov/LATEST/search-index?q=FATE+%22Fate+Therapeutics%22+%22agreement+and+plan+of+merger%22+%22per+share%22&forms=8-K%2CDEFM14A%2CDEF+14A%2CSC+TO-T%2CSC+TO-I&dateRange=custom&startdt=2024-01-01&enddt=2024-12-31,https://efts.sec.gov/LATEST/search-index?q=FATE+%22Fate+Therapeutics%22+%22strategic+alternatives%22+OR+%22financial+advisor%22+OR+%22review+of+strategic+alternatives%22&forms=8-K%2C10-Q%2C10-K&dateRange=custom&startdt=2021-01-01&enddt=2024-12-31,https://efts.sec.gov/LATEST/search-index?q=FATE+%22Fate+Therapeutics%22+%22Item+4%22+OR+%22strategic+alternatives%22+OR+%22maximize+shareholder+value%22&forms=SC+13D%2CSC+13D%2FA&dateRange=custom&startdt=2021-01-01&enddt=2024-12-31,https://efts.sec.gov/LATEST/search-index?q=FATE+%22Fate+Therapeutics%22+%22right+of+first+refusal%22+OR+%22right+of+first+negotiation%22+OR+%22option+to+acquire%22&forms=8-K%2C10-K%2C10-Q%2CEX-10&dateRange=custom&startdt=2021-01-01&enddt=2024-12-31,https://efts.sec.gov/LATEST/search-index?q=FATE+%22Fate+Therapeutics%22+%22background+of+the+merger%22+OR+%22reasons+for+the+merger%22+OR+%22S-4%22&forms=DEFM14A%2CDEF+14A%2CS-4%2C424B3&dateRange=custom&startdt=2021-01-01&enddt=2024-12-31,CANDIDATE,HIGH,Likely resolved historical ACQUIRED outcome; mine backward for pre-outcome process signals.,Confirm J&J as acquirer
RHC-0073-ACQUIRED-FUSN,FUSN,Fusion Pharmaceuticals Inc.,ACQUIRED,2024,AstraZeneca acquisition; verify with 8-K/6-K transaction filings.,https://efts.sec.gov/LATEST/search-index?q=FUSN+%22Fusion+Pharmaceuticals+Inc.%22+%22agreement+and+plan+of+merger%22+%22per+share%22&forms=8-K%2CDEFM14A%2CDEF+14A%2CSC+TO-T%2CSC+TO-I&dateRange=custom&startdt=2024-01-01&enddt=2024-12-31,https://efts.sec.gov/LATEST/search-index?q=FUSN+%22Fusion+Pharmaceuticals+Inc.%22+%22strategic+alternatives%22+OR+%22financial+advisor%22+OR+%22review+of+strategic+alternatives%22&forms=8-K%2C10-Q%2C10-K&dateRange=custom&startdt=2021-01-01&enddt=2024-12-31,https://efts.sec.gov/LATEST/search-index?q=FUSN+%22Fusion+Pharmaceuticals+Inc.%22+%22Item+4%22+OR+%22strategic+alternatives%22+OR+%22maximize+shareholder+value%22&forms=SC+13D%2CSC+13D%2FA&dateRange=custom&startdt=2021-01-01&enddt=2024-12-31,https://efts.sec.gov/LATEST/search-index?q=FUSN+%22Fusion+Pharmaceuticals+Inc.%22+%22right+of+first+refusal%22+OR+%22right+of+first+negotiation%22+OR+%22option+to+acquire%22&forms=8-K%2C10-K%2C10-Q%2CEX-10&dateRange=custom&startdt=2021-01-01&enddt=2024-12-31,https://efts.sec.gov/LATEST/search-index?q=FUSN+%22Fusion+Pharmaceuticals+Inc.%22+%22background+of+the+merger%22+OR+%22reasons+for+the+merger%22+OR+%22S-4%22&forms=DEFM14A%2CDEF+14A%2CS-4%2C424B3&dateRange=custom&startdt=2021-01-01&enddt=2024-12-31,CANDIDATE,HIGH,Likely resolved historical ACQUIRED outcome; mine backward for pre-outcome process signals.,Candidate only. Outcome and prior process evidence require primary-source verification.
RHC-0074-ACQUIRED-G1T,G1T,G1 Therapeutics,ACQUIRED,2024,EDGAR 8-K Pfizer deal 2024; ~$785M; lerociclib CDK4/6; check exact date,https://efts.sec.gov/LATEST/search-index?q=G1T+%22G1+Therapeutics%22+%22agreement+and+plan+of+merger%22+%22per+share%22&forms=8-K%2CDEFM14A%2CDEF+14A%2CSC+TO-T%2CSC+TO-I&dateRange=custom&startdt=2024-01-01&enddt=2024-12-31,https://efts.sec.gov/LATEST/search-index?q=G1T+%22G1+Therapeutics%22+%22strategic+alternatives%22+OR+%22financial+advisor%22+OR+%22review+of+strategic+alternatives%22&forms=8-K%2C10-Q%2C10-K&dateRange=custom&startdt=2021-01-01&enddt=2024-12-31,https://efts.sec.gov/LATEST/search-index?q=G1T+%22G1+Therapeutics%22+%22Item+4%22+OR+%22strategic+alternatives%22+OR+%22maximize+shareholder+value%22&forms=SC+13D%2CSC+13D%2FA&dateRange=custom&startdt=2021-01-01&enddt=2024-12-31,https://efts.sec.gov/LATEST/search-index?q=G1T+%22G1+Therapeutics%22+%22right+of+first+refusal%22+OR+%22right+of+first+negotiation%22+OR+%22option+to+acquire%22&forms=8-K%2C10-K%2C10-Q%2CEX-10&dateRange=custom&startdt=2021-01-01&enddt=2024-12-31,https://efts.sec.gov/LATEST/search-index?q=G1T+%22G1+Therapeutics%22+%22background+of+the+merger%22+OR+%22reasons+for+the+merger%22+OR+%22S-4%22&forms=DEFM14A%2CDEF+14A%2CS-4%2C424B3&dateRange=custom&startdt=2021-01-01&enddt=2024-12-31,CANDIDATE,HIGH,Likely resolved historical ACQUIRED outcome; mine backward for pre-outcome process signals.,Good small-cap deal. Confirm it was announced 2024 and deal value.
RHC-0075-ACQUIRED-GRCL,GRCL,Gracell Biotechnologies,ACQUIRED,2024,EDGAR 8-K AstraZeneca deal Jan 2024; ~$1.2B; GC012F CAR-T,https://efts.sec.gov/LATEST/search-index?q=GRCL+%22Gracell+Biotechnologies%22+%22agreement+and+plan+of+merger%22+%22per+share%22&forms=8-K%2CDEFM14A%2CDEF+14A%2CSC+TO-T%2CSC+TO-I&dateRange=custom&startdt=2024-01-01&enddt=2024-12-31,https://efts.sec.gov/LATEST/search-index?q=GRCL+%22Gracell+Biotechnologies%22+%22strategic+alternatives%22+OR+%22financial+advisor%22+OR+%22review+of+strategic+alternatives%22&forms=8-K%2C10-Q%2C10-K&dateRange=custom&startdt=2021-01-01&enddt=2024-12-31,https://efts.sec.gov/LATEST/search-index?q=GRCL+%22Gracell+Biotechnologies%22+%22Item+4%22+OR+%22strategic+alternatives%22+OR+%22maximize+shareholder+value%22&forms=SC+13D%2CSC+13D%2FA&dateRange=custom&startdt=2021-01-01&enddt=2024-12-31,https://efts.sec.gov/LATEST/search-index?q=GRCL+%22Gracell+Biotechnologies%22+%22right+of+first+refusal%22+OR+%22right+of+first+negotiation%22+OR+%22option+to+acquire%22&forms=8-K%2C10-K%2C10-Q%2CEX-10&dateRange=custom&startdt=2021-01-01&enddt=2024-12-31,https://efts.sec.gov/LATEST/search-index?q=GRCL+%22Gracell+Biotechnologies%22+%22background+of+the+merger%22+OR+%22reasons+for+the+merger%22+OR+%22S-4%22&forms=DEFM14A%2CDEF+14A%2CS-4%2C424B3&dateRange=custom&startdt=2021-01-01&enddt=2024-12-31,CANDIDATE,HIGH,Likely resolved historical ACQUIRED outcome; mine backward for pre-outcome process signals.,Chinese biotech Nasdaq-listed. Confirm mcap before deal. No prior SA expected.
RHC-0076-ACQUIRED-KRTX,KRTX,"Karuna Therapeutics, Inc.",ACQUIRED,2024,Bristol Myers Squibb acquisition; verify with 8-K merger agreement and proxy.,https://efts.sec.gov/LATEST/search-index?q=KRTX+%22Karuna+Therapeutics%2C+Inc.%22+%22agreement+and+plan+of+merger%22+%22per+share%22&forms=8-K%2CDEFM14A%2CDEF+14A%2CSC+TO-T%2CSC+TO-I&dateRange=custom&startdt=2024-01-01&enddt=2024-12-31,https://efts.sec.gov/LATEST/search-index?q=KRTX+%22Karuna+Therapeutics%2C+Inc.%22+%22strategic+alternatives%22+OR+%22financial+advisor%22+OR+%22review+of+strategic+alternatives%22&forms=8-K%2C10-Q%2C10-K&dateRange=custom&startdt=2021-01-01&enddt=2024-12-31,https://efts.sec.gov/LATEST/search-index?q=KRTX+%22Karuna+Therapeutics%2C+Inc.%22+%22Item+4%22+OR+%22strategic+alternatives%22+OR+%22maximize+shareholder+value%22&forms=SC+13D%2CSC+13D%2FA&dateRange=custom&startdt=2021-01-01&enddt=2024-12-31,https://efts.sec.gov/LATEST/search-index?q=KRTX+%22Karuna+Therapeutics%2C+Inc.%22+%22right+of+first+refusal%22+OR+%22right+of+first+negotiation%22+OR+%22option+to+acquire%22&forms=8-K%2C10-K%2C10-Q%2CEX-10&dateRange=custom&startdt=2021-01-01&enddt=2024-12-31,https://efts.sec.gov/LATEST/search-index?q=KRTX+%22Karuna+Therapeutics%2C+Inc.%22+%22background+of+the+merger%22+OR+%22reasons+for+the+merger%22+OR+%22S-4%22&forms=DEFM14A%2CDEF+14A%2CS-4%2C424B3&dateRange=custom&startdt=2021-01-01&enddt=2024-12-31,CANDIDATE,HIGH,Likely resolved historical ACQUIRED outcome; mine backward for pre-outcome process signals.,Candidate only. Outcome and prior process evidence require primary-source verification.
RHC-0077-ACQUIRED-LBPH,LBPH,"Longboard Pharmaceuticals, Inc.",ACQUIRED,2024,Lundbeck acquisition; verify with 8-K merger agreement and tender offer filings.,https://efts.sec.gov/LATEST/search-index?q=LBPH+%22Longboard+Pharmaceuticals%2C+Inc.%22+%22agreement+and+plan+of+merger%22+%22per+share%22&forms=8-K%2CDEFM14A%2CDEF+14A%2CSC+TO-T%2CSC+TO-I&dateRange=custom&startdt=2024-01-01&enddt=2024-12-31,https://efts.sec.gov/LATEST/search-index?q=LBPH+%22Longboard+Pharmaceuticals%2C+Inc.%22+%22strategic+alternatives%22+OR+%22financial+advisor%22+OR+%22review+of+strategic+alternatives%22&forms=8-K%2C10-Q%2C10-K&dateRange=custom&startdt=2021-01-01&enddt=2024-12-31,https://efts.sec.gov/LATEST/search-index?q=LBPH+%22Longboard+Pharmaceuticals%2C+Inc.%22+%22Item+4%22+OR+%22strategic+alternatives%22+OR+%22maximize+shareholder+value%22&forms=SC+13D%2CSC+13D%2FA&dateRange=custom&startdt=2021-01-01&enddt=2024-12-31,https://efts.sec.gov/LATEST/search-index?q=LBPH+%22Longboard+Pharmaceuticals%2C+Inc.%22+%22right+of+first+refusal%22+OR+%22right+of+first+negotiation%22+OR+%22option+to+acquire%22&forms=8-K%2C10-K%2C10-Q%2CEX-10&dateRange=custom&startdt=2021-01-01&enddt=2024-12-31,https://efts.sec.gov/LATEST/search-index?q=LBPH+%22Longboard+Pharmaceuticals%2C+Inc.%22+%22background+of+the+merger%22+OR+%22reasons+for+the+merger%22+OR+%22S-4%22&forms=DEFM14A%2CDEF+14A%2CS-4%2C424B3&dateRange=custom&startdt=2021-01-01&enddt=2024-12-31,CANDIDATE,HIGH,Likely resolved historical ACQUIRED outcome; mine backward for pre-outcome process signals.,Candidate only. Outcome and prior process evidence require primary-source verification.
RHC-0078-ACQUIRED-MORF,MORF,"Morphic Holding, Inc.",ACQUIRED,2024,Eli Lilly acquisition; verify with 8-K merger agreement and tender offer filings.,https://efts.sec.gov/LATEST/search-index?q=MORF+%22Morphic+Holding%2C+Inc.%22+%22agreement+and+plan+of+merger%22+%22per+share%22&forms=8-K%2CDEFM14A%2CDEF+14A%2CSC+TO-T%2CSC+TO-I&dateRange=custom&startdt=2024-01-01&enddt=2024-12-31,https://efts.sec.gov/LATEST/search-index?q=MORF+%22Morphic+Holding%2C+Inc.%22+%22strategic+alternatives%22+OR+%22financial+advisor%22+OR+%22review+of+strategic+alternatives%22&forms=8-K%2C10-Q%2C10-K&dateRange=custom&startdt=2021-01-01&enddt=2024-12-31,https://efts.sec.gov/LATEST/search-index?q=MORF+%22Morphic+Holding%2C+Inc.%22+%22Item+4%22+OR+%22strategic+alternatives%22+OR+%22maximize+shareholder+value%22&forms=SC+13D%2CSC+13D%2FA&dateRange=custom&startdt=2021-01-01&enddt=2024-12-31,https://efts.sec.gov/LATEST/search-index?q=MORF+%22Morphic+Holding%2C+Inc.%22+%22right+of+first+refusal%22+OR+%22right+of+first+negotiation%22+OR+%22option+to+acquire%22&forms=8-K%2C10-K%2C10-Q%2CEX-10&dateRange=custom&startdt=2021-01-01&enddt=2024-12-31,https://efts.sec.gov/LATEST/search-index?q=MORF+%22Morphic+Holding%2C+Inc.%22+%22background+of+the+merger%22+OR+%22reasons+for+the+merger%22+OR+%22S-4%22&forms=DEFM14A%2CDEF+14A%2CS-4%2C424B3&dateRange=custom&startdt=2021-01-01&enddt=2024-12-31,CANDIDATE,HIGH,Likely resolved historical ACQUIRED outcome; mine backward for pre-outcome process signals.,Candidate only. Outcome and prior process evidence require primary-source verification.
RHC-0079-ACQUIRED-MRTX,MRTX,"Mirati Therapeutics, Inc.",ACQUIRED,2024,Bristol Myers Squibb acquisition; verify with merger 8-K and proxy.,https://efts.sec.gov/LATEST/search-index?q=MRTX+%22Mirati+Therapeutics%2C+Inc.%22+%22agreement+and+plan+of+merger%22+%22per+share%22&forms=8-K%2CDEFM14A%2CDEF+14A%2CSC+TO-T%2CSC+TO-I&dateRange=custom&startdt=2024-01-01&enddt=2024-12-31,https://efts.sec.gov/LATEST/search-index?q=MRTX+%22Mirati+Therapeutics%2C+Inc.%22+%22strategic+alternatives%22+OR+%22financial+advisor%22+OR+%22review+of+strategic+alternatives%22&forms=8-K%2C10-Q%2C10-K&dateRange=custom&startdt=2021-01-01&enddt=2024-12-31,https://efts.sec.gov/LATEST/search-index?q=MRTX+%22Mirati+Therapeutics%2C+Inc.%22+%22Item+4%22+OR+%22strategic+alternatives%22+OR+%22maximize+shareholder+value%22&forms=SC+13D%2CSC+13D%2FA&dateRange=custom&startdt=2021-01-01&enddt=2024-12-31,https://efts.sec.gov/LATEST/search-index?q=MRTX+%22Mirati+Therapeutics%2C+Inc.%22+%22right+of+first+refusal%22+OR+%22right+of+first+negotiation%22+OR+%22option+to+acquire%22&forms=8-K%2C10-K%2C10-Q%2CEX-10&dateRange=custom&startdt=2021-01-01&enddt=2024-12-31,https://efts.sec.gov/LATEST/search-index?q=MRTX+%22Mirati+Therapeutics%2C+Inc.%22+%22background+of+the+merger%22+OR+%22reasons+for+the+merger%22+OR+%22S-4%22&forms=DEFM14A%2CDEF+14A%2CS-4%2C424B3&dateRange=custom&startdt=2021-01-01&enddt=2024-12-31,CANDIDATE,HIGH,Likely resolved historical ACQUIRED outcome; mine backward for pre-outcome process signals.,Candidate only. Outcome and prior process evidence require primary-source verification.
RHC-0080-FAILED_REVIEW-BLUE,BLUE,Bluebird Bio,FAILED_REVIEW,2022,EDGAR restructuring and strategic alternatives 2022; gene therapy hemoglobinopathy sickle cell,https://efts.sec.gov/LATEST/search-index?q=BLUE+%22Bluebird+Bio%22+%22strategic+alternatives%22+%22restructuring%22&forms=8-K&dateRange=custom&startdt=2022-01-01&enddt=2022-12-31,https://efts.sec.gov/LATEST/search-index?q=BLUE+%22Bluebird+Bio%22+%22strategic+alternatives%22+OR+%22financial+advisor%22+OR+%22review+of+strategic+alternatives%22&forms=8-K%2C10-Q%2C10-K&dateRange=custom&startdt=2019-01-01&enddt=2022-12-31,https://efts.sec.gov/LATEST/search-index?q=BLUE+%22Bluebird+Bio%22+%22Item+4%22+OR+%22strategic+alternatives%22+OR+%22maximize+shareholder+value%22&forms=SC+13D%2CSC+13D%2FA&dateRange=custom&startdt=2019-01-01&enddt=2022-12-31,https://efts.sec.gov/LATEST/search-index?q=BLUE+%22Bluebird+Bio%22+%22right+of+first+refusal%22+OR+%22right+of+first+negotiation%22+OR+%22option+to+acquire%22&forms=8-K%2C10-K%2C10-Q%2CEX-10&dateRange=custom&startdt=2019-01-01&enddt=2022-12-31,https://efts.sec.gov/LATEST/search-index?q=BLUE+%22Bluebird+Bio%22+%22background+of+the+merger%22+OR+%22reasons+for+the+merger%22+OR+%22S-4%22&forms=DEFM14A%2CDEF+14A%2CS-4%2C424B3&dateRange=custom&startdt=2019-01-01&enddt=2022-12-31,CANDIDATE,HIGH,Likely resolved historical FAILED_REVIEW outcome; mine backward for pre-outcome process signals.,Gene therapy. Announced strategic alternatives for commercial business 2022. Check SA 8-K. Company split into two entities. Good complex case.
RHC-0081-FAILED_REVIEW-CRBP,CRBP,Corbus Pharmaceuticals,FAILED_REVIEW,2022,EDGAR 8-K SA announcement 2022; no deal; company restructured,https://efts.sec.gov/LATEST/search-index?q=CRBP+%22Corbus+Pharmaceuticals%22+%22strategic+alternatives%22+%22restructuring%22&forms=8-K&dateRange=custom&startdt=2022-01-01&enddt=2022-12-31,https://efts.sec.gov/LATEST/search-index?q=CRBP+%22Corbus+Pharmaceuticals%22+%22strategic+alternatives%22+OR+%22financial+advisor%22+OR+%22review+of+strategic+alternatives%22&forms=8-K%2C10-Q%2C10-K&dateRange=custom&startdt=2019-01-01&enddt=2022-12-31,https://efts.sec.gov/LATEST/search-index?q=CRBP+%22Corbus+Pharmaceuticals%22+%22Item+4%22+OR+%22strategic+alternatives%22+OR+%22maximize+shareholder+value%22&forms=SC+13D%2CSC+13D%2FA&dateRange=custom&startdt=2019-01-01&enddt=2022-12-31,https://efts.sec.gov/LATEST/search-index?q=CRBP+%22Corbus+Pharmaceuticals%22+%22right+of+first+refusal%22+OR+%22right+of+first+negotiation%22+OR+%22option+to+acquire%22&forms=8-K%2C10-K%2C10-Q%2CEX-10&dateRange=custom&startdt=2019-01-01&enddt=2022-12-31,https://efts.sec.gov/LATEST/search-index?q=CRBP+%22Corbus+Pharmaceuticals%22+%22background+of+the+merger%22+OR+%22reasons+for+the+merger%22+OR+%22S-4%22&forms=DEFM14A%2CDEF+14A%2CS-4%2C424B3&dateRange=custom&startdt=2019-01-01&enddt=2022-12-31,CANDIDATE,HIGH,Likely resolved historical FAILED_REVIEW outcome; mine backward for pre-outcome process signals.,SA false positive. Already in seed. Verify exact 8-K date.
RHC-0082-FAILED_REVIEW-CYCN,CYCN,Cyclerion Therapeutics,FAILED_REVIEW,2022,EDGAR SA announcement 2022; soluble guanylate cyclase; check,https://efts.sec.gov/LATEST/search-index?q=CYCN+%22Cyclerion+Therapeutics%22+%22strategic+alternatives%22+%22restructuring%22&forms=8-K&dateRange=custom&startdt=2022-01-01&enddt=2022-12-31,https://efts.sec.gov/LATEST/search-index?q=CYCN+%22Cyclerion+Therapeutics%22+%22strategic+alternatives%22+OR+%22financial+advisor%22+OR+%22review+of+strategic+alternatives%22&forms=8-K%2C10-Q%2C10-K&dateRange=custom&startdt=2019-01-01&enddt=2022-12-31,https://efts.sec.gov/LATEST/search-index?q=CYCN+%22Cyclerion+Therapeutics%22+%22Item+4%22+OR+%22strategic+alternatives%22+OR+%22maximize+shareholder+value%22&forms=SC+13D%2CSC+13D%2FA&dateRange=custom&startdt=2019-01-01&enddt=2022-12-31,https://efts.sec.gov/LATEST/search-index?q=CYCN+%22Cyclerion+Therapeutics%22+%22right+of+first+refusal%22+OR+%22right+of+first+negotiation%22+OR+%22option+to+acquire%22&forms=8-K%2C10-K%2C10-Q%2CEX-10&dateRange=custom&startdt=2019-01-01&enddt=2022-12-31,https://efts.sec.gov/LATEST/search-index?q=CYCN+%22Cyclerion+Therapeutics%22+%22background+of+the+merger%22+OR+%22reasons+for+the+merger%22+OR+%22S-4%22&forms=DEFM14A%2CDEF+14A%2CS-4%2C424B3&dateRange=custom&startdt=2019-01-01&enddt=2022-12-31,CANDIDATE,HIGH,Likely resolved historical FAILED_REVIEW outcome; mine backward for pre-outcome process signals.,Spin-out from Ironwood. Announced strategic alternatives. Check SA 8-K date and outcome.
RHC-0083-FAILED_REVIEW-TSHA,TSHA,Taysha Gene Therapies,FAILED_REVIEW,2023,EDGAR 8-K or press release re strategic alternatives 2022-2023; wind-down elements,https://efts.sec.gov/LATEST/search-index?q=TSHA+%22Taysha+Gene+Therapies%22+%22strategic+alternatives%22+%22restructuring%22&forms=8-K&dateRange=custom&startdt=2023-01-01&enddt=2023-12-31,https://efts.sec.gov/LATEST/search-index?q=TSHA+%22Taysha+Gene+Therapies%22+%22strategic+alternatives%22+OR+%22financial+advisor%22+OR+%22review+of+strategic+alternatives%22&forms=8-K%2C10-Q%2C10-K&dateRange=custom&startdt=2020-01-01&enddt=2023-12-31,https://efts.sec.gov/LATEST/search-index?q=TSHA+%22Taysha+Gene+Therapies%22+%22Item+4%22+OR+%22strategic+alternatives%22+OR+%22maximize+shareholder+value%22&forms=SC+13D%2CSC+13D%2FA&dateRange=custom&startdt=2020-01-01&enddt=2023-12-31,https://efts.sec.gov/LATEST/search-index?q=TSHA+%22Taysha+Gene+Therapies%22+%22right+of+first+refusal%22+OR+%22right+of+first+negotiation%22+OR+%22option+to+acquire%22&forms=8-K%2C10-K%2C10-Q%2CEX-10&dateRange=custom&startdt=2020-01-01&enddt=2023-12-31,https://efts.sec.gov/LATEST/search-index?q=TSHA+%22Taysha+Gene+Therapies%22+%22background+of+the+merger%22+OR+%22reasons+for+the+merger%22+OR+%22S-4%22&forms=DEFM14A%2CDEF+14A%2CS-4%2C424B3&dateRange=custom&startdt=2020-01-01&enddt=2023-12-31,CANDIDATE,HIGH,Likely resolved historical FAILED_REVIEW outcome; mine backward for pre-outcome process signals.,Gene therapy company in distress. Check for SA 8-K. Company restructured significantly.
RHC-0084-WIND_DOWN-GNCA,GNCA,Genocea Biosciences,WIND_DOWN,2022,EDGAR 8-K SA announcement Jan 2022; wind-down announcement later 2022; small cap,https://efts.sec.gov/LATEST/search-index?q=GNCA+%22Genocea+Biosciences%22+%22wind+down%22+%22cease+operations%22&forms=8-K&dateRange=custom&startdt=2022-01-01&enddt=2022-12-31,https://efts.sec.gov/LATEST/search-index?q=GNCA+%22Genocea+Biosciences%22+%22strategic+alternatives%22+OR+%22financial+advisor%22+OR+%22review+of+strategic+alternatives%22&forms=8-K%2C10-Q%2C10-K&dateRange=custom&startdt=2019-01-01&enddt=2022-12-31,https://efts.sec.gov/LATEST/search-index?q=GNCA+%22Genocea+Biosciences%22+%22Item+4%22+OR+%22strategic+alternatives%22+OR+%22maximize+shareholder+value%22&forms=SC+13D%2CSC+13D%2FA&dateRange=custom&startdt=2019-01-01&enddt=2022-12-31,https://efts.sec.gov/LATEST/search-index?q=GNCA+%22Genocea+Biosciences%22+%22right+of+first+refusal%22+OR+%22right+of+first+negotiation%22+OR+%22option+to+acquire%22&forms=8-K%2C10-K%2C10-Q%2CEX-10&dateRange=custom&startdt=2019-01-01&enddt=2022-12-31,https://efts.sec.gov/LATEST/search-index?q=GNCA+%22Genocea+Biosciences%22+%22background+of+the+merger%22+OR+%22reasons+for+the+merger%22+OR+%22S-4%22&forms=DEFM14A%2CDEF+14A%2CS-4%2C424B3&dateRange=custom&startdt=2019-01-01&enddt=2022-12-31,CANDIDATE,HIGH,Likely resolved historical WIND_DOWN outcome; mine backward for pre-outcome process signals.,Textbook SA_AFFIRM → wind-down. Already in seed. Verify first.
RHC-0085-WIND_DOWN-MGTA,MGTA,Magenta Therapeutics,WIND_DOWN,2022,EDGAR 8-K SA announcement 2022; wind-down 2023; stem cell mobilization,https://efts.sec.gov/LATEST/search-index?q=MGTA+%22Magenta+Therapeutics%22+%22wind+down%22+%22cease+operations%22&forms=8-K&dateRange=custom&startdt=2022-01-01&enddt=2022-12-31,https://efts.sec.gov/LATEST/search-index?q=MGTA+%22Magenta+Therapeutics%22+%22strategic+alternatives%22+OR+%22financial+advisor%22+OR+%22review+of+strategic+alternatives%22&forms=8-K%2C10-Q%2C10-K&dateRange=custom&startdt=2019-01-01&enddt=2022-12-31,https://efts.sec.gov/LATEST/search-index?q=MGTA+%22Magenta+Therapeutics%22+%22Item+4%22+OR+%22strategic+alternatives%22+OR+%22maximize+shareholder+value%22&forms=SC+13D%2CSC+13D%2FA&dateRange=custom&startdt=2019-01-01&enddt=2022-12-31,https://efts.sec.gov/LATEST/search-index?q=MGTA+%22Magenta+Therapeutics%22+%22right+of+first+refusal%22+OR+%22right+of+first+negotiation%22+OR+%22option+to+acquire%22&forms=8-K%2C10-K%2C10-Q%2CEX-10&dateRange=custom&startdt=2019-01-01&enddt=2022-12-31,https://efts.sec.gov/LATEST/search-index?q=MGTA+%22Magenta+Therapeutics%22+%22background+of+the+merger%22+OR+%22reasons+for+the+merger%22+OR+%22S-4%22&forms=DEFM14A%2CDEF+14A%2CS-4%2C424B3&dateRange=custom&startdt=2019-01-01&enddt=2022-12-31,CANDIDATE,HIGH,Likely resolved historical WIND_DOWN outcome; mine backward for pre-outcome process signals.,SA → wind-down. Already in seed. Verify dates.
RHC-0086-WIND_DOWN-CALA,CALA,Calithera Biosciences,WIND_DOWN,2023,EDGAR wind-down announcement 2023; glutaminase inhibitor telaglenastat,https://efts.sec.gov/LATEST/search-index?q=CALA+%22Calithera+Biosciences%22+%22wind+down%22+%22cease+operations%22&forms=8-K&dateRange=custom&startdt=2023-01-01&enddt=2023-12-31,https://efts.sec.gov/LATEST/search-index?q=CALA+%22Calithera+Biosciences%22+%22strategic+alternatives%22+OR+%22financial+advisor%22+OR+%22review+of+strategic+alternatives%22&forms=8-K%2C10-Q%2C10-K&dateRange=custom&startdt=2020-01-01&enddt=2023-12-31,https://efts.sec.gov/LATEST/search-index?q=CALA+%22Calithera+Biosciences%22+%22Item+4%22+OR+%22strategic+alternatives%22+OR+%22maximize+shareholder+value%22&forms=SC+13D%2CSC+13D%2FA&dateRange=custom&startdt=2020-01-01&enddt=2023-12-31,https://efts.sec.gov/LATEST/search-index?q=CALA+%22Calithera+Biosciences%22+%22right+of+first+refusal%22+OR+%22right+of+first+negotiation%22+OR+%22option+to+acquire%22&forms=8-K%2C10-K%2C10-Q%2CEX-10&dateRange=custom&startdt=2020-01-01&enddt=2023-12-31,https://efts.sec.gov/LATEST/search-index?q=CALA+%22Calithera+Biosciences%22+%22background+of+the+merger%22+OR+%22reasons+for+the+merger%22+OR+%22S-4%22&forms=DEFM14A%2CDEF+14A%2CS-4%2C424B3&dateRange=custom&startdt=2020-01-01&enddt=2023-12-31,CANDIDATE,HIGH,Likely resolved historical WIND_DOWN outcome; mine backward for pre-outcome process signals.,Company wound down after Phase 3 failures. Check for prior SA announcement.
RHC-0087-WIND_DOWN-RUBY,RUBY,"Rubius Therapeutics, Inc.",WIND_DOWN,2023,Wind-down/restructuring candidate after pipeline failure; verify with 8-K.,https://efts.sec.gov/LATEST/search-index?q=RUBY+%22Rubius+Therapeutics%2C+Inc.%22+%22wind+down%22+%22cease+operations%22&forms=8-K&dateRange=custom&startdt=2023-01-01&enddt=2023-12-31,https://efts.sec.gov/LATEST/search-index?q=RUBY+%22Rubius+Therapeutics%2C+Inc.%22+%22strategic+alternatives%22+OR+%22financial+advisor%22+OR+%22review+of+strategic+alternatives%22&forms=8-K%2C10-Q%2C10-K&dateRange=custom&startdt=2020-01-01&enddt=2023-12-31,https://efts.sec.gov/LATEST/search-index?q=RUBY+%22Rubius+Therapeutics%2C+Inc.%22+%22Item+4%22+OR+%22strategic+alternatives%22+OR+%22maximize+shareholder+value%22&forms=SC+13D%2CSC+13D%2FA&dateRange=custom&startdt=2020-01-01&enddt=2023-12-31,https://efts.sec.gov/LATEST/search-index?q=RUBY+%22Rubius+Therapeutics%2C+Inc.%22+%22right+of+first+refusal%22+OR+%22right+of+first+negotiation%22+OR+%22option+to+acquire%22&forms=8-K%2C10-K%2C10-Q%2CEX-10&dateRange=custom&startdt=2020-01-01&enddt=2023-12-31,https://efts.sec.gov/LATEST/search-index?q=RUBY+%22Rubius+Therapeutics%2C+Inc.%22+%22background+of+the+merger%22+OR+%22reasons+for+the+merger%22+OR+%22S-4%22&forms=DEFM14A%2CDEF+14A%2CS-4%2C424B3&dateRange=custom&startdt=2020-01-01&enddt=2023-12-31,CANDIDATE,HIGH,Likely resolved historical WIND_DOWN outcome; mine backward for pre-outcome process signals.,Candidate only. Outcome and prior process evidence require primary-source verification.
RHC-0088-WIND_DOWN-TALS,TALS,Talaris Therapeutics,WIND_DOWN,2023,EDGAR wind-down announcement 2023; renal transplant tolerance; failed Phase 3,https://efts.sec.gov/LATEST/search-index?q=TALS+%22Talaris+Therapeutics%22+%22wind+down%22+%22cease+operations%22&forms=8-K&dateRange=custom&startdt=2023-01-01&enddt=2023-12-31,https://efts.sec.gov/LATEST/search-index?q=TALS+%22Talaris+Therapeutics%22+%22strategic+alternatives%22+OR+%22financial+advisor%22+OR+%22review+of+strategic+alternatives%22&forms=8-K%2C10-Q%2C10-K&dateRange=custom&startdt=2020-01-01&enddt=2023-12-31,https://efts.sec.gov/LATEST/search-index?q=TALS+%22Talaris+Therapeutics%22+%22Item+4%22+OR+%22strategic+alternatives%22+OR+%22maximize+shareholder+value%22&forms=SC+13D%2CSC+13D%2FA&dateRange=custom&startdt=2020-01-01&enddt=2023-12-31,https://efts.sec.gov/LATEST/search-index?q=TALS+%22Talaris+Therapeutics%22+%22right+of+first+refusal%22+OR+%22right+of+first+negotiation%22+OR+%22option+to+acquire%22&forms=8-K%2C10-K%2C10-Q%2CEX-10&dateRange=custom&startdt=2020-01-01&enddt=2023-12-31,https://efts.sec.gov/LATEST/search-index?q=TALS+%22Talaris+Therapeutics%22+%22background+of+the+merger%22+OR+%22reasons+for+the+merger%22+OR+%22S-4%22&forms=DEFM14A%2CDEF+14A%2CS-4%2C424B3&dateRange=custom&startdt=2020-01-01&enddt=2023-12-31,CANDIDATE,HIGH,Likely resolved historical WIND_DOWN outcome; mine backward for pre-outcome process signals.,Gene/cell therapy. Wind-down 2023 after Phase 3 failure. Check for prior SA announcement.
RHC-0089-BANKRUPTCY-CLVS,CLVS,Clovis Oncology,BANKRUPTCY,2022,EDGAR bankruptcy filing Dec 2022; had PARP inhibitor rucaparib; distressed,https://efts.sec.gov/LATEST/search-index?q=CLVS+%22Clovis+Oncology%22+%22chapter+11%22+%22voluntary+petition%22&forms=8-K&dateRange=custom&startdt=2022-01-01&enddt=2022-12-31,https://efts.sec.gov/LATEST/search-index?q=CLVS+%22Clovis+Oncology%22+%22strategic+alternatives%22+OR+%22financial+advisor%22+OR+%22review+of+strategic+alternatives%22&forms=8-K%2C10-Q%2C10-K&dateRange=custom&startdt=2019-01-01&enddt=2022-12-31,https://efts.sec.gov/LATEST/search-index?q=CLVS+%22Clovis+Oncology%22+%22Item+4%22+OR+%22strategic+alternatives%22+OR+%22maximize+shareholder+value%22&forms=SC+13D%2CSC+13D%2FA&dateRange=custom&startdt=2019-01-01&enddt=2022-12-31,https://efts.sec.gov/LATEST/search-index?q=CLVS+%22Clovis+Oncology%22+%22right+of+first+refusal%22+OR+%22right+of+first+negotiation%22+OR+%22option+to+acquire%22&forms=8-K%2C10-K%2C10-Q%2CEX-10&dateRange=custom&startdt=2019-01-01&enddt=2022-12-31,https://efts.sec.gov/LATEST/search-index?q=CLVS+%22Clovis+Oncology%22+%22background+of+the+merger%22+OR+%22reasons+for+the+merger%22+OR+%22S-4%22&forms=DEFM14A%2CDEF+14A%2CS-4%2C424B3&dateRange=custom&startdt=2019-01-01&enddt=2022-12-31,CANDIDATE,HIGH,Likely resolved historical BANKRUPTCY outcome; mine backward for pre-outcome process signals.,Bankrupt after PARP competitor pressure. Check for prior SA signals or activist before bankruptcy.
RHC-0090-REVERSE_MERGER-SURF,SURF,Surface Oncology,REVERSE_MERGER,2023,EDGAR merger of equals with Pyxis Oncology; no premium; activist pressure beforehand,https://efts.sec.gov/LATEST/search-index?q=SURF+%22Surface+Oncology%22+%22reverse+merger%22+%22strategic+alternatives%22&forms=8-K%2CS-4%2C424B3%2CDEFM14A%2CDEF+14A&dateRange=custom&startdt=2023-01-01&enddt=2023-12-31,https://efts.sec.gov/LATEST/search-index?q=SURF+%22Surface+Oncology%22+%22strategic+alternatives%22+OR+%22financial+advisor%22+OR+%22review+of+strategic+alternatives%22&forms=8-K%2C10-Q%2C10-K&dateRange=custom&startdt=2020-01-01&enddt=2023-12-31,https://efts.sec.gov/LATEST/search-index?q=SURF+%22Surface+Oncology%22+%22Item+4%22+OR+%22strategic+alternatives%22+OR+%22maximize+shareholder+value%22&forms=SC+13D%2CSC+13D%2FA&dateRange=custom&startdt=2020-01-01&enddt=2023-12-31,https://efts.sec.gov/LATEST/search-index?q=SURF+%22Surface+Oncology%22+%22right+of+first+refusal%22+OR+%22right+of+first+negotiation%22+OR+%22option+to+acquire%22&forms=8-K%2C10-K%2C10-Q%2CEX-10&dateRange=custom&startdt=2020-01-01&enddt=2023-12-31,https://efts.sec.gov/LATEST/search-index?q=SURF+%22Surface+Oncology%22+%22background+of+the+merger%22+OR+%22reasons+for+the+merger%22+OR+%22S-4%22&forms=DEFM14A%2CDEF+14A%2CS-4%2C424B3&dateRange=custom&startdt=2020-01-01&enddt=2023-12-31,CANDIDATE,HIGH,Likely resolved historical REVERSE_MERGER outcome; mine backward for pre-outcome process signals.,Already in seed. Verify merger terms and activist 13D details.
RHC-0091-ASSET_SALE-AGIO,AGIO,Agios Pharmaceuticals,ASSET_SALE,2021,EDGAR 8-K Servier deal 2021; sold oncology business for ~$1.8B; retained rare disease,https://efts.sec.gov/LATEST/search-index?q=AGIO+%22Agios+Pharmaceuticals%22+%22asset+purchase+agreement%22+%22sale%22&forms=8-K&dateRange=custom&startdt=2021-01-01&enddt=2021-12-31,https://efts.sec.gov/LATEST/search-index?q=AGIO+%22Agios+Pharmaceuticals%22+%22strategic+alternatives%22+OR+%22financial+advisor%22+OR+%22review+of+strategic+alternatives%22&forms=8-K%2C10-Q%2C10-K&dateRange=custom&startdt=2018-01-01&enddt=2021-12-31,https://efts.sec.gov/LATEST/search-index?q=AGIO+%22Agios+Pharmaceuticals%22+%22Item+4%22+OR+%22strategic+alternatives%22+OR+%22maximize+shareholder+value%22&forms=SC+13D%2CSC+13D%2FA&dateRange=custom&startdt=2018-01-01&enddt=2021-12-31,https://efts.sec.gov/LATEST/search-index?q=AGIO+%22Agios+Pharmaceuticals%22+%22right+of+first+refusal%22+OR+%22right+of+first+negotiation%22+OR+%22option+to+acquire%22&forms=8-K%2C10-K%2C10-Q%2CEX-10&dateRange=custom&startdt=2018-01-01&enddt=2021-12-31,https://efts.sec.gov/LATEST/search-index?q=AGIO+%22Agios+Pharmaceuticals%22+%22background+of+the+merger%22+OR+%22reasons+for+the+merger%22+OR+%22S-4%22&forms=DEFM14A%2CDEF+14A%2CS-4%2C424B3&dateRange=custom&startdt=2018-01-01&enddt=2021-12-31,CANDIDATE,HIGH,Likely resolved historical ASSET_SALE outcome; mine backward for pre-outcome process signals.,Partial asset sale — Agios kept rare disease (ivosidenib enasidenib to Servier). Complex case.
RHC-0092-ASSET_SALE-INBX,INBX,Inhibrx,ASSET_SALE,2024,EDGAR Sanofi INBRX-101 deal 2024; ~$2.2B total; spin-out of remainder,https://efts.sec.gov/LATEST/search-index?q=INBX+%22Inhibrx%22+%22asset+purchase+agreement%22+%22sale%22&forms=8-K&dateRange=custom&startdt=2024-01-01&enddt=2024-12-31,https://efts.sec.gov/LATEST/search-index?q=INBX+%22Inhibrx%22+%22strategic+alternatives%22+OR+%22financial+advisor%22+OR+%22review+of+strategic+alternatives%22&forms=8-K%2C10-Q%2C10-K&dateRange=custom&startdt=2021-01-01&enddt=2024-12-31,https://efts.sec.gov/LATEST/search-index?q=INBX+%22Inhibrx%22+%22Item+4%22+OR+%22strategic+alternatives%22+OR+%22maximize+shareholder+value%22&forms=SC+13D%2CSC+13D%2FA&dateRange=custom&startdt=2021-01-01&enddt=2024-12-31,https://efts.sec.gov/LATEST/search-index?q=INBX+%22Inhibrx%22+%22right+of+first+refusal%22+OR+%22right+of+first+negotiation%22+OR+%22option+to+acquire%22&forms=8-K%2C10-K%2C10-Q%2CEX-10&dateRange=custom&startdt=2021-01-01&enddt=2024-12-31,https://efts.sec.gov/LATEST/search-index?q=INBX+%22Inhibrx%22+%22background+of+the+merger%22+OR+%22reasons+for+the+merger%22+OR+%22S-4%22&forms=DEFM14A%2CDEF+14A%2CS-4%2C424B3&dateRange=custom&startdt=2021-01-01&enddt=2024-12-31,CANDIDATE,HIGH,Likely resolved historical ASSET_SALE outcome; mine backward for pre-outcome process signals.,Already in seed. Verify exact structure and dates.
RHC-0093-ACTIVIST_NO_DEAL-KPTI,KPTI,Karyopharm Therapeutics,ACTIVIST_NO_DEAL,2022,EDGAR SC 13D or 13G filings; activist pressure for strategic alternatives; no deal,https://efts.sec.gov/LATEST/search-index?q=KPTI+%22Karyopharm+Therapeutics%22+%22Item+4%22+%22strategic+alternatives%22&forms=SC+13D%2CSC+13D%2FA%2CDEF+14A&dateRange=custom&startdt=2022-01-01&enddt=2022-12-31,https://efts.sec.gov/LATEST/search-index?q=KPTI+%22Karyopharm+Therapeutics%22+%22strategic+alternatives%22+OR+%22financial+advisor%22+OR+%22review+of+strategic+alternatives%22&forms=8-K%2C10-Q%2C10-K&dateRange=custom&startdt=2019-01-01&enddt=2022-12-31,https://efts.sec.gov/LATEST/search-index?q=KPTI+%22Karyopharm+Therapeutics%22+%22Item+4%22+OR+%22strategic+alternatives%22+OR+%22maximize+shareholder+value%22&forms=SC+13D%2CSC+13D%2FA&dateRange=custom&startdt=2019-01-01&enddt=2022-12-31,https://efts.sec.gov/LATEST/search-index?q=KPTI+%22Karyopharm+Therapeutics%22+%22right+of+first+refusal%22+OR+%22right+of+first+negotiation%22+OR+%22option+to+acquire%22&forms=8-K%2C10-K%2C10-Q%2CEX-10&dateRange=custom&startdt=2019-01-01&enddt=2022-12-31,https://efts.sec.gov/LATEST/search-index?q=KPTI+%22Karyopharm+Therapeutics%22+%22background+of+the+merger%22+OR+%22reasons+for+the+merger%22+OR+%22S-4%22&forms=DEFM14A%2CDEF+14A%2CS-4%2C424B3&dateRange=custom&startdt=2019-01-01&enddt=2022-12-31,CANDIDATE,HIGH,Likely resolved historical ACTIVIST_NO_DEAL outcome; mine backward for pre-outcome process signals.,Check WhaleWisdom for activist 13D filings. Confirm Item 4 language.
RHC-0094-ACTIVIST_NO_DEAL-ZYME,ZYME,Zymeworks,ACTIVIST_NO_DEAL,2022,EDGAR SC 13D or activist pressure; company rejected buyout offer; still public 2024,https://efts.sec.gov/LATEST/search-index?q=ZYME+%22Zymeworks%22+%22Item+4%22+%22strategic+alternatives%22&forms=SC+13D%2CSC+13D%2FA%2CDEF+14A&dateRange=custom&startdt=2022-01-01&enddt=2022-12-31,https://efts.sec.gov/LATEST/search-index?q=ZYME+%22Zymeworks%22+%22strategic+alternatives%22+OR+%22financial+advisor%22+OR+%22review+of+strategic+alternatives%22&forms=8-K%2C10-Q%2C10-K&dateRange=custom&startdt=2019-01-01&enddt=2022-12-31,https://efts.sec.gov/LATEST/search-index?q=ZYME+%22Zymeworks%22+%22Item+4%22+OR+%22strategic+alternatives%22+OR+%22maximize+shareholder+value%22&forms=SC+13D%2CSC+13D%2FA&dateRange=custom&startdt=2019-01-01&enddt=2022-12-31,https://efts.sec.gov/LATEST/search-index?q=ZYME+%22Zymeworks%22+%22right+of+first+refusal%22+OR+%22right+of+first+negotiation%22+OR+%22option+to+acquire%22&forms=8-K%2C10-K%2C10-Q%2CEX-10&dateRange=custom&startdt=2019-01-01&enddt=2022-12-31,https://efts.sec.gov/LATEST/search-index?q=ZYME+%22Zymeworks%22+%22background+of+the+merger%22+OR+%22reasons+for+the+merger%22+OR+%22S-4%22&forms=DEFM14A%2CDEF+14A%2CS-4%2C424B3&dateRange=custom&startdt=2019-01-01&enddt=2022-12-31,CANDIDATE,HIGH,Likely resolved historical ACTIVIST_NO_DEAL outcome; mine backward for pre-outcome process signals.,Zymeworks rejected unsolicited acquisition offers from Jazz Pharmaceuticals. Check 8-K rejecting offer. Good activist pressure case.
RHC-0095-ACQUIRED-ARMO,ARMO,Armo BioSciences,ACQUIRED,2018,EDGAR 8-K Eli Lilly deal 2018; ~$1.6B; pegilodecakin IL-10,https://efts.sec.gov/LATEST/search-index?q=ARMO+%22Armo+BioSciences%22+%22agreement+and+plan+of+merger%22+%22per+share%22&forms=8-K%2CDEFM14A%2CDEF+14A%2CSC+TO-T%2CSC+TO-I&dateRange=custom&startdt=2018-01-01&enddt=2018-12-31,https://efts.sec.gov/LATEST/search-index?q=ARMO+%22Armo+BioSciences%22+%22strategic+alternatives%22+OR+%22financial+advisor%22+OR+%22review+of+strategic+alternatives%22&forms=8-K%2C10-Q%2C10-K&dateRange=custom&startdt=2015-01-01&enddt=2018-12-31,https://efts.sec.gov/LATEST/search-index?q=ARMO+%22Armo+BioSciences%22+%22Item+4%22+OR+%22strategic+alternatives%22+OR+%22maximize+shareholder+value%22&forms=SC+13D%2CSC+13D%2FA&dateRange=custom&startdt=2015-01-01&enddt=2018-12-31,https://efts.sec.gov/LATEST/search-index?q=ARMO+%22Armo+BioSciences%22+%22right+of+first+refusal%22+OR+%22right+of+first+negotiation%22+OR+%22option+to+acquire%22&forms=8-K%2C10-K%2C10-Q%2CEX-10&dateRange=custom&startdt=2015-01-01&enddt=2018-12-31,https://efts.sec.gov/LATEST/search-index?q=ARMO+%22Armo+BioSciences%22+%22background+of+the+merger%22+OR+%22reasons+for+the+merger%22+OR+%22S-4%22&forms=DEFM14A%2CDEF+14A%2CS-4%2C424B3&dateRange=custom&startdt=2015-01-01&enddt=2018-12-31,CANDIDATE,MED,Likely resolved historical ACQUIRED outcome; mine backward for pre-outcome process signals.,Earlier cycle. Confirm deal value and date.
RHC-0096-ACQUIRED-DOVA,DOVA,Dova Pharmaceuticals Inc.,ACQUIRED,2019,Existing cases_seed row DOVA-2021-001; verify from primary filing before use.,https://efts.sec.gov/LATEST/search-index?q=DOVA+%22Dova+Pharmaceuticals+Inc.%22+%22agreement+and+plan+of+merger%22+%22per+share%22&forms=8-K%2CDEFM14A%2CDEF+14A%2CSC+TO-T%2CSC+TO-I&dateRange=custom&startdt=2019-01-01&enddt=2019-12-31,https://efts.sec.gov/LATEST/search-index?q=DOVA+%22Dova+Pharmaceuticals+Inc.%22+%22strategic+alternatives%22+OR+%22financial+advisor%22+OR+%22review+of+strategic+alternatives%22&forms=8-K%2C10-Q%2C10-K&dateRange=custom&startdt=2016-01-01&enddt=2019-12-31,https://efts.sec.gov/LATEST/search-index?q=DOVA+%22Dova+Pharmaceuticals+Inc.%22+%22Item+4%22+OR+%22strategic+alternatives%22+OR+%22maximize+shareholder+value%22&forms=SC+13D%2CSC+13D%2FA&dateRange=custom&startdt=2016-01-01&enddt=2019-12-31,https://efts.sec.gov/LATEST/search-index?q=DOVA+%22Dova+Pharmaceuticals+Inc.%22+%22right+of+first+refusal%22+OR+%22right+of+first+negotiation%22+OR+%22option+to+acquire%22&forms=8-K%2C10-K%2C10-Q%2CEX-10&dateRange=custom&startdt=2016-01-01&enddt=2019-12-31,https://efts.sec.gov/LATEST/search-index?q=DOVA+%22Dova+Pharmaceuticals+Inc.%22+%22background+of+the+merger%22+OR+%22reasons+for+the+merger%22+OR+%22S-4%22&forms=DEFM14A%2CDEF+14A%2CS-4%2C424B3&dateRange=custom&startdt=2016-01-01&enddt=2019-12-31,CANDIDATE,MED,Likely resolved historical ACQUIRED outcome; mine backward for pre-outcome process signals.,Imported from cases_seed.csv as CANDIDATE only; do not promote without source_evidence and price windows.
RHC-0097-ACQUIRED-SYNTX,SYNTX,Synthorx,ACQUIRED,2019,EDGAR 8-K Sanofi deal 2020; ~$2.5B; THOR-707 IL-2; check exact ticker,https://efts.sec.gov/LATEST/search-index?q=SYNTX+%22Synthorx%22+%22agreement+and+plan+of+merger%22+%22per+share%22&forms=8-K%2CDEFM14A%2CDEF+14A%2CSC+TO-T%2CSC+TO-I&dateRange=custom&startdt=2019-01-01&enddt=2019-12-31,https://efts.sec.gov/LATEST/search-index?q=SYNTX+%22Synthorx%22+%22strategic+alternatives%22+OR+%22financial+advisor%22+OR+%22review+of+strategic+alternatives%22&forms=8-K%2C10-Q%2C10-K&dateRange=custom&startdt=2016-01-01&enddt=2019-12-31,https://efts.sec.gov/LATEST/search-index?q=SYNTX+%22Synthorx%22+%22Item+4%22+OR+%22strategic+alternatives%22+OR+%22maximize+shareholder+value%22&forms=SC+13D%2CSC+13D%2FA&dateRange=custom&startdt=2016-01-01&enddt=2019-12-31,https://efts.sec.gov/LATEST/search-index?q=SYNTX+%22Synthorx%22+%22right+of+first+refusal%22+OR+%22right+of+first+negotiation%22+OR+%22option+to+acquire%22&forms=8-K%2C10-K%2C10-Q%2CEX-10&dateRange=custom&startdt=2016-01-01&enddt=2019-12-31,https://efts.sec.gov/LATEST/search-index?q=SYNTX+%22Synthorx%22+%22background+of+the+merger%22+OR+%22reasons+for+the+merger%22+OR+%22S-4%22&forms=DEFM14A%2CDEF+14A%2CS-4%2C424B3&dateRange=custom&startdt=2016-01-01&enddt=2019-12-31,CANDIDATE,MED,Likely resolved historical ACQUIRED outcome; mine backward for pre-outcome process signals.,Confirm ticker SYNTX and deal date/value.
RHC-0098-ACQUIRED-AIMT,AIMT,Aimmune Therapeutics,ACQUIRED,2020,EDGAR 8-K Nestle deal 2020; ~$2.6B; Palforzia peanut allergy,https://efts.sec.gov/LATEST/search-index?q=AIMT+%22Aimmune+Therapeutics%22+%22agreement+and+plan+of+merger%22+%22per+share%22&forms=8-K%2CDEFM14A%2CDEF+14A%2CSC+TO-T%2CSC+TO-I&dateRange=custom&startdt=2020-01-01&enddt=2020-12-31,https://efts.sec.gov/LATEST/search-index?q=AIMT+%22Aimmune+Therapeutics%22+%22strategic+alternatives%22+OR+%22financial+advisor%22+OR+%22review+of+strategic+alternatives%22&forms=8-K%2C10-Q%2C10-K&dateRange=custom&startdt=2017-01-01&enddt=2020-12-31,https://efts.sec.gov/LATEST/search-index?q=AIMT+%22Aimmune+Therapeutics%22+%22Item+4%22+OR+%22strategic+alternatives%22+OR+%22maximize+shareholder+value%22&forms=SC+13D%2CSC+13D%2FA&dateRange=custom&startdt=2017-01-01&enddt=2020-12-31,https://efts.sec.gov/LATEST/search-index?q=AIMT+%22Aimmune+Therapeutics%22+%22right+of+first+refusal%22+OR+%22right+of+first+negotiation%22+OR+%22option+to+acquire%22&forms=8-K%2C10-K%2C10-Q%2CEX-10&dateRange=custom&startdt=2017-01-01&enddt=2020-12-31,https://efts.sec.gov/LATEST/search-index?q=AIMT+%22Aimmune+Therapeutics%22+%22background+of+the+merger%22+OR+%22reasons+for+the+merger%22+OR+%22S-4%22&forms=DEFM14A%2CDEF+14A%2CS-4%2C424B3&dateRange=custom&startdt=2017-01-01&enddt=2020-12-31,CANDIDATE,MED,Likely resolved historical ACQUIRED outcome; mine backward for pre-outcome process signals.,At upper limit of range. Include as reference. Nestle as acquirer unusual.
RHC-0099-ACQUIRED-AKCA,AKCA,Akcea Therapeutics,ACQUIRED,2020,EDGAR 8-K Ionis tender offer 2020; ~$1.5B; parent company buyout,https://efts.sec.gov/LATEST/search-index?q=AKCA+%22Akcea+Therapeutics%22+%22agreement+and+plan+of+merger%22+%22per+share%22&forms=8-K%2CDEFM14A%2CDEF+14A%2CSC+TO-T%2CSC+TO-I&dateRange=custom&startdt=2020-01-01&enddt=2020-12-31,https://efts.sec.gov/LATEST/search-index?q=AKCA+%22Akcea+Therapeutics%22+%22strategic+alternatives%22+OR+%22financial+advisor%22+OR+%22review+of+strategic+alternatives%22&forms=8-K%2C10-Q%2C10-K&dateRange=custom&startdt=2017-01-01&enddt=2020-12-31,https://efts.sec.gov/LATEST/search-index?q=AKCA+%22Akcea+Therapeutics%22+%22Item+4%22+OR+%22strategic+alternatives%22+OR+%22maximize+shareholder+value%22&forms=SC+13D%2CSC+13D%2FA&dateRange=custom&startdt=2017-01-01&enddt=2020-12-31,https://efts.sec.gov/LATEST/search-index?q=AKCA+%22Akcea+Therapeutics%22+%22right+of+first+refusal%22+OR+%22right+of+first+negotiation%22+OR+%22option+to+acquire%22&forms=8-K%2C10-K%2C10-Q%2CEX-10&dateRange=custom&startdt=2017-01-01&enddt=2020-12-31,https://efts.sec.gov/LATEST/search-index?q=AKCA+%22Akcea+Therapeutics%22+%22background+of+the+merger%22+OR+%22reasons+for+the+merger%22+OR+%22S-4%22&forms=DEFM14A%2CDEF+14A%2CS-4%2C424B3&dateRange=custom&startdt=2017-01-01&enddt=2020-12-31,CANDIDATE,MED,Likely resolved historical ACQUIRED outcome; mine backward for pre-outcome process signals.,Parent buying out minority — different dynamic than pure acquisition. Note this in case.
RHC-0100-ACQUIRED-ARQL,ARQL,ArQule,ACQUIRED,2020,EDGAR 8-K Merck deal 2020; ~$2.7B; ARQ 531 BTK inhibitor; over range,https://efts.sec.gov/LATEST/search-index?q=ARQL+%22ArQule%22+%22agreement+and+plan+of+merger%22+%22per+share%22&forms=8-K%2CDEFM14A%2CDEF+14A%2CSC+TO-T%2CSC+TO-I&dateRange=custom&startdt=2020-01-01&enddt=2020-12-31,https://efts.sec.gov/LATEST/search-index?q=ARQL+%22ArQule%22+%22strategic+alternatives%22+OR+%22financial+advisor%22+OR+%22review+of+strategic+alternatives%22&forms=8-K%2C10-Q%2C10-K&dateRange=custom&startdt=2017-01-01&enddt=2020-12-31,https://efts.sec.gov/LATEST/search-index?q=ARQL+%22ArQule%22+%22Item+4%22+OR+%22strategic+alternatives%22+OR+%22maximize+shareholder+value%22&forms=SC+13D%2CSC+13D%2FA&dateRange=custom&startdt=2017-01-01&enddt=2020-12-31,https://efts.sec.gov/LATEST/search-index?q=ARQL+%22ArQule%22+%22right+of+first+refusal%22+OR+%22right+of+first+negotiation%22+OR+%22option+to+acquire%22&forms=8-K%2C10-K%2C10-Q%2CEX-10&dateRange=custom&startdt=2017-01-01&enddt=2020-12-31,https://efts.sec.gov/LATEST/search-index?q=ARQL+%22ArQule%22+%22background+of+the+merger%22+OR+%22reasons+for+the+merger%22+OR+%22S-4%22&forms=DEFM14A%2CDEF+14A%2CS-4%2C424B3&dateRange=custom&startdt=2017-01-01&enddt=2020-12-31,CANDIDATE,MED,Likely resolved historical ACQUIRED outcome; mine backward for pre-outcome process signals.,Slightly over $1.5B range but important reference. Check if prior SA signals.
RHC-0101-ACQUIRED-CHMA,CHMA,Chiasma,ACQUIRED,2021,EDGAR 8-K Strongbridge deal 2021; ~$315M; octreotide acromegaly,https://efts.sec.gov/LATEST/search-index?q=CHMA+%22Chiasma%22+%22agreement+and+plan+of+merger%22+%22per+share%22&forms=8-K%2CDEFM14A%2CDEF+14A%2CSC+TO-T%2CSC+TO-I&dateRange=custom&startdt=2021-01-01&enddt=2021-12-31,https://efts.sec.gov/LATEST/search-index?q=CHMA+%22Chiasma%22+%22strategic+alternatives%22+OR+%22financial+advisor%22+OR+%22review+of+strategic+alternatives%22&forms=8-K%2C10-Q%2C10-K&dateRange=custom&startdt=2018-01-01&enddt=2021-12-31,https://efts.sec.gov/LATEST/search-index?q=CHMA+%22Chiasma%22+%22Item+4%22+OR+%22strategic+alternatives%22+OR+%22maximize+shareholder+value%22&forms=SC+13D%2CSC+13D%2FA&dateRange=custom&startdt=2018-01-01&enddt=2021-12-31,https://efts.sec.gov/LATEST/search-index?q=CHMA+%22Chiasma%22+%22right+of+first+refusal%22+OR+%22right+of+first+negotiation%22+OR+%22option+to+acquire%22&forms=8-K%2C10-K%2C10-Q%2CEX-10&dateRange=custom&startdt=2018-01-01&enddt=2021-12-31,https://efts.sec.gov/LATEST/search-index?q=CHMA+%22Chiasma%22+%22background+of+the+merger%22+OR+%22reasons+for+the+merger%22+OR+%22S-4%22&forms=DEFM14A%2CDEF+14A%2CS-4%2C424B3&dateRange=custom&startdt=2018-01-01&enddt=2021-12-31,CANDIDATE,MED,Likely resolved historical ACQUIRED outcome; mine backward for pre-outcome process signals.,Rare disease. Small deal. Confirm Strongbridge as acquirer.
RHC-0102-ACQUIRED-CNST,CNST,Constellation Pharmaceuticals,ACQUIRED,2021,EDGAR 8-K MorphoSys deal 2021; ~$1.7B; CPI-0610 pelabresib,https://efts.sec.gov/LATEST/search-index?q=CNST+%22Constellation+Pharmaceuticals%22+%22agreement+and+plan+of+merger%22+%22per+share%22&forms=8-K%2CDEFM14A%2CDEF+14A%2CSC+TO-T%2CSC+TO-I&dateRange=custom&startdt=2021-01-01&enddt=2021-12-31,https://efts.sec.gov/LATEST/search-index?q=CNST+%22Constellation+Pharmaceuticals%22+%22strategic+alternatives%22+OR+%22financial+advisor%22+OR+%22review+of+strategic+alternatives%22&forms=8-K%2C10-Q%2C10-K&dateRange=custom&startdt=2018-01-01&enddt=2021-12-31,https://efts.sec.gov/LATEST/search-index?q=CNST+%22Constellation+Pharmaceuticals%22+%22Item+4%22+OR+%22strategic+alternatives%22+OR+%22maximize+shareholder+value%22&forms=SC+13D%2CSC+13D%2FA&dateRange=custom&startdt=2018-01-01&enddt=2021-12-31,https://efts.sec.gov/LATEST/search-index?q=CNST+%22Constellation+Pharmaceuticals%22+%22right+of+first+refusal%22+OR+%22right+of+first+negotiation%22+OR+%22option+to+acquire%22&forms=8-K%2C10-K%2C10-Q%2CEX-10&dateRange=custom&startdt=2018-01-01&enddt=2021-12-31,https://efts.sec.gov/LATEST/search-index?q=CNST+%22Constellation+Pharmaceuticals%22+%22background+of+the+merger%22+OR+%22reasons+for+the+merger%22+OR+%22S-4%22&forms=DEFM14A%2CDEF+14A%2CS-4%2C424B3&dateRange=custom&startdt=2018-01-01&enddt=2021-12-31,CANDIDATE,MED,Likely resolved historical ACQUIRED outcome; mine backward for pre-outcome process signals.,Confirm ticker was CNST and deal value/date.
RHC-0103-ACQUIRED-STML,STML,Stemline Therapeutics,ACQUIRED,2021,EDGAR 8-K Menarini deal 2021; ~$677M; elzonris tagraxofusp BPDCN,https://efts.sec.gov/LATEST/search-index?q=STML+%22Stemline+Therapeutics%22+%22agreement+and+plan+of+merger%22+%22per+share%22&forms=8-K%2CDEFM14A%2CDEF+14A%2CSC+TO-T%2CSC+TO-I&dateRange=custom&startdt=2021-01-01&enddt=2021-12-31,https://efts.sec.gov/LATEST/search-index?q=STML+%22Stemline+Therapeutics%22+%22strategic+alternatives%22+OR+%22financial+advisor%22+OR+%22review+of+strategic+alternatives%22&forms=8-K%2C10-Q%2C10-K&dateRange=custom&startdt=2018-01-01&enddt=2021-12-31,https://efts.sec.gov/LATEST/search-index?q=STML+%22Stemline+Therapeutics%22+%22Item+4%22+OR+%22strategic+alternatives%22+OR+%22maximize+shareholder+value%22&forms=SC+13D%2CSC+13D%2FA&dateRange=custom&startdt=2018-01-01&enddt=2021-12-31,https://efts.sec.gov/LATEST/search-index?q=STML+%22Stemline+Therapeutics%22+%22right+of+first+refusal%22+OR+%22right+of+first+negotiation%22+OR+%22option+to+acquire%22&forms=8-K%2C10-K%2C10-Q%2CEX-10&dateRange=custom&startdt=2018-01-01&enddt=2021-12-31,https://efts.sec.gov/LATEST/search-index?q=STML+%22Stemline+Therapeutics%22+%22background+of+the+merger%22+OR+%22reasons+for+the+merger%22+OR+%22S-4%22&forms=DEFM14A%2CDEF+14A%2CS-4%2C424B3&dateRange=custom&startdt=2018-01-01&enddt=2021-12-31,CANDIDATE,MED,Likely resolved historical ACQUIRED outcome; mine backward for pre-outcome process signals.,Confirm Menarini as acquirer and deal value.
RHC-0104-ACQUIRED-ALBO,ALBO,Albireo Pharma,ACQUIRED,2023,EDGAR 8-K Ipsen deal 2023; odevixibat rare liver disease; check deal value,https://efts.sec.gov/LATEST/search-index?q=ALBO+%22Albireo+Pharma%22+%22agreement+and+plan+of+merger%22+%22per+share%22&forms=8-K%2CDEFM14A%2CDEF+14A%2CSC+TO-T%2CSC+TO-I&dateRange=custom&startdt=2023-01-01&enddt=2023-12-31,https://efts.sec.gov/LATEST/search-index?q=ALBO+%22Albireo+Pharma%22+%22strategic+alternatives%22+OR+%22financial+advisor%22+OR+%22review+of+strategic+alternatives%22&forms=8-K%2C10-Q%2C10-K&dateRange=custom&startdt=2020-01-01&enddt=2023-12-31,https://efts.sec.gov/LATEST/search-index?q=ALBO+%22Albireo+Pharma%22+%22Item+4%22+OR+%22strategic+alternatives%22+OR+%22maximize+shareholder+value%22&forms=SC+13D%2CSC+13D%2FA&dateRange=custom&startdt=2020-01-01&enddt=2023-12-31,https://efts.sec.gov/LATEST/search-index?q=ALBO+%22Albireo+Pharma%22+%22right+of+first+refusal%22+OR+%22right+of+first+negotiation%22+OR+%22option+to+acquire%22&forms=8-K%2C10-K%2C10-Q%2CEX-10&dateRange=custom&startdt=2020-01-01&enddt=2023-12-31,https://efts.sec.gov/LATEST/search-index?q=ALBO+%22Albireo+Pharma%22+%22background+of+the+merger%22+OR+%22reasons+for+the+merger%22+OR+%22S-4%22&forms=DEFM14A%2CDEF+14A%2CS-4%2C424B3&dateRange=custom&startdt=2020-01-01&enddt=2023-12-31,CANDIDATE,MED,Likely resolved historical ACQUIRED outcome; mine backward for pre-outcome process signals.,Rare pediatric liver disease. Ipsen acquisition. Confirm deal value and date.
RHC-0105-ACQUIRED-HZNP,HZNP,Horizon Therapeutics plc,ACQUIRED,2023,Amgen acquisition; verify with transaction filings and proxy/circular.,https://efts.sec.gov/LATEST/search-index?q=HZNP+%22Horizon+Therapeutics+plc%22+%22agreement+and+plan+of+merger%22+%22per+share%22&forms=8-K%2CDEFM14A%2CDEF+14A%2CSC+TO-T%2CSC+TO-I&dateRange=custom&startdt=2023-01-01&enddt=2023-12-31,https://efts.sec.gov/LATEST/search-index?q=HZNP+%22Horizon+Therapeutics+plc%22+%22strategic+alternatives%22+OR+%22financial+advisor%22+OR+%22review+of+strategic+alternatives%22&forms=8-K%2C10-Q%2C10-K&dateRange=custom&startdt=2020-01-01&enddt=2023-12-31,https://efts.sec.gov/LATEST/search-index?q=HZNP+%22Horizon+Therapeutics+plc%22+%22Item+4%22+OR+%22strategic+alternatives%22+OR+%22maximize+shareholder+value%22&forms=SC+13D%2CSC+13D%2FA&dateRange=custom&startdt=2020-01-01&enddt=2023-12-31,https://efts.sec.gov/LATEST/search-index?q=HZNP+%22Horizon+Therapeutics+plc%22+%22right+of+first+refusal%22+OR+%22right+of+first+negotiation%22+OR+%22option+to+acquire%22&forms=8-K%2C10-K%2C10-Q%2CEX-10&dateRange=custom&startdt=2020-01-01&enddt=2023-12-31,https://efts.sec.gov/LATEST/search-index?q=HZNP+%22Horizon+Therapeutics+plc%22+%22background+of+the+merger%22+OR+%22reasons+for+the+merger%22+OR+%22S-4%22&forms=DEFM14A%2CDEF+14A%2CS-4%2C424B3&dateRange=custom&startdt=2020-01-01&enddt=2023-12-31,CANDIDATE,MED,Likely resolved historical ACQUIRED outcome; mine backward for pre-outcome process signals.,Candidate only. Outcome and prior process evidence require primary-source verification.
RHC-0106-ACQUIRED-SGEN,SGEN,Seagen Inc.,ACQUIRED,2023,Pfizer acquisition; verify with 8-K merger agreement and proxy.,https://efts.sec.gov/LATEST/search-index?q=SGEN+%22Seagen+Inc.%22+%22agreement+and+plan+of+merger%22+%22per+share%22&forms=8-K%2CDEFM14A%2CDEF+14A%2CSC+TO-T%2CSC+TO-I&dateRange=custom&startdt=2023-01-01&enddt=2023-12-31,https://efts.sec.gov/LATEST/search-index?q=SGEN+%22Seagen+Inc.%22+%22strategic+alternatives%22+OR+%22financial+advisor%22+OR+%22review+of+strategic+alternatives%22&forms=8-K%2C10-Q%2C10-K&dateRange=custom&startdt=2020-01-01&enddt=2023-12-31,https://efts.sec.gov/LATEST/search-index?q=SGEN+%22Seagen+Inc.%22+%22Item+4%22+OR+%22strategic+alternatives%22+OR+%22maximize+shareholder+value%22&forms=SC+13D%2CSC+13D%2FA&dateRange=custom&startdt=2020-01-01&enddt=2023-12-31,https://efts.sec.gov/LATEST/search-index?q=SGEN+%22Seagen+Inc.%22+%22right+of+first+refusal%22+OR+%22right+of+first+negotiation%22+OR+%22option+to+acquire%22&forms=8-K%2C10-K%2C10-Q%2CEX-10&dateRange=custom&startdt=2020-01-01&enddt=2023-12-31,https://efts.sec.gov/LATEST/search-index?q=SGEN+%22Seagen+Inc.%22+%22background+of+the+merger%22+OR+%22reasons+for+the+merger%22+OR+%22S-4%22&forms=DEFM14A%2CDEF+14A%2CS-4%2C424B3&dateRange=custom&startdt=2020-01-01&enddt=2023-12-31,CANDIDATE,MED,Likely resolved historical ACQUIRED outcome; mine backward for pre-outcome process signals.,Candidate only. Outcome and prior process evidence require primary-source verification.
RHC-0107-ACQUIRED-SNDX,SNDX,Syndax Pharmaceuticals,ACQUIRED,2023,EDGAR 8-K Incyte deal Nov 2023; ~$2.4B; revumenib axatilimab; above range,https://efts.sec.gov/LATEST/search-index?q=SNDX+%22Syndax+Pharmaceuticals%22+%22agreement+and+plan+of+merger%22+%22per+share%22&forms=8-K%2CDEFM14A%2CDEF+14A%2CSC+TO-T%2CSC+TO-I&dateRange=custom&startdt=2023-01-01&enddt=2023-12-31,https://efts.sec.gov/LATEST/search-index?q=SNDX+%22Syndax+Pharmaceuticals%22+%22strategic+alternatives%22+OR+%22financial+advisor%22+OR+%22review+of+strategic+alternatives%22&forms=8-K%2C10-Q%2C10-K&dateRange=custom&startdt=2020-01-01&enddt=2023-12-31,https://efts.sec.gov/LATEST/search-index?q=SNDX+%22Syndax+Pharmaceuticals%22+%22Item+4%22+OR+%22strategic+alternatives%22+OR+%22maximize+shareholder+value%22&forms=SC+13D%2CSC+13D%2FA&dateRange=custom&startdt=2020-01-01&enddt=2023-12-31,https://efts.sec.gov/LATEST/search-index?q=SNDX+%22Syndax+Pharmaceuticals%22+%22right+of+first+refusal%22+OR+%22right+of+first+negotiation%22+OR+%22option+to+acquire%22&forms=8-K%2C10-K%2C10-Q%2CEX-10&dateRange=custom&startdt=2020-01-01&enddt=2023-12-31,https://efts.sec.gov/LATEST/search-index?q=SNDX+%22Syndax+Pharmaceuticals%22+%22background+of+the+merger%22+OR+%22reasons+for+the+merger%22+OR+%22S-4%22&forms=DEFM14A%2CDEF+14A%2CS-4%2C424B3&dateRange=custom&startdt=2020-01-01&enddt=2023-12-31,CANDIDATE,MED,Likely resolved historical ACQUIRED outcome; mine backward for pre-outcome process signals.,Slightly above $1.5B range at deal. Include as reference. Confirm Incyte as acquirer.
RHC-0108-ACQUIRED-VECT,VECT,VectivBio Holding,ACQUIRED,2023,EDGAR 8-K Ironwood deal 2023; ~$1.0B; apraglutide SBS; check exact date,https://efts.sec.gov/LATEST/search-index?q=VECT+%22VectivBio+Holding%22+%22agreement+and+plan+of+merger%22+%22per+share%22&forms=8-K%2CDEFM14A%2CDEF+14A%2CSC+TO-T%2CSC+TO-I&dateRange=custom&startdt=2023-01-01&enddt=2023-12-31,https://efts.sec.gov/LATEST/search-index?q=VECT+%22VectivBio+Holding%22+%22strategic+alternatives%22+OR+%22financial+advisor%22+OR+%22review+of+strategic+alternatives%22&forms=8-K%2C10-Q%2C10-K&dateRange=custom&startdt=2020-01-01&enddt=2023-12-31,https://efts.sec.gov/LATEST/search-index?q=VECT+%22VectivBio+Holding%22+%22Item+4%22+OR+%22strategic+alternatives%22+OR+%22maximize+shareholder+value%22&forms=SC+13D%2CSC+13D%2FA&dateRange=custom&startdt=2020-01-01&enddt=2023-12-31,https://efts.sec.gov/LATEST/search-index?q=VECT+%22VectivBio+Holding%22+%22right+of+first+refusal%22+OR+%22right+of+first+negotiation%22+OR+%22option+to+acquire%22&forms=8-K%2C10-K%2C10-Q%2CEX-10&dateRange=custom&startdt=2020-01-01&enddt=2023-12-31,https://efts.sec.gov/LATEST/search-index?q=VECT+%22VectivBio+Holding%22+%22background+of+the+merger%22+OR+%22reasons+for+the+merger%22+OR+%22S-4%22&forms=DEFM14A%2CDEF+14A%2CS-4%2C424B3&dateRange=custom&startdt=2020-01-01&enddt=2023-12-31,CANDIDATE,MED,Likely resolved historical ACQUIRED outcome; mine backward for pre-outcome process signals.,Swiss biotech Nasdaq-listed. Confirm mcap before deal.
RHC-0109-ACQUIRED-MOR,MOR,MorphoSys AG,ACQUIRED,2024,"Novartis acquisition; foreign issuer, verify available 6-K/transaction filings.",https://efts.sec.gov/LATEST/search-index?q=MOR+%22MorphoSys+AG%22+%22agreement+and+plan+of+merger%22+%22per+share%22&forms=8-K%2CDEFM14A%2CDEF+14A%2CSC+TO-T%2CSC+TO-I&dateRange=custom&startdt=2024-01-01&enddt=2024-12-31,https://efts.sec.gov/LATEST/search-index?q=MOR+%22MorphoSys+AG%22+%22strategic+alternatives%22+OR+%22financial+advisor%22+OR+%22review+of+strategic+alternatives%22&forms=8-K%2C10-Q%2C10-K&dateRange=custom&startdt=2021-01-01&enddt=2024-12-31,https://efts.sec.gov/LATEST/search-index?q=MOR+%22MorphoSys+AG%22+%22Item+4%22+OR+%22strategic+alternatives%22+OR+%22maximize+shareholder+value%22&forms=SC+13D%2CSC+13D%2FA&dateRange=custom&startdt=2021-01-01&enddt=2024-12-31,https://efts.sec.gov/LATEST/search-index?q=MOR+%22MorphoSys+AG%22+%22right+of+first+refusal%22+OR+%22right+of+first+negotiation%22+OR+%22option+to+acquire%22&forms=8-K%2C10-K%2C10-Q%2CEX-10&dateRange=custom&startdt=2021-01-01&enddt=2024-12-31,https://efts.sec.gov/LATEST/search-index?q=MOR+%22MorphoSys+AG%22+%22background+of+the+merger%22+OR+%22reasons+for+the+merger%22+OR+%22S-4%22&forms=DEFM14A%2CDEF+14A%2CS-4%2C424B3&dateRange=custom&startdt=2021-01-01&enddt=2024-12-31,CANDIDATE,MED,Likely resolved historical ACQUIRED outcome; mine backward for pre-outcome process signals.,Candidate only. Outcome and prior process evidence require primary-source verification.
RHC-0110-FAILED_REVIEW-PTGX,PTGX,Protagonist Therapeutics Inc.,FAILED_REVIEW,2021,Existing cases_seed row PTGX-2022-001; verify from primary filing before use.,https://efts.sec.gov/LATEST/search-index?q=PTGX+%22Protagonist+Therapeutics+Inc.%22+%22strategic+alternatives%22+%22restructuring%22&forms=8-K&dateRange=custom&startdt=2021-01-01&enddt=2021-12-31,https://efts.sec.gov/LATEST/search-index?q=PTGX+%22Protagonist+Therapeutics+Inc.%22+%22strategic+alternatives%22+OR+%22financial+advisor%22+OR+%22review+of+strategic+alternatives%22&forms=8-K%2C10-Q%2C10-K&dateRange=custom&startdt=2018-01-01&enddt=2021-12-31,https://efts.sec.gov/LATEST/search-index?q=PTGX+%22Protagonist+Therapeutics+Inc.%22+%22Item+4%22+OR+%22strategic+alternatives%22+OR+%22maximize+shareholder+value%22&forms=SC+13D%2CSC+13D%2FA&dateRange=custom&startdt=2018-01-01&enddt=2021-12-31,https://efts.sec.gov/LATEST/search-index?q=PTGX+%22Protagonist+Therapeutics+Inc.%22+%22right+of+first+refusal%22+OR+%22right+of+first+negotiation%22+OR+%22option+to+acquire%22&forms=8-K%2C10-K%2C10-Q%2CEX-10&dateRange=custom&startdt=2018-01-01&enddt=2021-12-31,https://efts.sec.gov/LATEST/search-index?q=PTGX+%22Protagonist+Therapeutics+Inc.%22+%22background+of+the+merger%22+OR+%22reasons+for+the+merger%22+OR+%22S-4%22&forms=DEFM14A%2CDEF+14A%2CS-4%2C424B3&dateRange=custom&startdt=2018-01-01&enddt=2021-12-31,CANDIDATE,MED,Likely resolved historical FAILED_REVIEW outcome; mine backward for pre-outcome process signals.,Imported from cases_seed.csv as CANDIDATE only; do not promote without source_evidence and price windows.
RHC-0111-FAILED_REVIEW-NKTR,NKTR,Nektar Therapeutics,FAILED_REVIEW,2022,EDGAR strategic alternatives or restructuring announcement; no whole-company deal; company still operating 2025,https://efts.sec.gov/LATEST/search-index?q=NKTR+%22Nektar+Therapeutics%22+%22strategic+alternatives%22+%22restructuring%22&forms=8-K&dateRange=custom&startdt=2022-01-01&enddt=2022-12-31,https://efts.sec.gov/LATEST/search-index?q=NKTR+%22Nektar+Therapeutics%22+%22strategic+alternatives%22+OR+%22financial+advisor%22+OR+%22review+of+strategic+alternatives%22&forms=8-K%2C10-Q%2C10-K&dateRange=custom&startdt=2019-01-01&enddt=2022-12-31,https://efts.sec.gov/LATEST/search-index?q=NKTR+%22Nektar+Therapeutics%22+%22Item+4%22+OR+%22strategic+alternatives%22+OR+%22maximize+shareholder+value%22&forms=SC+13D%2CSC+13D%2FA&dateRange=custom&startdt=2019-01-01&enddt=2022-12-31,https://efts.sec.gov/LATEST/search-index?q=NKTR+%22Nektar+Therapeutics%22+%22right+of+first+refusal%22+OR+%22right+of+first+negotiation%22+OR+%22option+to+acquire%22&forms=8-K%2C10-K%2C10-Q%2CEX-10&dateRange=custom&startdt=2019-01-01&enddt=2022-12-31,https://efts.sec.gov/LATEST/search-index?q=NKTR+%22Nektar+Therapeutics%22+%22background+of+the+merger%22+OR+%22reasons+for+the+merger%22+OR+%22S-4%22&forms=DEFM14A%2CDEF+14A%2CS-4%2C424B3&dateRange=custom&startdt=2019-01-01&enddt=2022-12-31,CANDIDATE,MED,Likely resolved historical FAILED_REVIEW outcome; mine backward for pre-outcome process signals.,Large polymer conjugation biotech. Check for SA announcement and what happened to NKTR-358 and other programs.
RHC-0112-FAILED_REVIEW-TYME,TYME,Tyme Technologies,FAILED_REVIEW,2022,EDGAR or 8-K strategic alternatives announcement 2022; no deal,https://efts.sec.gov/LATEST/search-index?q=TYME+%22Tyme+Technologies%22+%22strategic+alternatives%22+%22restructuring%22&forms=8-K&dateRange=custom&startdt=2022-01-01&enddt=2022-12-31,https://efts.sec.gov/LATEST/search-index?q=TYME+%22Tyme+Technologies%22+%22strategic+alternatives%22+OR+%22financial+advisor%22+OR+%22review+of+strategic+alternatives%22&forms=8-K%2C10-Q%2C10-K&dateRange=custom&startdt=2019-01-01&enddt=2022-12-31,https://efts.sec.gov/LATEST/search-index?q=TYME+%22Tyme+Technologies%22+%22Item+4%22+OR+%22strategic+alternatives%22+OR+%22maximize+shareholder+value%22&forms=SC+13D%2CSC+13D%2FA&dateRange=custom&startdt=2019-01-01&enddt=2022-12-31,https://efts.sec.gov/LATEST/search-index?q=TYME+%22Tyme+Technologies%22+%22right+of+first+refusal%22+OR+%22right+of+first+negotiation%22+OR+%22option+to+acquire%22&forms=8-K%2C10-K%2C10-Q%2CEX-10&dateRange=custom&startdt=2019-01-01&enddt=2022-12-31,https://efts.sec.gov/LATEST/search-index?q=TYME+%22Tyme+Technologies%22+%22background+of+the+merger%22+OR+%22reasons+for+the+merger%22+OR+%22S-4%22&forms=DEFM14A%2CDEF+14A%2CS-4%2C424B3&dateRange=custom&startdt=2019-01-01&enddt=2022-12-31,CANDIDATE,MED,Likely resolved historical FAILED_REVIEW outcome; mine backward for pre-outcome process signals.,Cancer metabolism company. Check for SA 8-K and what happened.
RHC-0113-FAILED_REVIEW-CRBP,CRBP,Corbus Pharmaceuticals Holdings Inc.,FAILED_REVIEW,VERI,Existing cases_seed row CRBP-2022-001; verify from primary filing before use.,https://efts.sec.gov/LATEST/search-index?q=CRBP+%22Corbus+Pharmaceuticals+Holdings+Inc.%22+%22strategic+alternatives%22+%22restructuring%22&forms=8-K&dateRange=custom&startdt=2015-01-01&enddt=2024-12-31,https://efts.sec.gov/LATEST/search-index?q=CRBP+%22Corbus+Pharmaceuticals+Holdings+Inc.%22+%22strategic+alternatives%22+OR+%22financial+advisor%22+OR+%22review+of+strategic+alternatives%22&forms=8-K%2C10-Q%2C10-K&dateRange=custom&startdt=2015-01-01&enddt=2024-12-31,https://efts.sec.gov/LATEST/search-index?q=CRBP+%22Corbus+Pharmaceuticals+Holdings+Inc.%22+%22Item+4%22+OR+%22strategic+alternatives%22+OR+%22maximize+shareholder+value%22&forms=SC+13D%2CSC+13D%2FA&dateRange=custom&startdt=2015-01-01&enddt=2024-12-31,https://efts.sec.gov/LATEST/search-index?q=CRBP+%22Corbus+Pharmaceuticals+Holdings+Inc.%22+%22right+of+first+refusal%22+OR+%22right+of+first+negotiation%22+OR+%22option+to+acquire%22&forms=8-K%2C10-K%2C10-Q%2CEX-10&dateRange=custom&startdt=2015-01-01&enddt=2024-12-31,https://efts.sec.gov/LATEST/search-index?q=CRBP+%22Corbus+Pharmaceuticals+Holdings+Inc.%22+%22background+of+the+merger%22+OR+%22reasons+for+the+merger%22+OR+%22S-4%22&forms=DEFM14A%2CDEF+14A%2CS-4%2C424B3&dateRange=custom&startdt=2015-01-01&enddt=2024-12-31,CANDIDATE,MED,Likely resolved historical FAILED_REVIEW outcome; mine backward for pre-outcome process signals.,Imported from cases_seed.csv as CANDIDATE only; do not promote without source_evidence and price windows.
RHC-0114-FAILED_REVIEW-RIGL,RIGL,Rigel Pharmaceuticals Inc.,FAILED_REVIEW,VERI,Existing cases_seed row RIGL-2020-001; verify from primary filing before use.,https://efts.sec.gov/LATEST/search-index?q=RIGL+%22Rigel+Pharmaceuticals+Inc.%22+%22strategic+alternatives%22+%22restructuring%22&forms=8-K&dateRange=custom&startdt=2015-01-01&enddt=2024-12-31,https://efts.sec.gov/LATEST/search-index?q=RIGL+%22Rigel+Pharmaceuticals+Inc.%22+%22strategic+alternatives%22+OR+%22financial+advisor%22+OR+%22review+of+strategic+alternatives%22&forms=8-K%2C10-Q%2C10-K&dateRange=custom&startdt=2015-01-01&enddt=2024-12-31,https://efts.sec.gov/LATEST/search-index?q=RIGL+%22Rigel+Pharmaceuticals+Inc.%22+%22Item+4%22+OR+%22strategic+alternatives%22+OR+%22maximize+shareholder+value%22&forms=SC+13D%2CSC+13D%2FA&dateRange=custom&startdt=2015-01-01&enddt=2024-12-31,https://efts.sec.gov/LATEST/search-index?q=RIGL+%22Rigel+Pharmaceuticals+Inc.%22+%22right+of+first+refusal%22+OR+%22right+of+first+negotiation%22+OR+%22option+to+acquire%22&forms=8-K%2C10-K%2C10-Q%2CEX-10&dateRange=custom&startdt=2015-01-01&enddt=2024-12-31,https://efts.sec.gov/LATEST/search-index?q=RIGL+%22Rigel+Pharmaceuticals+Inc.%22+%22background+of+the+merger%22+OR+%22reasons+for+the+merger%22+OR+%22S-4%22&forms=DEFM14A%2CDEF+14A%2CS-4%2C424B3&dateRange=custom&startdt=2015-01-01&enddt=2024-12-31,CANDIDATE,MED,Likely resolved historical FAILED_REVIEW outcome; mine backward for pre-outcome process signals.,Imported from cases_seed.csv as CANDIDATE only; do not promote without source_evidence and price windows.
RHC-0115-FAILED_REVIEW-VNDA,VNDA,Vanda Pharmaceuticals Inc.,FAILED_REVIEW,VERI,Existing cases_seed row VNDA-2021-001; verify from primary filing before use.,https://efts.sec.gov/LATEST/search-index?q=VNDA+%22Vanda+Pharmaceuticals+Inc.%22+%22strategic+alternatives%22+%22restructuring%22&forms=8-K&dateRange=custom&startdt=2015-01-01&enddt=2024-12-31,https://efts.sec.gov/LATEST/search-index?q=VNDA+%22Vanda+Pharmaceuticals+Inc.%22+%22strategic+alternatives%22+OR+%22financial+advisor%22+OR+%22review+of+strategic+alternatives%22&forms=8-K%2C10-Q%2C10-K&dateRange=custom&startdt=2015-01-01&enddt=2024-12-31,https://efts.sec.gov/LATEST/search-index?q=VNDA+%22Vanda+Pharmaceuticals+Inc.%22+%22Item+4%22+OR+%22strategic+alternatives%22+OR+%22maximize+shareholder+value%22&forms=SC+13D%2CSC+13D%2FA&dateRange=custom&startdt=2015-01-01&enddt=2024-12-31,https://efts.sec.gov/LATEST/search-index?q=VNDA+%22Vanda+Pharmaceuticals+Inc.%22+%22right+of+first+refusal%22+OR+%22right+of+first+negotiation%22+OR+%22option+to+acquire%22&forms=8-K%2C10-K%2C10-Q%2CEX-10&dateRange=custom&startdt=2015-01-01&enddt=2024-12-31,https://efts.sec.gov/LATEST/search-index?q=VNDA+%22Vanda+Pharmaceuticals+Inc.%22+%22background+of+the+merger%22+OR+%22reasons+for+the+merger%22+OR+%22S-4%22&forms=DEFM14A%2CDEF+14A%2CS-4%2C424B3&dateRange=custom&startdt=2015-01-01&enddt=2024-12-31,CANDIDATE,MED,Likely resolved historical FAILED_REVIEW outcome; mine backward for pre-outcome process signals.,Imported from cases_seed.csv as CANDIDATE only; do not promote without source_evidence and price windows.
RHC-0116-WIND_DOWN-OTIC,OTIC,Otonomy,WIND_DOWN,2021,EDGAR wind-down announcement 2021; OTO-104 ear disease; failed pipeline,https://efts.sec.gov/LATEST/search-index?q=OTIC+%22Otonomy%22+%22wind+down%22+%22cease+operations%22&forms=8-K&dateRange=custom&startdt=2021-01-01&enddt=2021-12-31,https://efts.sec.gov/LATEST/search-index?q=OTIC+%22Otonomy%22+%22strategic+alternatives%22+OR+%22financial+advisor%22+OR+%22review+of+strategic+alternatives%22&forms=8-K%2C10-Q%2C10-K&dateRange=custom&startdt=2018-01-01&enddt=2021-12-31,https://efts.sec.gov/LATEST/search-index?q=OTIC+%22Otonomy%22+%22Item+4%22+OR+%22strategic+alternatives%22+OR+%22maximize+shareholder+value%22&forms=SC+13D%2CSC+13D%2FA&dateRange=custom&startdt=2018-01-01&enddt=2021-12-31,https://efts.sec.gov/LATEST/search-index?q=OTIC+%22Otonomy%22+%22right+of+first+refusal%22+OR+%22right+of+first+negotiation%22+OR+%22option+to+acquire%22&forms=8-K%2C10-K%2C10-Q%2CEX-10&dateRange=custom&startdt=2018-01-01&enddt=2021-12-31,https://efts.sec.gov/LATEST/search-index?q=OTIC+%22Otonomy%22+%22background+of+the+merger%22+OR+%22reasons+for+the+merger%22+OR+%22S-4%22&forms=DEFM14A%2CDEF+14A%2CS-4%2C424B3&dateRange=custom&startdt=2018-01-01&enddt=2021-12-31,CANDIDATE,MED,Likely resolved historical WIND_DOWN outcome; mine backward for pre-outcome process signals.,Small ear disease biotech wound down after pipeline failures. Confirm exact dates.
RHC-0117-WIND_DOWN-AGTC,AGTC,Applied Genetic Technologies,WIND_DOWN,2022,EDGAR wind-down 2022; gene therapy eye diseases; pipeline failures,https://efts.sec.gov/LATEST/search-index?q=AGTC+%22Applied+Genetic+Technologies%22+%22wind+down%22+%22cease+operations%22&forms=8-K&dateRange=custom&startdt=2022-01-01&enddt=2022-12-31,https://efts.sec.gov/LATEST/search-index?q=AGTC+%22Applied+Genetic+Technologies%22+%22strategic+alternatives%22+OR+%22financial+advisor%22+OR+%22review+of+strategic+alternatives%22&forms=8-K%2C10-Q%2C10-K&dateRange=custom&startdt=2019-01-01&enddt=2022-12-31,https://efts.sec.gov/LATEST/search-index?q=AGTC+%22Applied+Genetic+Technologies%22+%22Item+4%22+OR+%22strategic+alternatives%22+OR+%22maximize+shareholder+value%22&forms=SC+13D%2CSC+13D%2FA&dateRange=custom&startdt=2019-01-01&enddt=2022-12-31,https://efts.sec.gov/LATEST/search-index?q=AGTC+%22Applied+Genetic+Technologies%22+%22right+of+first+refusal%22+OR+%22right+of+first+negotiation%22+OR+%22option+to+acquire%22&forms=8-K%2C10-K%2C10-Q%2CEX-10&dateRange=custom&startdt=2019-01-01&enddt=2022-12-31,https://efts.sec.gov/LATEST/search-index?q=AGTC+%22Applied+Genetic+Technologies%22+%22background+of+the+merger%22+OR+%22reasons+for+the+merger%22+OR+%22S-4%22&forms=DEFM14A%2CDEF+14A%2CS-4%2C424B3&dateRange=custom&startdt=2019-01-01&enddt=2022-12-31,CANDIDATE,MED,Likely resolved historical WIND_DOWN outcome; mine backward for pre-outcome process signals.,Gene therapy company. Wind-down 2022 after ophthalmology trials failed.
RHC-0118-WIND_DOWN-AVRO,AVRO,AVROBIO,WIND_DOWN,2023,EDGAR wind-down or SA 2023; gene therapy Fabry disease; check,https://efts.sec.gov/LATEST/search-index?q=AVRO+%22AVROBIO%22+%22wind+down%22+%22cease+operations%22&forms=8-K&dateRange=custom&startdt=2023-01-01&enddt=2023-12-31,https://efts.sec.gov/LATEST/search-index?q=AVRO+%22AVROBIO%22+%22strategic+alternatives%22+OR+%22financial+advisor%22+OR+%22review+of+strategic+alternatives%22&forms=8-K%2C10-Q%2C10-K&dateRange=custom&startdt=2020-01-01&enddt=2023-12-31,https://efts.sec.gov/LATEST/search-index?q=AVRO+%22AVROBIO%22+%22Item+4%22+OR+%22strategic+alternatives%22+OR+%22maximize+shareholder+value%22&forms=SC+13D%2CSC+13D%2FA&dateRange=custom&startdt=2020-01-01&enddt=2023-12-31,https://efts.sec.gov/LATEST/search-index?q=AVRO+%22AVROBIO%22+%22right+of+first+refusal%22+OR+%22right+of+first+negotiation%22+OR+%22option+to+acquire%22&forms=8-K%2C10-K%2C10-Q%2CEX-10&dateRange=custom&startdt=2020-01-01&enddt=2023-12-31,https://efts.sec.gov/LATEST/search-index?q=AVRO+%22AVROBIO%22+%22background+of+the+merger%22+OR+%22reasons+for+the+merger%22+OR+%22S-4%22&forms=DEFM14A%2CDEF+14A%2CS-4%2C424B3&dateRange=custom&startdt=2020-01-01&enddt=2023-12-31,CANDIDATE,MED,Likely resolved historical WIND_DOWN outcome; mine backward for pre-outcome process signals.,Gene therapy. Had pipeline and funding issues. Check for SA or wind-down announcement.
RHC-0119-WIND_DOWN-NLTX,NLTX,Neoleukin Therapeutics,WIND_DOWN,2023,EDGAR wind-down 2023; de novo protein design IL-2; failed pivot,https://efts.sec.gov/LATEST/search-index?q=NLTX+%22Neoleukin+Therapeutics%22+%22wind+down%22+%22cease+operations%22&forms=8-K&dateRange=custom&startdt=2023-01-01&enddt=2023-12-31,https://efts.sec.gov/LATEST/search-index?q=NLTX+%22Neoleukin+Therapeutics%22+%22strategic+alternatives%22+OR+%22financial+advisor%22+OR+%22review+of+strategic+alternatives%22&forms=8-K%2C10-Q%2C10-K&dateRange=custom&startdt=2020-01-01&enddt=2023-12-31,https://efts.sec.gov/LATEST/search-index?q=NLTX+%22Neoleukin+Therapeutics%22+%22Item+4%22+OR+%22strategic+alternatives%22+OR+%22maximize+shareholder+value%22&forms=SC+13D%2CSC+13D%2FA&dateRange=custom&startdt=2020-01-01&enddt=2023-12-31,https://efts.sec.gov/LATEST/search-index?q=NLTX+%22Neoleukin+Therapeutics%22+%22right+of+first+refusal%22+OR+%22right+of+first+negotiation%22+OR+%22option+to+acquire%22&forms=8-K%2C10-K%2C10-Q%2CEX-10&dateRange=custom&startdt=2020-01-01&enddt=2023-12-31,https://efts.sec.gov/LATEST/search-index?q=NLTX+%22Neoleukin+Therapeutics%22+%22background+of+the+merger%22+OR+%22reasons+for+the+merger%22+OR+%22S-4%22&forms=DEFM14A%2CDEF+14A%2CS-4%2C424B3&dateRange=custom&startdt=2020-01-01&enddt=2023-12-31,CANDIDATE,MED,Likely resolved historical WIND_DOWN outcome; mine backward for pre-outcome process signals.,Protein design startup. Wind-down after platform failed. Small cap.
RHC-0120-WIND_DOWN-SPPI,SPPI,Spectrum Pharmaceuticals,WIND_DOWN,2023,EDGAR wind-down/bankruptcy after commercial difficulties; belinostat apaziquone,https://efts.sec.gov/LATEST/search-index?q=SPPI+%22Spectrum+Pharmaceuticals%22+%22wind+down%22+%22cease+operations%22&forms=8-K&dateRange=custom&startdt=2023-01-01&enddt=2023-12-31,https://efts.sec.gov/LATEST/search-index?q=SPPI+%22Spectrum+Pharmaceuticals%22+%22strategic+alternatives%22+OR+%22financial+advisor%22+OR+%22review+of+strategic+alternatives%22&forms=8-K%2C10-Q%2C10-K&dateRange=custom&startdt=2020-01-01&enddt=2023-12-31,https://efts.sec.gov/LATEST/search-index?q=SPPI+%22Spectrum+Pharmaceuticals%22+%22Item+4%22+OR+%22strategic+alternatives%22+OR+%22maximize+shareholder+value%22&forms=SC+13D%2CSC+13D%2FA&dateRange=custom&startdt=2020-01-01&enddt=2023-12-31,https://efts.sec.gov/LATEST/search-index?q=SPPI+%22Spectrum+Pharmaceuticals%22+%22right+of+first+refusal%22+OR+%22right+of+first+negotiation%22+OR+%22option+to+acquire%22&forms=8-K%2C10-K%2C10-Q%2CEX-10&dateRange=custom&startdt=2020-01-01&enddt=2023-12-31,https://efts.sec.gov/LATEST/search-index?q=SPPI+%22Spectrum+Pharmaceuticals%22+%22background+of+the+merger%22+OR+%22reasons+for+the+merger%22+OR+%22S-4%22&forms=DEFM14A%2CDEF+14A%2CS-4%2C424B3&dateRange=custom&startdt=2020-01-01&enddt=2023-12-31,CANDIDATE,MED,Likely resolved historical WIND_DOWN outcome; mine backward for pre-outcome process signals.,Oncology specialty pharma. Wind-down after commercial failures. Confirm dates.
RHC-0121-BANKRUPTCY-MLNT,MLNT,Melinta Therapeutics,BANKRUPTCY,2019,EDGAR bankruptcy filing early 2019; antibiotics; distressed after Rempex acquisition,https://efts.sec.gov/LATEST/search-index?q=MLNT+%22Melinta+Therapeutics%22+%22chapter+11%22+%22voluntary+petition%22&forms=8-K&dateRange=custom&startdt=2019-01-01&enddt=2019-12-31,https://efts.sec.gov/LATEST/search-index?q=MLNT+%22Melinta+Therapeutics%22+%22strategic+alternatives%22+OR+%22financial+advisor%22+OR+%22review+of+strategic+alternatives%22&forms=8-K%2C10-Q%2C10-K&dateRange=custom&startdt=2016-01-01&enddt=2019-12-31,https://efts.sec.gov/LATEST/search-index?q=MLNT+%22Melinta+Therapeutics%22+%22Item+4%22+OR+%22strategic+alternatives%22+OR+%22maximize+shareholder+value%22&forms=SC+13D%2CSC+13D%2FA&dateRange=custom&startdt=2016-01-01&enddt=2019-12-31,https://efts.sec.gov/LATEST/search-index?q=MLNT+%22Melinta+Therapeutics%22+%22right+of+first+refusal%22+OR+%22right+of+first+negotiation%22+OR+%22option+to+acquire%22&forms=8-K%2C10-K%2C10-Q%2CEX-10&dateRange=custom&startdt=2016-01-01&enddt=2019-12-31,https://efts.sec.gov/LATEST/search-index?q=MLNT+%22Melinta+Therapeutics%22+%22background+of+the+merger%22+OR+%22reasons+for+the+merger%22+OR+%22S-4%22&forms=DEFM14A%2CDEF+14A%2CS-4%2C424B3&dateRange=custom&startdt=2016-01-01&enddt=2019-12-31,CANDIDATE,MED,Likely resolved historical BANKRUPTCY outcome; mine backward for pre-outcome process signals.,Antibiotic developer that went bankrupt after failed commercial launch. Good bankruptcy/false-positive case.
RHC-0122-BANKRUPTCY-NVTA,NVTA,Invitae,BANKRUPTCY,2024,EDGAR bankruptcy filing 2024; genetic testing; over range before decline,https://efts.sec.gov/LATEST/search-index?q=NVTA+%22Invitae%22+%22chapter+11%22+%22voluntary+petition%22&forms=8-K&dateRange=custom&startdt=2024-01-01&enddt=2024-12-31,https://efts.sec.gov/LATEST/search-index?q=NVTA+%22Invitae%22+%22strategic+alternatives%22+OR+%22financial+advisor%22+OR+%22review+of+strategic+alternatives%22&forms=8-K%2C10-Q%2C10-K&dateRange=custom&startdt=2021-01-01&enddt=2024-12-31,https://efts.sec.gov/LATEST/search-index?q=NVTA+%22Invitae%22+%22Item+4%22+OR+%22strategic+alternatives%22+OR+%22maximize+shareholder+value%22&forms=SC+13D%2CSC+13D%2FA&dateRange=custom&startdt=2021-01-01&enddt=2024-12-31,https://efts.sec.gov/LATEST/search-index?q=NVTA+%22Invitae%22+%22right+of+first+refusal%22+OR+%22right+of+first+negotiation%22+OR+%22option+to+acquire%22&forms=8-K%2C10-K%2C10-Q%2CEX-10&dateRange=custom&startdt=2021-01-01&enddt=2024-12-31,https://efts.sec.gov/LATEST/search-index?q=NVTA+%22Invitae%22+%22background+of+the+merger%22+OR+%22reasons+for+the+merger%22+OR+%22S-4%22&forms=DEFM14A%2CDEF+14A%2CS-4%2C424B3&dateRange=custom&startdt=2021-01-01&enddt=2024-12-31,CANDIDATE,MED,Likely resolved historical BANKRUPTCY outcome; mine backward for pre-outcome process signals.,Genetic testing — not pure drug biotech. Include as reference. Bankrupt 2024 after massive cash burn.
RHC-0123-REVERSE_MERGER-MGTA,MGTA,Magenta Therapeutics Inc.,REVERSE_MERGER,2023,Existing cases_seed row MGTA-2022-001; verify from primary filing before use.,https://efts.sec.gov/LATEST/search-index?q=MGTA+%22Magenta+Therapeutics+Inc.%22+%22reverse+merger%22+%22strategic+alternatives%22&forms=8-K%2CS-4%2C424B3%2CDEFM14A%2CDEF+14A&dateRange=custom&startdt=2023-01-01&enddt=2023-12-31,https://efts.sec.gov/LATEST/search-index?q=MGTA+%22Magenta+Therapeutics+Inc.%22+%22strategic+alternatives%22+OR+%22financial+advisor%22+OR+%22review+of+strategic+alternatives%22&forms=8-K%2C10-Q%2C10-K&dateRange=custom&startdt=2020-01-01&enddt=2023-12-31,https://efts.sec.gov/LATEST/search-index?q=MGTA+%22Magenta+Therapeutics+Inc.%22+%22Item+4%22+OR+%22strategic+alternatives%22+OR+%22maximize+shareholder+value%22&forms=SC+13D%2CSC+13D%2FA&dateRange=custom&startdt=2020-01-01&enddt=2023-12-31,https://efts.sec.gov/LATEST/search-index?q=MGTA+%22Magenta+Therapeutics+Inc.%22+%22right+of+first+refusal%22+OR+%22right+of+first+negotiation%22+OR+%22option+to+acquire%22&forms=8-K%2C10-K%2C10-Q%2CEX-10&dateRange=custom&startdt=2020-01-01&enddt=2023-12-31,https://efts.sec.gov/LATEST/search-index?q=MGTA+%22Magenta+Therapeutics+Inc.%22+%22background+of+the+merger%22+OR+%22reasons+for+the+merger%22+OR+%22S-4%22&forms=DEFM14A%2CDEF+14A%2CS-4%2C424B3&dateRange=custom&startdt=2020-01-01&enddt=2023-12-31,CANDIDATE,MED,Likely resolved historical REVERSE_MERGER outcome; mine backward for pre-outcome process signals.,Imported from cases_seed.csv as CANDIDATE only; do not promote without source_evidence and price windows.
RHC-0124-REVERSE_MERGER-TCRR,TCRR,TCR2 Therapeutics Inc.,REVERSE_MERGER,2023,Allogene/TCR2 stock transaction candidate; verify structure with S-4/proxy.,https://efts.sec.gov/LATEST/search-index?q=TCRR+%22TCR2+Therapeutics+Inc.%22+%22reverse+merger%22+%22strategic+alternatives%22&forms=8-K%2CS-4%2C424B3%2CDEFM14A%2CDEF+14A&dateRange=custom&startdt=2023-01-01&enddt=2023-12-31,https://efts.sec.gov/LATEST/search-index?q=TCRR+%22TCR2+Therapeutics+Inc.%22+%22strategic+alternatives%22+OR+%22financial+advisor%22+OR+%22review+of+strategic+alternatives%22&forms=8-K%2C10-Q%2C10-K&dateRange=custom&startdt=2020-01-01&enddt=2023-12-31,https://efts.sec.gov/LATEST/search-index?q=TCRR+%22TCR2+Therapeutics+Inc.%22+%22Item+4%22+OR+%22strategic+alternatives%22+OR+%22maximize+shareholder+value%22&forms=SC+13D%2CSC+13D%2FA&dateRange=custom&startdt=2020-01-01&enddt=2023-12-31,https://efts.sec.gov/LATEST/search-index?q=TCRR+%22TCR2+Therapeutics+Inc.%22+%22right+of+first+refusal%22+OR+%22right+of+first+negotiation%22+OR+%22option+to+acquire%22&forms=8-K%2C10-K%2C10-Q%2CEX-10&dateRange=custom&startdt=2020-01-01&enddt=2023-12-31,https://efts.sec.gov/LATEST/search-index?q=TCRR+%22TCR2+Therapeutics+Inc.%22+%22background+of+the+merger%22+OR+%22reasons+for+the+merger%22+OR+%22S-4%22&forms=DEFM14A%2CDEF+14A%2CS-4%2C424B3&dateRange=custom&startdt=2020-01-01&enddt=2023-12-31,CANDIDATE,MED,Likely resolved historical REVERSE_MERGER outcome; mine backward for pre-outcome process signals.,Candidate only. Outcome and prior process evidence require primary-source verification.
RHC-0125-REVERSE_MERGER-SURF,SURF,Surface Oncology Inc.,REVERSE_MERGER,VERI,Existing cases_seed row SURF-2022-001; verify from primary filing before use.,https://efts.sec.gov/LATEST/search-index?q=SURF+%22Surface+Oncology+Inc.%22+%22reverse+merger%22+%22strategic+alternatives%22&forms=8-K%2CS-4%2C424B3%2CDEFM14A%2CDEF+14A&dateRange=custom&startdt=2015-01-01&enddt=2024-12-31,https://efts.sec.gov/LATEST/search-index?q=SURF+%22Surface+Oncology+Inc.%22+%22strategic+alternatives%22+OR+%22financial+advisor%22+OR+%22review+of+strategic+alternatives%22&forms=8-K%2C10-Q%2C10-K&dateRange=custom&startdt=2015-01-01&enddt=2024-12-31,https://efts.sec.gov/LATEST/search-index?q=SURF+%22Surface+Oncology+Inc.%22+%22Item+4%22+OR+%22strategic+alternatives%22+OR+%22maximize+shareholder+value%22&forms=SC+13D%2CSC+13D%2FA&dateRange=custom&startdt=2015-01-01&enddt=2024-12-31,https://efts.sec.gov/LATEST/search-index?q=SURF+%22Surface+Oncology+Inc.%22+%22right+of+first+refusal%22+OR+%22right+of+first+negotiation%22+OR+%22option+to+acquire%22&forms=8-K%2C10-K%2C10-Q%2CEX-10&dateRange=custom&startdt=2015-01-01&enddt=2024-12-31,https://efts.sec.gov/LATEST/search-index?q=SURF+%22Surface+Oncology+Inc.%22+%22background+of+the+merger%22+OR+%22reasons+for+the+merger%22+OR+%22S-4%22&forms=DEFM14A%2CDEF+14A%2CS-4%2C424B3&dateRange=custom&startdt=2015-01-01&enddt=2024-12-31,CANDIDATE,MED,Likely resolved historical REVERSE_MERGER outcome; mine backward for pre-outcome process signals.,Imported from cases_seed.csv as CANDIDATE only; do not promote without source_evidence and price windows.
RHC-0126-ASSET_SALE-MACK,MACK,Merrimack Pharmaceuticals,ASSET_SALE,2017,EDGAR 8-K Ipsen deal 2017; ONIVYDE sold for ~$575M; company retained remainder,https://efts.sec.gov/LATEST/search-index?q=MACK+%22Merrimack+Pharmaceuticals%22+%22asset+purchase+agreement%22+%22sale%22&forms=8-K&dateRange=custom&startdt=2017-01-01&enddt=2017-12-31,https://efts.sec.gov/LATEST/search-index?q=MACK+%22Merrimack+Pharmaceuticals%22+%22strategic+alternatives%22+OR+%22financial+advisor%22+OR+%22review+of+strategic+alternatives%22&forms=8-K%2C10-Q%2C10-K&dateRange=custom&startdt=2015-01-01&enddt=2017-12-31,https://efts.sec.gov/LATEST/search-index?q=MACK+%22Merrimack+Pharmaceuticals%22+%22Item+4%22+OR+%22strategic+alternatives%22+OR+%22maximize+shareholder+value%22&forms=SC+13D%2CSC+13D%2FA&dateRange=custom&startdt=2015-01-01&enddt=2017-12-31,https://efts.sec.gov/LATEST/search-index?q=MACK+%22Merrimack+Pharmaceuticals%22+%22right+of+first+refusal%22+OR+%22right+of+first+negotiation%22+OR+%22option+to+acquire%22&forms=8-K%2C10-K%2C10-Q%2CEX-10&dateRange=custom&startdt=2015-01-01&enddt=2017-12-31,https://efts.sec.gov/LATEST/search-index?q=MACK+%22Merrimack+Pharmaceuticals%22+%22background+of+the+merger%22+OR+%22reasons+for+the+merger%22+OR+%22S-4%22&forms=DEFM14A%2CDEF+14A%2CS-4%2C424B3&dateRange=custom&startdt=2015-01-01&enddt=2017-12-31,CANDIDATE,MED,Likely resolved historical ASSET_SALE outcome; mine backward for pre-outcome process signals.,Partial asset sale. Company continued with remaining pipeline. Earlier cycle 2017.
RHC-0127-CAPITAL_RAISE_AFTER_PROCESS-MGNX,MGNX,MacroGenics,CAPITAL_RAISE_AFTER_PROCESS,2023,EDGAR capital raise after pipeline setbacks; margetuximab and other assets; check for SA then raise,https://efts.sec.gov/LATEST/search-index?q=MGNX+%22MacroGenics%22+%22strategic+alternatives%22+%22registered+direct+offering%22&forms=8-K%2CS-3%2C424B5&dateRange=custom&startdt=2023-01-01&enddt=2023-12-31,https://efts.sec.gov/LATEST/search-index?q=MGNX+%22MacroGenics%22+%22strategic+alternatives%22+OR+%22financial+advisor%22+OR+%22review+of+strategic+alternatives%22&forms=8-K%2C10-Q%2C10-K&dateRange=custom&startdt=2020-01-01&enddt=2023-12-31,https://efts.sec.gov/LATEST/search-index?q=MGNX+%22MacroGenics%22+%22Item+4%22+OR+%22strategic+alternatives%22+OR+%22maximize+shareholder+value%22&forms=SC+13D%2CSC+13D%2FA&dateRange=custom&startdt=2020-01-01&enddt=2023-12-31,https://efts.sec.gov/LATEST/search-index?q=MGNX+%22MacroGenics%22+%22right+of+first+refusal%22+OR+%22right+of+first+negotiation%22+OR+%22option+to+acquire%22&forms=8-K%2C10-K%2C10-Q%2CEX-10&dateRange=custom&startdt=2020-01-01&enddt=2023-12-31,https://efts.sec.gov/LATEST/search-index?q=MGNX+%22MacroGenics%22+%22background+of+the+merger%22+OR+%22reasons+for+the+merger%22+OR+%22S-4%22&forms=DEFM14A%2CDEF+14A%2CS-4%2C424B3&dateRange=custom&startdt=2020-01-01&enddt=2023-12-31,CANDIDATE,MED,Likely resolved historical CAPITAL_RAISE_AFTER_PROCESS outcome; mine backward for pre-outcome process signals.,Antibody company. Had major pipeline setbacks. Check for SA followed by equity raise pattern.
RHC-0128-ACTIVIST_NO_DEAL-ARCA,ARCA,ARCA Biopharma,ACTIVIST_NO_DEAL,2020,EDGAR SC 13D or proxy; multiple activists; limited deal success,https://efts.sec.gov/LATEST/search-index?q=ARCA+%22ARCA+Biopharma%22+%22Item+4%22+%22strategic+alternatives%22&forms=SC+13D%2CSC+13D%2FA%2CDEF+14A&dateRange=custom&startdt=2020-01-01&enddt=2020-12-31,https://efts.sec.gov/LATEST/search-index?q=ARCA+%22ARCA+Biopharma%22+%22strategic+alternatives%22+OR+%22financial+advisor%22+OR+%22review+of+strategic+alternatives%22&forms=8-K%2C10-Q%2C10-K&dateRange=custom&startdt=2017-01-01&enddt=2020-12-31,https://efts.sec.gov/LATEST/search-index?q=ARCA+%22ARCA+Biopharma%22+%22Item+4%22+OR+%22strategic+alternatives%22+OR+%22maximize+shareholder+value%22&forms=SC+13D%2CSC+13D%2FA&dateRange=custom&startdt=2017-01-01&enddt=2020-12-31,https://efts.sec.gov/LATEST/search-index?q=ARCA+%22ARCA+Biopharma%22+%22right+of+first+refusal%22+OR+%22right+of+first+negotiation%22+OR+%22option+to+acquire%22&forms=8-K%2C10-K%2C10-Q%2CEX-10&dateRange=custom&startdt=2017-01-01&enddt=2020-12-31,https://efts.sec.gov/LATEST/search-index?q=ARCA+%22ARCA+Biopharma%22+%22background+of+the+merger%22+OR+%22reasons+for+the+merger%22+OR+%22S-4%22&forms=DEFM14A%2CDEF+14A%2CS-4%2C424B3&dateRange=custom&startdt=2017-01-01&enddt=2020-12-31,CANDIDATE,MED,Likely resolved historical ACTIVIST_NO_DEAL outcome; mine backward for pre-outcome process signals.,Small cardiovascular biotech. Had complex activist situations. Check for sale-pressure language.
RHC-0129-ACTIVIST_NO_DEAL-PTCT,PTCT,PTC Therapeutics,ACTIVIST_NO_DEAL,2021,EDGAR SC 13D activist filing; activist pressure; no acquisition; company still operating,https://efts.sec.gov/LATEST/search-index?q=PTCT+%22PTC+Therapeutics%22+%22Item+4%22+%22strategic+alternatives%22&forms=SC+13D%2CSC+13D%2FA%2CDEF+14A&dateRange=custom&startdt=2021-01-01&enddt=2021-12-31,https://efts.sec.gov/LATEST/search-index?q=PTCT+%22PTC+Therapeutics%22+%22strategic+alternatives%22+OR+%22financial+advisor%22+OR+%22review+of+strategic+alternatives%22&forms=8-K%2C10-Q%2C10-K&dateRange=custom&startdt=2018-01-01&enddt=2021-12-31,https://efts.sec.gov/LATEST/search-index?q=PTCT+%22PTC+Therapeutics%22+%22Item+4%22+OR+%22strategic+alternatives%22+OR+%22maximize+shareholder+value%22&forms=SC+13D%2CSC+13D%2FA&dateRange=custom&startdt=2018-01-01&enddt=2021-12-31,https://efts.sec.gov/LATEST/search-index?q=PTCT+%22PTC+Therapeutics%22+%22right+of+first+refusal%22+OR+%22right+of+first+negotiation%22+OR+%22option+to+acquire%22&forms=8-K%2C10-K%2C10-Q%2CEX-10&dateRange=custom&startdt=2018-01-01&enddt=2021-12-31,https://efts.sec.gov/LATEST/search-index?q=PTCT+%22PTC+Therapeutics%22+%22background+of+the+merger%22+OR+%22reasons+for+the+merger%22+OR+%22S-4%22&forms=DEFM14A%2CDEF+14A%2CS-4%2C424B3&dateRange=custom&startdt=2018-01-01&enddt=2021-12-31,CANDIDATE,MED,Likely resolved historical ACTIVIST_NO_DEAL outcome; mine backward for pre-outcome process signals.,RNA biology company. Check for 13D activist and Item 4.
RHC-0130-ACQUIRED-MDCO,MDCO,The Medicines Company,ACQUIRED,2020,EDGAR 8-K Novartis deal 2020; ~$9.7B; inclisiran; above range,https://efts.sec.gov/LATEST/search-index?q=MDCO+%22The+Medicines+Company%22+%22agreement+and+plan+of+merger%22+%22per+share%22&forms=8-K%2CDEFM14A%2CDEF+14A%2CSC+TO-T%2CSC+TO-I&dateRange=custom&startdt=2020-01-01&enddt=2020-12-31,https://efts.sec.gov/LATEST/search-index?q=MDCO+%22The+Medicines+Company%22+%22strategic+alternatives%22+OR+%22financial+advisor%22+OR+%22review+of+strategic+alternatives%22&forms=8-K%2C10-Q%2C10-K&dateRange=custom&startdt=2017-01-01&enddt=2020-12-31,https://efts.sec.gov/LATEST/search-index?q=MDCO+%22The+Medicines+Company%22+%22Item+4%22+OR+%22strategic+alternatives%22+OR+%22maximize+shareholder+value%22&forms=SC+13D%2CSC+13D%2FA&dateRange=custom&startdt=2017-01-01&enddt=2020-12-31,https://efts.sec.gov/LATEST/search-index?q=MDCO+%22The+Medicines+Company%22+%22right+of+first+refusal%22+OR+%22right+of+first+negotiation%22+OR+%22option+to+acquire%22&forms=8-K%2C10-K%2C10-Q%2CEX-10&dateRange=custom&startdt=2017-01-01&enddt=2020-12-31,https://efts.sec.gov/LATEST/search-index?q=MDCO+%22The+Medicines+Company%22+%22background+of+the+merger%22+OR+%22reasons+for+the+merger%22+OR+%22S-4%22&forms=DEFM14A%2CDEF+14A%2CS-4%2C424B3&dateRange=custom&startdt=2017-01-01&enddt=2020-12-31,CANDIDATE,LOW,Likely resolved historical ACQUIRED outcome; mine backward for pre-outcome process signals.,Well over $1.5B range. Include as reference for SA_AFFIRM → large-pharma deal pattern.
RHC-0131-ACQUIRED-LMNX,LMNX,Luminex Corporation,ACQUIRED,2021,EDGAR 8-K DiaSorin deal 2021; ~$1.8B; diagnostics multiplexing,https://efts.sec.gov/LATEST/search-index?q=LMNX+%22Luminex+Corporation%22+%22agreement+and+plan+of+merger%22+%22per+share%22&forms=8-K%2CDEFM14A%2CDEF+14A%2CSC+TO-T%2CSC+TO-I&dateRange=custom&startdt=2021-01-01&enddt=2021-12-31,https://efts.sec.gov/LATEST/search-index?q=LMNX+%22Luminex+Corporation%22+%22strategic+alternatives%22+OR+%22financial+advisor%22+OR+%22review+of+strategic+alternatives%22&forms=8-K%2C10-Q%2C10-K&dateRange=custom&startdt=2018-01-01&enddt=2021-12-31,https://efts.sec.gov/LATEST/search-index?q=LMNX+%22Luminex+Corporation%22+%22Item+4%22+OR+%22strategic+alternatives%22+OR+%22maximize+shareholder+value%22&forms=SC+13D%2CSC+13D%2FA&dateRange=custom&startdt=2018-01-01&enddt=2021-12-31,https://efts.sec.gov/LATEST/search-index?q=LMNX+%22Luminex+Corporation%22+%22right+of+first+refusal%22+OR+%22right+of+first+negotiation%22+OR+%22option+to+acquire%22&forms=8-K%2C10-K%2C10-Q%2CEX-10&dateRange=custom&startdt=2018-01-01&enddt=2021-12-31,https://efts.sec.gov/LATEST/search-index?q=LMNX+%22Luminex+Corporation%22+%22background+of+the+merger%22+OR+%22reasons+for+the+merger%22+OR+%22S-4%22&forms=DEFM14A%2CDEF+14A%2CS-4%2C424B3&dateRange=custom&startdt=2018-01-01&enddt=2021-12-31,CANDIDATE,LOW,Likely resolved historical ACQUIRED outcome; mine backward for pre-outcome process signals.,Diagnostics — adjacent to pharma biotech. Include as reference only.
RHC-0132-ACQUIRED-TBIO,TBIO,Translate Bio,ACQUIRED,2021,EDGAR 8-K Sanofi deal 2021; ~$3.2B; mRNA platform; above range,https://efts.sec.gov/LATEST/search-index?q=TBIO+%22Translate+Bio%22+%22agreement+and+plan+of+merger%22+%22per+share%22&forms=8-K%2CDEFM14A%2CDEF+14A%2CSC+TO-T%2CSC+TO-I&dateRange=custom&startdt=2021-01-01&enddt=2021-12-31,https://efts.sec.gov/LATEST/search-index?q=TBIO+%22Translate+Bio%22+%22strategic+alternatives%22+OR+%22financial+advisor%22+OR+%22review+of+strategic+alternatives%22&forms=8-K%2C10-Q%2C10-K&dateRange=custom&startdt=2018-01-01&enddt=2021-12-31,https://efts.sec.gov/LATEST/search-index?q=TBIO+%22Translate+Bio%22+%22Item+4%22+OR+%22strategic+alternatives%22+OR+%22maximize+shareholder+value%22&forms=SC+13D%2CSC+13D%2FA&dateRange=custom&startdt=2018-01-01&enddt=2021-12-31,https://efts.sec.gov/LATEST/search-index?q=TBIO+%22Translate+Bio%22+%22right+of+first+refusal%22+OR+%22right+of+first+negotiation%22+OR+%22option+to+acquire%22&forms=8-K%2C10-K%2C10-Q%2CEX-10&dateRange=custom&startdt=2018-01-01&enddt=2021-12-31,https://efts.sec.gov/LATEST/search-index?q=TBIO+%22Translate+Bio%22+%22background+of+the+merger%22+OR+%22reasons+for+the+merger%22+OR+%22S-4%22&forms=DEFM14A%2CDEF+14A%2CS-4%2C424B3&dateRange=custom&startdt=2018-01-01&enddt=2021-12-31,CANDIDATE,LOW,Likely resolved historical ACQUIRED outcome; mine backward for pre-outcome process signals.,Above $1.5B range at deal. Include as reference for mRNA platform acquisition pattern.
RHC-0133-ACQUIRED-DCPH,DCPH,Deciphera Pharmaceuticals,ACQUIRED,2023,EDGAR possible acquisition 2023; GIST ripretinib; check if acquired,https://efts.sec.gov/LATEST/search-index?q=DCPH+%22Deciphera+Pharmaceuticals%22+%22agreement+and+plan+of+merger%22+%22per+share%22&forms=8-K%2CDEFM14A%2CDEF+14A%2CSC+TO-T%2CSC+TO-I&dateRange=custom&startdt=2023-01-01&enddt=2023-12-31,https://efts.sec.gov/LATEST/search-index?q=DCPH+%22Deciphera+Pharmaceuticals%22+%22strategic+alternatives%22+OR+%22financial+advisor%22+OR+%22review+of+strategic+alternatives%22&forms=8-K%2C10-Q%2C10-K&dateRange=custom&startdt=2020-01-01&enddt=2023-12-31,https://efts.sec.gov/LATEST/search-index?q=DCPH+%22Deciphera+Pharmaceuticals%22+%22Item+4%22+OR+%22strategic+alternatives%22+OR+%22maximize+shareholder+value%22&forms=SC+13D%2CSC+13D%2FA&dateRange=custom&startdt=2020-01-01&enddt=2023-12-31,https://efts.sec.gov/LATEST/search-index?q=DCPH+%22Deciphera+Pharmaceuticals%22+%22right+of+first+refusal%22+OR+%22right+of+first+negotiation%22+OR+%22option+to+acquire%22&forms=8-K%2C10-K%2C10-Q%2CEX-10&dateRange=custom&startdt=2020-01-01&enddt=2023-12-31,https://efts.sec.gov/LATEST/search-index?q=DCPH+%22Deciphera+Pharmaceuticals%22+%22background+of+the+merger%22+OR+%22reasons+for+the+merger%22+OR+%22S-4%22&forms=DEFM14A%2CDEF+14A%2CS-4%2C424B3&dateRange=custom&startdt=2020-01-01&enddt=2023-12-31,CANDIDATE,LOW,Likely resolved historical ACQUIRED outcome; mine backward for pre-outcome process signals.,GIST cancer treatment. Check if Deciphera was acquired by 2023. If so find deal terms and prior process signals.
RHC-0134-ACQUIRED-ENLV,ENLV,Enliven Therapeutics,ACQUIRED,2023,EDGAR possible acquisition or merger; BCR-ABL oncology; check 2023-2024 status,https://efts.sec.gov/LATEST/search-index?q=ENLV+%22Enliven+Therapeutics%22+%22agreement+and+plan+of+merger%22+%22per+share%22&forms=8-K%2CDEFM14A%2CDEF+14A%2CSC+TO-T%2CSC+TO-I&dateRange=custom&startdt=2023-01-01&enddt=2023-12-31,https://efts.sec.gov/LATEST/search-index?q=ENLV+%22Enliven+Therapeutics%22+%22strategic+alternatives%22+OR+%22financial+advisor%22+OR+%22review+of+strategic+alternatives%22&forms=8-K%2C10-Q%2C10-K&dateRange=custom&startdt=2020-01-01&enddt=2023-12-31,https://efts.sec.gov/LATEST/search-index?q=ENLV+%22Enliven+Therapeutics%22+%22Item+4%22+OR+%22strategic+alternatives%22+OR+%22maximize+shareholder+value%22&forms=SC+13D%2CSC+13D%2FA&dateRange=custom&startdt=2020-01-01&enddt=2023-12-31,https://efts.sec.gov/LATEST/search-index?q=ENLV+%22Enliven+Therapeutics%22+%22right+of+first+refusal%22+OR+%22right+of+first+negotiation%22+OR+%22option+to+acquire%22&forms=8-K%2C10-K%2C10-Q%2CEX-10&dateRange=custom&startdt=2020-01-01&enddt=2023-12-31,https://efts.sec.gov/LATEST/search-index?q=ENLV+%22Enliven+Therapeutics%22+%22background+of+the+merger%22+OR+%22reasons+for+the+merger%22+OR+%22S-4%22&forms=DEFM14A%2CDEF+14A%2CS-4%2C424B3&dateRange=custom&startdt=2020-01-01&enddt=2023-12-31,CANDIDATE,LOW,Likely resolved historical ACQUIRED outcome; mine backward for pre-outcome process signals.,BCR-ABL. Small cap. Check if acquired or if SA signals present.
RHC-0135-ACQUIRED-HRMY,HRMY,Harmony Biosciences,ACQUIRED,2023,EDGAR possible acquisition 2023; sleep disorder pitolisant; check if acquired or still public,https://efts.sec.gov/LATEST/search-index?q=HRMY+%22Harmony+Biosciences%22+%22agreement+and+plan+of+merger%22+%22per+share%22&forms=8-K%2CDEFM14A%2CDEF+14A%2CSC+TO-T%2CSC+TO-I&dateRange=custom&startdt=2023-01-01&enddt=2023-12-31,https://efts.sec.gov/LATEST/search-index?q=HRMY+%22Harmony+Biosciences%22+%22strategic+alternatives%22+OR+%22financial+advisor%22+OR+%22review+of+strategic+alternatives%22&forms=8-K%2C10-Q%2C10-K&dateRange=custom&startdt=2020-01-01&enddt=2023-12-31,https://efts.sec.gov/LATEST/search-index?q=HRMY+%22Harmony+Biosciences%22+%22Item+4%22+OR+%22strategic+alternatives%22+OR+%22maximize+shareholder+value%22&forms=SC+13D%2CSC+13D%2FA&dateRange=custom&startdt=2020-01-01&enddt=2023-12-31,https://efts.sec.gov/LATEST/search-index?q=HRMY+%22Harmony+Biosciences%22+%22right+of+first+refusal%22+OR+%22right+of+first+negotiation%22+OR+%22option+to+acquire%22&forms=8-K%2C10-K%2C10-Q%2CEX-10&dateRange=custom&startdt=2020-01-01&enddt=2023-12-31,https://efts.sec.gov/LATEST/search-index?q=HRMY+%22Harmony+Biosciences%22+%22background+of+the+merger%22+OR+%22reasons+for+the+merger%22+OR+%22S-4%22&forms=DEFM14A%2CDEF+14A%2CS-4%2C424B3&dateRange=custom&startdt=2020-01-01&enddt=2023-12-31,CANDIDATE,LOW,Likely resolved historical ACQUIRED outcome; mine backward for pre-outcome process signals.,Sleep neurology. Check if acquired by 2025. If still public check for SA signals.
RHC-0136-ACQUIRED-SYNH,SYNH,"Syneos Health, Inc.",ACQUIRED,2023,"Life-sciences services acquisition; adjacent target, verify industry fit.",https://efts.sec.gov/LATEST/search-index?q=SYNH+%22Syneos+Health%2C+Inc.%22+%22agreement+and+plan+of+merger%22+%22per+share%22&forms=8-K%2CDEFM14A%2CDEF+14A%2CSC+TO-T%2CSC+TO-I&dateRange=custom&startdt=2023-01-01&enddt=2023-12-31,https://efts.sec.gov/LATEST/search-index?q=SYNH+%22Syneos+Health%2C+Inc.%22+%22strategic+alternatives%22+OR+%22financial+advisor%22+OR+%22review+of+strategic+alternatives%22&forms=8-K%2C10-Q%2C10-K&dateRange=custom&startdt=2020-01-01&enddt=2023-12-31,https://efts.sec.gov/LATEST/search-index?q=SYNH+%22Syneos+Health%2C+Inc.%22+%22Item+4%22+OR+%22strategic+alternatives%22+OR+%22maximize+shareholder+value%22&forms=SC+13D%2CSC+13D%2FA&dateRange=custom&startdt=2020-01-01&enddt=2023-12-31,https://efts.sec.gov/LATEST/search-index?q=SYNH+%22Syneos+Health%2C+Inc.%22+%22right+of+first+refusal%22+OR+%22right+of+first+negotiation%22+OR+%22option+to+acquire%22&forms=8-K%2C10-K%2C10-Q%2CEX-10&dateRange=custom&startdt=2020-01-01&enddt=2023-12-31,https://efts.sec.gov/LATEST/search-index?q=SYNH+%22Syneos+Health%2C+Inc.%22+%22background+of+the+merger%22+OR+%22reasons+for+the+merger%22+OR+%22S-4%22&forms=DEFM14A%2CDEF+14A%2CS-4%2C424B3&dateRange=custom&startdt=2020-01-01&enddt=2023-12-31,CANDIDATE,LOW,Likely resolved historical ACQUIRED outcome; mine backward for pre-outcome process signals.,Candidate only. Outcome and prior process evidence require primary-source verification.
RHC-0137-ACQUIRED-KPTI,KPTI,Karyopharm Therapeutics,ACQUIRED,2024,EDGAR possible acquisition 2024; selinexor XPO1; check if acquired,https://efts.sec.gov/LATEST/search-index?q=KPTI+%22Karyopharm+Therapeutics%22+%22agreement+and+plan+of+merger%22+%22per+share%22&forms=8-K%2CDEFM14A%2CDEF+14A%2CSC+TO-T%2CSC+TO-I&dateRange=custom&startdt=2024-01-01&enddt=2024-12-31,https://efts.sec.gov/LATEST/search-index?q=KPTI+%22Karyopharm+Therapeutics%22+%22strategic+alternatives%22+OR+%22financial+advisor%22+OR+%22review+of+strategic+alternatives%22&forms=8-K%2C10-Q%2C10-K&dateRange=custom&startdt=2021-01-01&enddt=2024-12-31,https://efts.sec.gov/LATEST/search-index?q=KPTI+%22Karyopharm+Therapeutics%22+%22Item+4%22+OR+%22strategic+alternatives%22+OR+%22maximize+shareholder+value%22&forms=SC+13D%2CSC+13D%2FA&dateRange=custom&startdt=2021-01-01&enddt=2024-12-31,https://efts.sec.gov/LATEST/search-index?q=KPTI+%22Karyopharm+Therapeutics%22+%22right+of+first+refusal%22+OR+%22right+of+first+negotiation%22+OR+%22option+to+acquire%22&forms=8-K%2C10-K%2C10-Q%2CEX-10&dateRange=custom&startdt=2021-01-01&enddt=2024-12-31,https://efts.sec.gov/LATEST/search-index?q=KPTI+%22Karyopharm+Therapeutics%22+%22background+of+the+merger%22+OR+%22reasons+for+the+merger%22+OR+%22S-4%22&forms=DEFM14A%2CDEF+14A%2CS-4%2C424B3&dateRange=custom&startdt=2021-01-01&enddt=2024-12-31,CANDIDATE,LOW,Likely resolved historical ACQUIRED outcome; mine backward for pre-outcome process signals.,Hematology oncology. Check if acquired or still public. May have had activist 13D.
RHC-0138-ACQUIRED-KROS,KROS,Keros Therapeutics,ACQUIRED,2024,EDGAR possible acquisition 2024; TGF-beta biology; check for deal,https://efts.sec.gov/LATEST/search-index?q=KROS+%22Keros+Therapeutics%22+%22agreement+and+plan+of+merger%22+%22per+share%22&forms=8-K%2CDEFM14A%2CDEF+14A%2CSC+TO-T%2CSC+TO-I&dateRange=custom&startdt=2024-01-01&enddt=2024-12-31,https://efts.sec.gov/LATEST/search-index?q=KROS+%22Keros+Therapeutics%22+%22strategic+alternatives%22+OR+%22financial+advisor%22+OR+%22review+of+strategic+alternatives%22&forms=8-K%2C10-Q%2C10-K&dateRange=custom&startdt=2021-01-01&enddt=2024-12-31,https://efts.sec.gov/LATEST/search-index?q=KROS+%22Keros+Therapeutics%22+%22Item+4%22+OR+%22strategic+alternatives%22+OR+%22maximize+shareholder+value%22&forms=SC+13D%2CSC+13D%2FA&dateRange=custom&startdt=2021-01-01&enddt=2024-12-31,https://efts.sec.gov/LATEST/search-index?q=KROS+%22Keros+Therapeutics%22+%22right+of+first+refusal%22+OR+%22right+of+first+negotiation%22+OR+%22option+to+acquire%22&forms=8-K%2C10-K%2C10-Q%2CEX-10&dateRange=custom&startdt=2021-01-01&enddt=2024-12-31,https://efts.sec.gov/LATEST/search-index?q=KROS+%22Keros+Therapeutics%22+%22background+of+the+merger%22+OR+%22reasons+for+the+merger%22+OR+%22S-4%22&forms=DEFM14A%2CDEF+14A%2CS-4%2C424B3&dateRange=custom&startdt=2021-01-01&enddt=2024-12-31,CANDIDATE,LOW,Likely resolved historical ACQUIRED outcome; mine backward for pre-outcome process signals.,Hematology rare disease. Check for acquisition announcement 2024.
RHC-0139-ACQUIRED-TGTX,TGTX,TG Therapeutics,ACQUIRED,2024,EDGAR possible acquisition 2024-2025; ublituximab MS; check if acquired,https://efts.sec.gov/LATEST/search-index?q=TGTX+%22TG+Therapeutics%22+%22agreement+and+plan+of+merger%22+%22per+share%22&forms=8-K%2CDEFM14A%2CDEF+14A%2CSC+TO-T%2CSC+TO-I&dateRange=custom&startdt=2024-01-01&enddt=2024-12-31,https://efts.sec.gov/LATEST/search-index?q=TGTX+%22TG+Therapeutics%22+%22strategic+alternatives%22+OR+%22financial+advisor%22+OR+%22review+of+strategic+alternatives%22&forms=8-K%2C10-Q%2C10-K&dateRange=custom&startdt=2021-01-01&enddt=2024-12-31,https://efts.sec.gov/LATEST/search-index?q=TGTX+%22TG+Therapeutics%22+%22Item+4%22+OR+%22strategic+alternatives%22+OR+%22maximize+shareholder+value%22&forms=SC+13D%2CSC+13D%2FA&dateRange=custom&startdt=2021-01-01&enddt=2024-12-31,https://efts.sec.gov/LATEST/search-index?q=TGTX+%22TG+Therapeutics%22+%22right+of+first+refusal%22+OR+%22right+of+first+negotiation%22+OR+%22option+to+acquire%22&forms=8-K%2C10-K%2C10-Q%2CEX-10&dateRange=custom&startdt=2021-01-01&enddt=2024-12-31,https://efts.sec.gov/LATEST/search-index?q=TGTX+%22TG+Therapeutics%22+%22background+of+the+merger%22+OR+%22reasons+for+the+merger%22+OR+%22S-4%22&forms=DEFM14A%2CDEF+14A%2CS-4%2C424B3&dateRange=custom&startdt=2021-01-01&enddt=2024-12-31,CANDIDATE,LOW,Likely resolved historical ACQUIRED outcome; mine backward for pre-outcome process signals.,MS therapy. Had major commercial launch. Check if acquired by large pharma by 2025.
RHC-0140-ACQUIRED-VSTM,VSTM,Verastem Oncology,ACQUIRED,2024,EDGAR possible acquisition 2024; avutometinib defactinib RAS MAPK; check,https://efts.sec.gov/LATEST/search-index?q=VSTM+%22Verastem+Oncology%22+%22agreement+and+plan+of+merger%22+%22per+share%22&forms=8-K%2CDEFM14A%2CDEF+14A%2CSC+TO-T%2CSC+TO-I&dateRange=custom&startdt=2024-01-01&enddt=2024-12-31,https://efts.sec.gov/LATEST/search-index?q=VSTM+%22Verastem+Oncology%22+%22strategic+alternatives%22+OR+%22financial+advisor%22+OR+%22review+of+strategic+alternatives%22&forms=8-K%2C10-Q%2C10-K&dateRange=custom&startdt=2021-01-01&enddt=2024-12-31,https://efts.sec.gov/LATEST/search-index?q=VSTM+%22Verastem+Oncology%22+%22Item+4%22+OR+%22strategic+alternatives%22+OR+%22maximize+shareholder+value%22&forms=SC+13D%2CSC+13D%2FA&dateRange=custom&startdt=2021-01-01&enddt=2024-12-31,https://efts.sec.gov/LATEST/search-index?q=VSTM+%22Verastem+Oncology%22+%22right+of+first+refusal%22+OR+%22right+of+first+negotiation%22+OR+%22option+to+acquire%22&forms=8-K%2C10-K%2C10-Q%2CEX-10&dateRange=custom&startdt=2021-01-01&enddt=2024-12-31,https://efts.sec.gov/LATEST/search-index?q=VSTM+%22Verastem+Oncology%22+%22background+of+the+merger%22+OR+%22reasons+for+the+merger%22+OR+%22S-4%22&forms=DEFM14A%2CDEF+14A%2CS-4%2C424B3&dateRange=custom&startdt=2021-01-01&enddt=2024-12-31,CANDIDATE,LOW,Likely resolved historical ACQUIRED outcome; mine backward for pre-outcome process signals.,RAS/MAPK oncology. Had deal activity with Lilly. Check for acquisition announcement.
RHC-0141-FAILED_REVIEW-PRVB,PRVB,Provectus Biopharmaceuticals,FAILED_REVIEW,2020,EDGAR possible SA language; PV-10 melanoma; very small cap; governance issues,https://efts.sec.gov/LATEST/search-index?q=PRVB+%22Provectus+Biopharmaceuticals%22+%22strategic+alternatives%22+%22restructuring%22&forms=8-K&dateRange=custom&startdt=2020-01-01&enddt=2020-12-31,https://efts.sec.gov/LATEST/search-index?q=PRVB+%22Provectus+Biopharmaceuticals%22+%22strategic+alternatives%22+OR+%22financial+advisor%22+OR+%22review+of+strategic+alternatives%22&forms=8-K%2C10-Q%2C10-K&dateRange=custom&startdt=2017-01-01&enddt=2020-12-31,https://efts.sec.gov/LATEST/search-index?q=PRVB+%22Provectus+Biopharmaceuticals%22+%22Item+4%22+OR+%22strategic+alternatives%22+OR+%22maximize+shareholder+value%22&forms=SC+13D%2CSC+13D%2FA&dateRange=custom&startdt=2017-01-01&enddt=2020-12-31,https://efts.sec.gov/LATEST/search-index?q=PRVB+%22Provectus+Biopharmaceuticals%22+%22right+of+first+refusal%22+OR+%22right+of+first+negotiation%22+OR+%22option+to+acquire%22&forms=8-K%2C10-K%2C10-Q%2CEX-10&dateRange=custom&startdt=2017-01-01&enddt=2020-12-31,https://efts.sec.gov/LATEST/search-index?q=PRVB+%22Provectus+Biopharmaceuticals%22+%22background+of+the+merger%22+OR+%22reasons+for+the+merger%22+OR+%22S-4%22&forms=DEFM14A%2CDEF+14A%2CS-4%2C424B3&dateRange=custom&startdt=2017-01-01&enddt=2020-12-31,CANDIDATE,LOW,Likely resolved historical FAILED_REVIEW outcome; mine backward for pre-outcome process signals.,Very small cap and governance-challenged. Below target range. Include as reference.
RHC-0142-FAILED_REVIEW-AKER,AKER,Akers Biosciences,FAILED_REVIEW,2021,EDGAR or press release SA activity; diagnostics company; below target range likely,https://efts.sec.gov/LATEST/search-index?q=AKER+%22Akers+Biosciences%22+%22strategic+alternatives%22+%22restructuring%22&forms=8-K&dateRange=custom&startdt=2021-01-01&enddt=2021-12-31,https://efts.sec.gov/LATEST/search-index?q=AKER+%22Akers+Biosciences%22+%22strategic+alternatives%22+OR+%22financial+advisor%22+OR+%22review+of+strategic+alternatives%22&forms=8-K%2C10-Q%2C10-K&dateRange=custom&startdt=2018-01-01&enddt=2021-12-31,https://efts.sec.gov/LATEST/search-index?q=AKER+%22Akers+Biosciences%22+%22Item+4%22+OR+%22strategic+alternatives%22+OR+%22maximize+shareholder+value%22&forms=SC+13D%2CSC+13D%2FA&dateRange=custom&startdt=2018-01-01&enddt=2021-12-31,https://efts.sec.gov/LATEST/search-index?q=AKER+%22Akers+Biosciences%22+%22right+of+first+refusal%22+OR+%22right+of+first+negotiation%22+OR+%22option+to+acquire%22&forms=8-K%2C10-K%2C10-Q%2CEX-10&dateRange=custom&startdt=2018-01-01&enddt=2021-12-31,https://efts.sec.gov/LATEST/search-index?q=AKER+%22Akers+Biosciences%22+%22background+of+the+merger%22+OR+%22reasons+for+the+merger%22+OR+%22S-4%22&forms=DEFM14A%2CDEF+14A%2CS-4%2C424B3&dateRange=custom&startdt=2018-01-01&enddt=2021-12-31,CANDIDATE,LOW,Likely resolved historical FAILED_REVIEW outcome; mine backward for pre-outcome process signals.,Diagnostics. Very small cap. Below target range.
RHC-0143-FAILED_REVIEW-ACER,ACER,Acer Therapeutics,FAILED_REVIEW,2022,EDGAR possible SA; rare disease OTC cycle disorder; very small cap,https://efts.sec.gov/LATEST/search-index?q=ACER+%22Acer+Therapeutics%22+%22strategic+alternatives%22+%22restructuring%22&forms=8-K&dateRange=custom&startdt=2022-01-01&enddt=2022-12-31,https://efts.sec.gov/LATEST/search-index?q=ACER+%22Acer+Therapeutics%22+%22strategic+alternatives%22+OR+%22financial+advisor%22+OR+%22review+of+strategic+alternatives%22&forms=8-K%2C10-Q%2C10-K&dateRange=custom&startdt=2019-01-01&enddt=2022-12-31,https://efts.sec.gov/LATEST/search-index?q=ACER+%22Acer+Therapeutics%22+%22Item+4%22+OR+%22strategic+alternatives%22+OR+%22maximize+shareholder+value%22&forms=SC+13D%2CSC+13D%2FA&dateRange=custom&startdt=2019-01-01&enddt=2022-12-31,https://efts.sec.gov/LATEST/search-index?q=ACER+%22Acer+Therapeutics%22+%22right+of+first+refusal%22+OR+%22right+of+first+negotiation%22+OR+%22option+to+acquire%22&forms=8-K%2C10-K%2C10-Q%2CEX-10&dateRange=custom&startdt=2019-01-01&enddt=2022-12-31,https://efts.sec.gov/LATEST/search-index?q=ACER+%22Acer+Therapeutics%22+%22background+of+the+merger%22+OR+%22reasons+for+the+merger%22+OR+%22S-4%22&forms=DEFM14A%2CDEF+14A%2CS-4%2C424B3&dateRange=custom&startdt=2019-01-01&enddt=2022-12-31,CANDIDATE,LOW,Likely resolved historical FAILED_REVIEW outcome; mine backward for pre-outcome process signals.,Rare disease. Very small cap. Below target range likely.
RHC-0144-FAILED_REVIEW-ACST,ACST,Acasti Pharma,FAILED_REVIEW,2022,EDGAR possible SA or reverse merger activity; omega-3 cardiovascular; small cap,https://efts.sec.gov/LATEST/search-index?q=ACST+%22Acasti+Pharma%22+%22strategic+alternatives%22+%22restructuring%22&forms=8-K&dateRange=custom&startdt=2022-01-01&enddt=2022-12-31,https://efts.sec.gov/LATEST/search-index?q=ACST+%22Acasti+Pharma%22+%22strategic+alternatives%22+OR+%22financial+advisor%22+OR+%22review+of+strategic+alternatives%22&forms=8-K%2C10-Q%2C10-K&dateRange=custom&startdt=2019-01-01&enddt=2022-12-31,https://efts.sec.gov/LATEST/search-index?q=ACST+%22Acasti+Pharma%22+%22Item+4%22+OR+%22strategic+alternatives%22+OR+%22maximize+shareholder+value%22&forms=SC+13D%2CSC+13D%2FA&dateRange=custom&startdt=2019-01-01&enddt=2022-12-31,https://efts.sec.gov/LATEST/search-index?q=ACST+%22Acasti+Pharma%22+%22right+of+first+refusal%22+OR+%22right+of+first+negotiation%22+OR+%22option+to+acquire%22&forms=8-K%2C10-K%2C10-Q%2CEX-10&dateRange=custom&startdt=2019-01-01&enddt=2022-12-31,https://efts.sec.gov/LATEST/search-index?q=ACST+%22Acasti+Pharma%22+%22background+of+the+merger%22+OR+%22reasons+for+the+merger%22+OR+%22S-4%22&forms=DEFM14A%2CDEF+14A%2CS-4%2C424B3&dateRange=custom&startdt=2019-01-01&enddt=2022-12-31,CANDIDATE,LOW,Likely resolved historical FAILED_REVIEW outcome; mine backward for pre-outcome process signals.,Very small cap. Likely below target range. Check for any process signals.
RHC-0145-FAILED_REVIEW-AGEN,AGEN,Agenus,FAILED_REVIEW,2022,EDGAR possible SA or restructuring; immuno-oncology checkpoint antibodies; check,https://efts.sec.gov/LATEST/search-index?q=AGEN+%22Agenus%22+%22strategic+alternatives%22+%22restructuring%22&forms=8-K&dateRange=custom&startdt=2022-01-01&enddt=2022-12-31,https://efts.sec.gov/LATEST/search-index?q=AGEN+%22Agenus%22+%22strategic+alternatives%22+OR+%22financial+advisor%22+OR+%22review+of+strategic+alternatives%22&forms=8-K%2C10-Q%2C10-K&dateRange=custom&startdt=2019-01-01&enddt=2022-12-31,https://efts.sec.gov/LATEST/search-index?q=AGEN+%22Agenus%22+%22Item+4%22+OR+%22strategic+alternatives%22+OR+%22maximize+shareholder+value%22&forms=SC+13D%2CSC+13D%2FA&dateRange=custom&startdt=2019-01-01&enddt=2022-12-31,https://efts.sec.gov/LATEST/search-index?q=AGEN+%22Agenus%22+%22right+of+first+refusal%22+OR+%22right+of+first+negotiation%22+OR+%22option+to+acquire%22&forms=8-K%2C10-K%2C10-Q%2CEX-10&dateRange=custom&startdt=2019-01-01&enddt=2022-12-31,https://efts.sec.gov/LATEST/search-index?q=AGEN+%22Agenus%22+%22background+of+the+merger%22+OR+%22reasons+for+the+merger%22+OR+%22S-4%22&forms=DEFM14A%2CDEF+14A%2CS-4%2C424B3&dateRange=custom&startdt=2019-01-01&enddt=2022-12-31,CANDIDATE,LOW,Likely resolved historical FAILED_REVIEW outcome; mine backward for pre-outcome process signals.,Immuno-oncology. Had pipeline partnership restructuring. Check for formal SA 8-K.
RHC-0146-FAILED_REVIEW-ARDX,ARDX,Ardelyx,FAILED_REVIEW,2022,EDGAR possible SA after FDA rejection of tenapanor; renal hyperphosphatemia; check,https://efts.sec.gov/LATEST/search-index?q=ARDX+%22Ardelyx%22+%22strategic+alternatives%22+%22restructuring%22&forms=8-K&dateRange=custom&startdt=2022-01-01&enddt=2022-12-31,https://efts.sec.gov/LATEST/search-index?q=ARDX+%22Ardelyx%22+%22strategic+alternatives%22+OR+%22financial+advisor%22+OR+%22review+of+strategic+alternatives%22&forms=8-K%2C10-Q%2C10-K&dateRange=custom&startdt=2019-01-01&enddt=2022-12-31,https://efts.sec.gov/LATEST/search-index?q=ARDX+%22Ardelyx%22+%22Item+4%22+OR+%22strategic+alternatives%22+OR+%22maximize+shareholder+value%22&forms=SC+13D%2CSC+13D%2FA&dateRange=custom&startdt=2019-01-01&enddt=2022-12-31,https://efts.sec.gov/LATEST/search-index?q=ARDX+%22Ardelyx%22+%22right+of+first+refusal%22+OR+%22right+of+first+negotiation%22+OR+%22option+to+acquire%22&forms=8-K%2C10-K%2C10-Q%2CEX-10&dateRange=custom&startdt=2019-01-01&enddt=2022-12-31,https://efts.sec.gov/LATEST/search-index?q=ARDX+%22Ardelyx%22+%22background+of+the+merger%22+OR+%22reasons+for+the+merger%22+OR+%22S-4%22&forms=DEFM14A%2CDEF+14A%2CS-4%2C424B3&dateRange=custom&startdt=2019-01-01&enddt=2022-12-31,CANDIDATE,LOW,Likely resolved historical FAILED_REVIEW outcome; mine backward for pre-outcome process signals.,Kidney disease. Had major FDA rejection setback. Check for SA announcement.
RHC-0147-FAILED_REVIEW-ATNX,ATNX,Athenex,FAILED_REVIEW,2022,EDGAR possible SA or financial distress announcement; specialty pharma oncology,https://efts.sec.gov/LATEST/search-index?q=ATNX+%22Athenex%22+%22strategic+alternatives%22+%22restructuring%22&forms=8-K&dateRange=custom&startdt=2022-01-01&enddt=2022-12-31,https://efts.sec.gov/LATEST/search-index?q=ATNX+%22Athenex%22+%22strategic+alternatives%22+OR+%22financial+advisor%22+OR+%22review+of+strategic+alternatives%22&forms=8-K%2C10-Q%2C10-K&dateRange=custom&startdt=2019-01-01&enddt=2022-12-31,https://efts.sec.gov/LATEST/search-index?q=ATNX+%22Athenex%22+%22Item+4%22+OR+%22strategic+alternatives%22+OR+%22maximize+shareholder+value%22&forms=SC+13D%2CSC+13D%2FA&dateRange=custom&startdt=2019-01-01&enddt=2022-12-31,https://efts.sec.gov/LATEST/search-index?q=ATNX+%22Athenex%22+%22right+of+first+refusal%22+OR+%22right+of+first+negotiation%22+OR+%22option+to+acquire%22&forms=8-K%2C10-K%2C10-Q%2CEX-10&dateRange=custom&startdt=2019-01-01&enddt=2022-12-31,https://efts.sec.gov/LATEST/search-index?q=ATNX+%22Athenex%22+%22background+of+the+merger%22+OR+%22reasons+for+the+merger%22+OR+%22S-4%22&forms=DEFM14A%2CDEF+14A%2CS-4%2C424B3&dateRange=custom&startdt=2019-01-01&enddt=2022-12-31,CANDIDATE,LOW,Likely resolved historical FAILED_REVIEW outcome; mine backward for pre-outcome process signals.,Specialty oncology pharma. Had financial difficulties 2022-2023. Check for SA or restructuring.
RHC-0148-FAILED_REVIEW-BBIO,BBIO,BridgeBio Pharma,FAILED_REVIEW,2022,EDGAR or press release; pipeline failure acoramidis; strategic alternatives possible; check,https://efts.sec.gov/LATEST/search-index?q=BBIO+%22BridgeBio+Pharma%22+%22strategic+alternatives%22+%22restructuring%22&forms=8-K&dateRange=custom&startdt=2022-01-01&enddt=2022-12-31,https://efts.sec.gov/LATEST/search-index?q=BBIO+%22BridgeBio+Pharma%22+%22strategic+alternatives%22+OR+%22financial+advisor%22+OR+%22review+of+strategic+alternatives%22&forms=8-K%2C10-Q%2C10-K&dateRange=custom&startdt=2019-01-01&enddt=2022-12-31,https://efts.sec.gov/LATEST/search-index?q=BBIO+%22BridgeBio+Pharma%22+%22Item+4%22+OR+%22strategic+alternatives%22+OR+%22maximize+shareholder+value%22&forms=SC+13D%2CSC+13D%2FA&dateRange=custom&startdt=2019-01-01&enddt=2022-12-31,https://efts.sec.gov/LATEST/search-index?q=BBIO+%22BridgeBio+Pharma%22+%22right+of+first+refusal%22+OR+%22right+of+first+negotiation%22+OR+%22option+to+acquire%22&forms=8-K%2C10-K%2C10-Q%2CEX-10&dateRange=custom&startdt=2019-01-01&enddt=2022-12-31,https://efts.sec.gov/LATEST/search-index?q=BBIO+%22BridgeBio+Pharma%22+%22background+of+the+merger%22+OR+%22reasons+for+the+merger%22+OR+%22S-4%22&forms=DEFM14A%2CDEF+14A%2CS-4%2C424B3&dateRange=custom&startdt=2019-01-01&enddt=2022-12-31,CANDIDATE,LOW,Likely resolved historical FAILED_REVIEW outcome; mine backward for pre-outcome process signals.,Large pipeline setbacks in 2022. Check for SA language. Over $1.5B range at peak.
RHC-0149-FAILED_REVIEW-EVFM,EVFM,Evofem Biosciences,FAILED_REVIEW,2022,EDGAR possible SA or wind-down; women's health; Phexxi,https://efts.sec.gov/LATEST/search-index?q=EVFM+%22Evofem+Biosciences%22+%22strategic+alternatives%22+%22restructuring%22&forms=8-K&dateRange=custom&startdt=2022-01-01&enddt=2022-12-31,https://efts.sec.gov/LATEST/search-index?q=EVFM+%22Evofem+Biosciences%22+%22strategic+alternatives%22+OR+%22financial+advisor%22+OR+%22review+of+strategic+alternatives%22&forms=8-K%2C10-Q%2C10-K&dateRange=custom&startdt=2019-01-01&enddt=2022-12-31,https://efts.sec.gov/LATEST/search-index?q=EVFM+%22Evofem+Biosciences%22+%22Item+4%22+OR+%22strategic+alternatives%22+OR+%22maximize+shareholder+value%22&forms=SC+13D%2CSC+13D%2FA&dateRange=custom&startdt=2019-01-01&enddt=2022-12-31,https://efts.sec.gov/LATEST/search-index?q=EVFM+%22Evofem+Biosciences%22+%22right+of+first+refusal%22+OR+%22right+of+first+negotiation%22+OR+%22option+to+acquire%22&forms=8-K%2C10-K%2C10-Q%2CEX-10&dateRange=custom&startdt=2019-01-01&enddt=2022-12-31,https://efts.sec.gov/LATEST/search-index?q=EVFM+%22Evofem+Biosciences%22+%22background+of+the+merger%22+OR+%22reasons+for+the+merger%22+OR+%22S-4%22&forms=DEFM14A%2CDEF+14A%2CS-4%2C424B3&dateRange=custom&startdt=2019-01-01&enddt=2022-12-31,CANDIDATE,LOW,Likely resolved historical FAILED_REVIEW outcome; mine backward for pre-outcome process signals.,Small cap women's health. Check for SA or distress signals.
RHC-0150-FAILED_REVIEW-FOLD,FOLD,"Amicus Therapeutics, Inc.",FAILED_REVIEW,2022,Strategic review / transaction-rumor false-positive candidate; verify before use.,https://efts.sec.gov/LATEST/search-index?q=FOLD+%22Amicus+Therapeutics%2C+Inc.%22+%22strategic+alternatives%22+%22restructuring%22&forms=8-K&dateRange=custom&startdt=2022-01-01&enddt=2022-12-31,https://efts.sec.gov/LATEST/search-index?q=FOLD+%22Amicus+Therapeutics%2C+Inc.%22+%22strategic+alternatives%22+OR+%22financial+advisor%22+OR+%22review+of+strategic+alternatives%22&forms=8-K%2C10-Q%2C10-K&dateRange=custom&startdt=2019-01-01&enddt=2022-12-31,https://efts.sec.gov/LATEST/search-index?q=FOLD+%22Amicus+Therapeutics%2C+Inc.%22+%22Item+4%22+OR+%22strategic+alternatives%22+OR+%22maximize+shareholder+value%22&forms=SC+13D%2CSC+13D%2FA&dateRange=custom&startdt=2019-01-01&enddt=2022-12-31,https://efts.sec.gov/LATEST/search-index?q=FOLD+%22Amicus+Therapeutics%2C+Inc.%22+%22right+of+first+refusal%22+OR+%22right+of+first+negotiation%22+OR+%22option+to+acquire%22&forms=8-K%2C10-K%2C10-Q%2CEX-10&dateRange=custom&startdt=2019-01-01&enddt=2022-12-31,https://efts.sec.gov/LATEST/search-index?q=FOLD+%22Amicus+Therapeutics%2C+Inc.%22+%22background+of+the+merger%22+OR+%22reasons+for+the+merger%22+OR+%22S-4%22&forms=DEFM14A%2CDEF+14A%2CS-4%2C424B3&dateRange=custom&startdt=2019-01-01&enddt=2022-12-31,CANDIDATE,LOW,Likely resolved historical FAILED_REVIEW outcome; mine backward for pre-outcome process signals.,Candidate only. Outcome and prior process evidence require primary-source verification.
RHC-0151-FAILED_REVIEW-OVID,OVID,Ovid Therapeutics,FAILED_REVIEW,2022,EDGAR possible SA review; rare neurological disease; soticlestat ataluren adjacent,https://efts.sec.gov/LATEST/search-index?q=OVID+%22Ovid+Therapeutics%22+%22strategic+alternatives%22+%22restructuring%22&forms=8-K&dateRange=custom&startdt=2022-01-01&enddt=2022-12-31,https://efts.sec.gov/LATEST/search-index?q=OVID+%22Ovid+Therapeutics%22+%22strategic+alternatives%22+OR+%22financial+advisor%22+OR+%22review+of+strategic+alternatives%22&forms=8-K%2C10-Q%2C10-K&dateRange=custom&startdt=2019-01-01&enddt=2022-12-31,https://efts.sec.gov/LATEST/search-index?q=OVID+%22Ovid+Therapeutics%22+%22Item+4%22+OR+%22strategic+alternatives%22+OR+%22maximize+shareholder+value%22&forms=SC+13D%2CSC+13D%2FA&dateRange=custom&startdt=2019-01-01&enddt=2022-12-31,https://efts.sec.gov/LATEST/search-index?q=OVID+%22Ovid+Therapeutics%22+%22right+of+first+refusal%22+OR+%22right+of+first+negotiation%22+OR+%22option+to+acquire%22&forms=8-K%2C10-K%2C10-Q%2CEX-10&dateRange=custom&startdt=2019-01-01&enddt=2022-12-31,https://efts.sec.gov/LATEST/search-index?q=OVID+%22Ovid+Therapeutics%22+%22background+of+the+merger%22+OR+%22reasons+for+the+merger%22+OR+%22S-4%22&forms=DEFM14A%2CDEF+14A%2CS-4%2C424B3&dateRange=custom&startdt=2019-01-01&enddt=2022-12-31,CANDIDATE,LOW,Likely resolved historical FAILED_REVIEW outcome; mine backward for pre-outcome process signals.,Rare neurology. Check for SA 8-K and outcome.
RHC-0152-FAILED_REVIEW-PRQR,PRQR,ProQR Therapeutics N.V.,FAILED_REVIEW,2022,Strategic pivot / failed process candidate; verify 6-K/8-K language.,https://efts.sec.gov/LATEST/search-index?q=PRQR+%22ProQR+Therapeutics+N.V.%22+%22strategic+alternatives%22+%22restructuring%22&forms=8-K&dateRange=custom&startdt=2022-01-01&enddt=2022-12-31,https://efts.sec.gov/LATEST/search-index?q=PRQR+%22ProQR+Therapeutics+N.V.%22+%22strategic+alternatives%22+OR+%22financial+advisor%22+OR+%22review+of+strategic+alternatives%22&forms=8-K%2C10-Q%2C10-K&dateRange=custom&startdt=2019-01-01&enddt=2022-12-31,https://efts.sec.gov/LATEST/search-index?q=PRQR+%22ProQR+Therapeutics+N.V.%22+%22Item+4%22+OR+%22strategic+alternatives%22+OR+%22maximize+shareholder+value%22&forms=SC+13D%2CSC+13D%2FA&dateRange=custom&startdt=2019-01-01&enddt=2022-12-31,https://efts.sec.gov/LATEST/search-index?q=PRQR+%22ProQR+Therapeutics+N.V.%22+%22right+of+first+refusal%22+OR+%22right+of+first+negotiation%22+OR+%22option+to+acquire%22&forms=8-K%2C10-K%2C10-Q%2CEX-10&dateRange=custom&startdt=2019-01-01&enddt=2022-12-31,https://efts.sec.gov/LATEST/search-index?q=PRQR+%22ProQR+Therapeutics+N.V.%22+%22background+of+the+merger%22+OR+%22reasons+for+the+merger%22+OR+%22S-4%22&forms=DEFM14A%2CDEF+14A%2CS-4%2C424B3&dateRange=custom&startdt=2019-01-01&enddt=2022-12-31,CANDIDATE,LOW,Likely resolved historical FAILED_REVIEW outcome; mine backward for pre-outcome process signals.,Candidate only. Outcome and prior process evidence require primary-source verification.
RHC-0153-FAILED_REVIEW-PRTA,PRTA,Prothena Corporation,FAILED_REVIEW,2022,EDGAR possible SA or activist; neurology rare disease; over range likely,https://efts.sec.gov/LATEST/search-index?q=PRTA+%22Prothena+Corporation%22+%22strategic+alternatives%22+%22restructuring%22&forms=8-K&dateRange=custom&startdt=2022-01-01&enddt=2022-12-31,https://efts.sec.gov/LATEST/search-index?q=PRTA+%22Prothena+Corporation%22+%22strategic+alternatives%22+OR+%22financial+advisor%22+OR+%22review+of+strategic+alternatives%22&forms=8-K%2C10-Q%2C10-K&dateRange=custom&startdt=2019-01-01&enddt=2022-12-31,https://efts.sec.gov/LATEST/search-index?q=PRTA+%22Prothena+Corporation%22+%22Item+4%22+OR+%22strategic+alternatives%22+OR+%22maximize+shareholder+value%22&forms=SC+13D%2CSC+13D%2FA&dateRange=custom&startdt=2019-01-01&enddt=2022-12-31,https://efts.sec.gov/LATEST/search-index?q=PRTA+%22Prothena+Corporation%22+%22right+of+first+refusal%22+OR+%22right+of+first+negotiation%22+OR+%22option+to+acquire%22&forms=8-K%2C10-K%2C10-Q%2CEX-10&dateRange=custom&startdt=2019-01-01&enddt=2022-12-31,https://efts.sec.gov/LATEST/search-index?q=PRTA+%22Prothena+Corporation%22+%22background+of+the+merger%22+OR+%22reasons+for+the+merger%22+OR+%22S-4%22&forms=DEFM14A%2CDEF+14A%2CS-4%2C424B3&dateRange=custom&startdt=2019-01-01&enddt=2022-12-31,CANDIDATE,LOW,Likely resolved historical FAILED_REVIEW outcome; mine backward for pre-outcome process signals.,Neurology/rare disease. Had significant pipeline uncertainty. Check for SA signals.
RHC-0154-FAILED_REVIEW-RDHL,RDHL,RedHill Biopharma,FAILED_REVIEW,2022,EDGAR or press release governance/strategy issues; Israeli company on Nasdaq; no sale,https://efts.sec.gov/LATEST/search-index?q=RDHL+%22RedHill+Biopharma%22+%22strategic+alternatives%22+%22restructuring%22&forms=8-K&dateRange=custom&startdt=2022-01-01&enddt=2022-12-31,https://efts.sec.gov/LATEST/search-index?q=RDHL+%22RedHill+Biopharma%22+%22strategic+alternatives%22+OR+%22financial+advisor%22+OR+%22review+of+strategic+alternatives%22&forms=8-K%2C10-Q%2C10-K&dateRange=custom&startdt=2019-01-01&enddt=2022-12-31,https://efts.sec.gov/LATEST/search-index?q=RDHL+%22RedHill+Biopharma%22+%22Item+4%22+OR+%22strategic+alternatives%22+OR+%22maximize+shareholder+value%22&forms=SC+13D%2CSC+13D%2FA&dateRange=custom&startdt=2019-01-01&enddt=2022-12-31,https://efts.sec.gov/LATEST/search-index?q=RDHL+%22RedHill+Biopharma%22+%22right+of+first+refusal%22+OR+%22right+of+first+negotiation%22+OR+%22option+to+acquire%22&forms=8-K%2C10-K%2C10-Q%2CEX-10&dateRange=custom&startdt=2019-01-01&enddt=2022-12-31,https://efts.sec.gov/LATEST/search-index?q=RDHL+%22RedHill+Biopharma%22+%22background+of+the+merger%22+OR+%22reasons+for+the+merger%22+OR+%22S-4%22&forms=DEFM14A%2CDEF+14A%2CS-4%2C424B3&dateRange=custom&startdt=2019-01-01&enddt=2022-12-31,CANDIDATE,LOW,Likely resolved historical FAILED_REVIEW outcome; mine backward for pre-outcome process signals.,Confirm SA-type announcement. Below target mcap range likely. Include as reference.
RHC-0155-FAILED_REVIEW-SPRC,SPRC,SciSparc,FAILED_REVIEW,2022,EDGAR possible SA; CNS rare disease; very small cap; below range,https://efts.sec.gov/LATEST/search-index?q=SPRC+%22SciSparc%22+%22strategic+alternatives%22+%22restructuring%22&forms=8-K&dateRange=custom&startdt=2022-01-01&enddt=2022-12-31,https://efts.sec.gov/LATEST/search-index?q=SPRC+%22SciSparc%22+%22strategic+alternatives%22+OR+%22financial+advisor%22+OR+%22review+of+strategic+alternatives%22&forms=8-K%2C10-Q%2C10-K&dateRange=custom&startdt=2019-01-01&enddt=2022-12-31,https://efts.sec.gov/LATEST/search-index?q=SPRC+%22SciSparc%22+%22Item+4%22+OR+%22strategic+alternatives%22+OR+%22maximize+shareholder+value%22&forms=SC+13D%2CSC+13D%2FA&dateRange=custom&startdt=2019-01-01&enddt=2022-12-31,https://efts.sec.gov/LATEST/search-index?q=SPRC+%22SciSparc%22+%22right+of+first+refusal%22+OR+%22right+of+first+negotiation%22+OR+%22option+to+acquire%22&forms=8-K%2C10-K%2C10-Q%2CEX-10&dateRange=custom&startdt=2019-01-01&enddt=2022-12-31,https://efts.sec.gov/LATEST/search-index?q=SPRC+%22SciSparc%22+%22background+of+the+merger%22+OR+%22reasons+for+the+merger%22+OR+%22S-4%22&forms=DEFM14A%2CDEF+14A%2CS-4%2C424B3&dateRange=custom&startdt=2019-01-01&enddt=2022-12-31,CANDIDATE,LOW,Likely resolved historical FAILED_REVIEW outcome; mine backward for pre-outcome process signals.,Very small cap. Below target range. Include for completeness as reference.
RHC-0156-FAILED_REVIEW-TILS,TILS,Instil Bio,FAILED_REVIEW,2022,EDGAR strategic alternatives announcement; TIL therapy; no deal as of 2025,https://efts.sec.gov/LATEST/search-index?q=TILS+%22Instil+Bio%22+%22strategic+alternatives%22+%22restructuring%22&forms=8-K&dateRange=custom&startdt=2022-01-01&enddt=2022-12-31,https://efts.sec.gov/LATEST/search-index?q=TILS+%22Instil+Bio%22+%22strategic+alternatives%22+OR+%22financial+advisor%22+OR+%22review+of+strategic+alternatives%22&forms=8-K%2C10-Q%2C10-K&dateRange=custom&startdt=2019-01-01&enddt=2022-12-31,https://efts.sec.gov/LATEST/search-index?q=TILS+%22Instil+Bio%22+%22Item+4%22+OR+%22strategic+alternatives%22+OR+%22maximize+shareholder+value%22&forms=SC+13D%2CSC+13D%2FA&dateRange=custom&startdt=2019-01-01&enddt=2022-12-31,https://efts.sec.gov/LATEST/search-index?q=TILS+%22Instil+Bio%22+%22right+of+first+refusal%22+OR+%22right+of+first+negotiation%22+OR+%22option+to+acquire%22&forms=8-K%2C10-K%2C10-Q%2CEX-10&dateRange=custom&startdt=2019-01-01&enddt=2022-12-31,https://efts.sec.gov/LATEST/search-index?q=TILS+%22Instil+Bio%22+%22background+of+the+merger%22+OR+%22reasons+for+the+merger%22+OR+%22S-4%22&forms=DEFM14A%2CDEF+14A%2CS-4%2C424B3&dateRange=custom&startdt=2019-01-01&enddt=2022-12-31,CANDIDATE,LOW,Likely resolved historical FAILED_REVIEW outcome; mine backward for pre-outcome process signals.,TIL cell therapy — announced strategic review. Confirm SA 8-K date.
RHC-0157-FAILED_REVIEW-ADAP,ADAP,Adaptimmune Therapeutics,FAILED_REVIEW,2023,EDGAR restructuring and possible SA; TCR-T cell therapy; UK-listed ADR,https://efts.sec.gov/LATEST/search-index?q=ADAP+%22Adaptimmune+Therapeutics%22+%22strategic+alternatives%22+%22restructuring%22&forms=8-K&dateRange=custom&startdt=2023-01-01&enddt=2023-12-31,https://efts.sec.gov/LATEST/search-index?q=ADAP+%22Adaptimmune+Therapeutics%22+%22strategic+alternatives%22+OR+%22financial+advisor%22+OR+%22review+of+strategic+alternatives%22&forms=8-K%2C10-Q%2C10-K&dateRange=custom&startdt=2020-01-01&enddt=2023-12-31,https://efts.sec.gov/LATEST/search-index?q=ADAP+%22Adaptimmune+Therapeutics%22+%22Item+4%22+OR+%22strategic+alternatives%22+OR+%22maximize+shareholder+value%22&forms=SC+13D%2CSC+13D%2FA&dateRange=custom&startdt=2020-01-01&enddt=2023-12-31,https://efts.sec.gov/LATEST/search-index?q=ADAP+%22Adaptimmune+Therapeutics%22+%22right+of+first+refusal%22+OR+%22right+of+first+negotiation%22+OR+%22option+to+acquire%22&forms=8-K%2C10-K%2C10-Q%2CEX-10&dateRange=custom&startdt=2020-01-01&enddt=2023-12-31,https://efts.sec.gov/LATEST/search-index?q=ADAP+%22Adaptimmune+Therapeutics%22+%22background+of+the+merger%22+OR+%22reasons+for+the+merger%22+OR+%22S-4%22&forms=DEFM14A%2CDEF+14A%2CS-4%2C424B3&dateRange=custom&startdt=2020-01-01&enddt=2023-12-31,CANDIDATE,LOW,Likely resolved historical FAILED_REVIEW outcome; mine backward for pre-outcome process signals.,Cell therapy. UK company on Nasdaq. Had major restructuring 2023 after Glaxo partnership ended. Check for SA language.
RHC-0158-FAILED_REVIEW-ALDX,ALDX,Aldeyra Therapeutics,FAILED_REVIEW,2023,EDGAR possible SA; metabolic disease RASP; check for process signals,https://efts.sec.gov/LATEST/search-index?q=ALDX+%22Aldeyra+Therapeutics%22+%22strategic+alternatives%22+%22restructuring%22&forms=8-K&dateRange=custom&startdt=2023-01-01&enddt=2023-12-31,https://efts.sec.gov/LATEST/search-index?q=ALDX+%22Aldeyra+Therapeutics%22+%22strategic+alternatives%22+OR+%22financial+advisor%22+OR+%22review+of+strategic+alternatives%22&forms=8-K%2C10-Q%2C10-K&dateRange=custom&startdt=2020-01-01&enddt=2023-12-31,https://efts.sec.gov/LATEST/search-index?q=ALDX+%22Aldeyra+Therapeutics%22+%22Item+4%22+OR+%22strategic+alternatives%22+OR+%22maximize+shareholder+value%22&forms=SC+13D%2CSC+13D%2FA&dateRange=custom&startdt=2020-01-01&enddt=2023-12-31,https://efts.sec.gov/LATEST/search-index?q=ALDX+%22Aldeyra+Therapeutics%22+%22right+of+first+refusal%22+OR+%22right+of+first+negotiation%22+OR+%22option+to+acquire%22&forms=8-K%2C10-K%2C10-Q%2CEX-10&dateRange=custom&startdt=2020-01-01&enddt=2023-12-31,https://efts.sec.gov/LATEST/search-index?q=ALDX+%22Aldeyra+Therapeutics%22+%22background+of+the+merger%22+OR+%22reasons+for+the+merger%22+OR+%22S-4%22&forms=DEFM14A%2CDEF+14A%2CS-4%2C424B3&dateRange=custom&startdt=2020-01-01&enddt=2023-12-31,CANDIDATE,LOW,Likely resolved historical FAILED_REVIEW outcome; mine backward for pre-outcome process signals.,Rare metabolic disease. Small cap. Check for SA announcement.
RHC-0159-FAILED_REVIEW-ALGS,ALGS,Aligos Therapeutics,FAILED_REVIEW,2023,EDGAR possible SA or restructuring; HBV RSV; check,https://efts.sec.gov/LATEST/search-index?q=ALGS+%22Aligos+Therapeutics%22+%22strategic+alternatives%22+%22restructuring%22&forms=8-K&dateRange=custom&startdt=2023-01-01&enddt=2023-12-31,https://efts.sec.gov/LATEST/search-index?q=ALGS+%22Aligos+Therapeutics%22+%22strategic+alternatives%22+OR+%22financial+advisor%22+OR+%22review+of+strategic+alternatives%22&forms=8-K%2C10-Q%2C10-K&dateRange=custom&startdt=2020-01-01&enddt=2023-12-31,https://efts.sec.gov/LATEST/search-index?q=ALGS+%22Aligos+Therapeutics%22+%22Item+4%22+OR+%22strategic+alternatives%22+OR+%22maximize+shareholder+value%22&forms=SC+13D%2CSC+13D%2FA&dateRange=custom&startdt=2020-01-01&enddt=2023-12-31,https://efts.sec.gov/LATEST/search-index?q=ALGS+%22Aligos+Therapeutics%22+%22right+of+first+refusal%22+OR+%22right+of+first+negotiation%22+OR+%22option+to+acquire%22&forms=8-K%2C10-K%2C10-Q%2CEX-10&dateRange=custom&startdt=2020-01-01&enddt=2023-12-31,https://efts.sec.gov/LATEST/search-index?q=ALGS+%22Aligos+Therapeutics%22+%22background+of+the+merger%22+OR+%22reasons+for+the+merger%22+OR+%22S-4%22&forms=DEFM14A%2CDEF+14A%2CS-4%2C424B3&dateRange=custom&startdt=2020-01-01&enddt=2023-12-31,CANDIDATE,LOW,Likely resolved historical FAILED_REVIEW outcome; mine backward for pre-outcome process signals.,Antiviral company. Had setbacks. Check for SA or restructuring.
RHC-0160-FAILED_REVIEW-ANNX,ANNX,Annexon Biosciences,FAILED_REVIEW,2023,EDGAR possible SA; neurology complement C1q inhibitor; check,https://efts.sec.gov/LATEST/search-index?q=ANNX+%22Annexon+Biosciences%22+%22strategic+alternatives%22+%22restructuring%22&forms=8-K&dateRange=custom&startdt=2023-01-01&enddt=2023-12-31,https://efts.sec.gov/LATEST/search-index?q=ANNX+%22Annexon+Biosciences%22+%22strategic+alternatives%22+OR+%22financial+advisor%22+OR+%22review+of+strategic+alternatives%22&forms=8-K%2C10-Q%2C10-K&dateRange=custom&startdt=2020-01-01&enddt=2023-12-31,https://efts.sec.gov/LATEST/search-index?q=ANNX+%22Annexon+Biosciences%22+%22Item+4%22+OR+%22strategic+alternatives%22+OR+%22maximize+shareholder+value%22&forms=SC+13D%2CSC+13D%2FA&dateRange=custom&startdt=2020-01-01&enddt=2023-12-31,https://efts.sec.gov/LATEST/search-index?q=ANNX+%22Annexon+Biosciences%22+%22right+of+first+refusal%22+OR+%22right+of+first+negotiation%22+OR+%22option+to+acquire%22&forms=8-K%2C10-K%2C10-Q%2CEX-10&dateRange=custom&startdt=2020-01-01&enddt=2023-12-31,https://efts.sec.gov/LATEST/search-index?q=ANNX+%22Annexon+Biosciences%22+%22background+of+the+merger%22+OR+%22reasons+for+the+merger%22+OR+%22S-4%22&forms=DEFM14A%2CDEF+14A%2CS-4%2C424B3&dateRange=custom&startdt=2020-01-01&enddt=2023-12-31,CANDIDATE,LOW,Likely resolved historical FAILED_REVIEW outcome; mine backward for pre-outcome process signals.,Small neurology biotech. Check for SA or restructuring.
RHC-0161-FAILED_REVIEW-BCAB,BCAB,BioAtla,FAILED_REVIEW,2023,EDGAR possible SA or restructuring; conditional antibodies; check,https://efts.sec.gov/LATEST/search-index?q=BCAB+%22BioAtla%22+%22strategic+alternatives%22+%22restructuring%22&forms=8-K&dateRange=custom&startdt=2023-01-01&enddt=2023-12-31,https://efts.sec.gov/LATEST/search-index?q=BCAB+%22BioAtla%22+%22strategic+alternatives%22+OR+%22financial+advisor%22+OR+%22review+of+strategic+alternatives%22&forms=8-K%2C10-Q%2C10-K&dateRange=custom&startdt=2020-01-01&enddt=2023-12-31,https://efts.sec.gov/LATEST/search-index?q=BCAB+%22BioAtla%22+%22Item+4%22+OR+%22strategic+alternatives%22+OR+%22maximize+shareholder+value%22&forms=SC+13D%2CSC+13D%2FA&dateRange=custom&startdt=2020-01-01&enddt=2023-12-31,https://efts.sec.gov/LATEST/search-index?q=BCAB+%22BioAtla%22+%22right+of+first+refusal%22+OR+%22right+of+first+negotiation%22+OR+%22option+to+acquire%22&forms=8-K%2C10-K%2C10-Q%2CEX-10&dateRange=custom&startdt=2020-01-01&enddt=2023-12-31,https://efts.sec.gov/LATEST/search-index?q=BCAB+%22BioAtla%22+%22background+of+the+merger%22+OR+%22reasons+for+the+merger%22+OR+%22S-4%22&forms=DEFM14A%2CDEF+14A%2CS-4%2C424B3&dateRange=custom&startdt=2020-01-01&enddt=2023-12-31,CANDIDATE,LOW,Likely resolved historical FAILED_REVIEW outcome; mine backward for pre-outcome process signals.,Small antibody-drug conjugate company. Check for SA announcement or deal interest.
RHC-0162-FAILED_REVIEW-BLRX,BLRX,BioLineRx,FAILED_REVIEW,2023,EDGAR possible SA announcement; small Israeli Nasdaq biotech; check,https://efts.sec.gov/LATEST/search-index?q=BLRX+%22BioLineRx%22+%22strategic+alternatives%22+%22restructuring%22&forms=8-K&dateRange=custom&startdt=2023-01-01&enddt=2023-12-31,https://efts.sec.gov/LATEST/search-index?q=BLRX+%22BioLineRx%22+%22strategic+alternatives%22+OR+%22financial+advisor%22+OR+%22review+of+strategic+alternatives%22&forms=8-K%2C10-Q%2C10-K&dateRange=custom&startdt=2020-01-01&enddt=2023-12-31,https://efts.sec.gov/LATEST/search-index?q=BLRX+%22BioLineRx%22+%22Item+4%22+OR+%22strategic+alternatives%22+OR+%22maximize+shareholder+value%22&forms=SC+13D%2CSC+13D%2FA&dateRange=custom&startdt=2020-01-01&enddt=2023-12-31,https://efts.sec.gov/LATEST/search-index?q=BLRX+%22BioLineRx%22+%22right+of+first+refusal%22+OR+%22right+of+first+negotiation%22+OR+%22option+to+acquire%22&forms=8-K%2C10-K%2C10-Q%2CEX-10&dateRange=custom&startdt=2020-01-01&enddt=2023-12-31,https://efts.sec.gov/LATEST/search-index?q=BLRX+%22BioLineRx%22+%22background+of+the+merger%22+OR+%22reasons+for+the+merger%22+OR+%22S-4%22&forms=DEFM14A%2CDEF+14A%2CS-4%2C424B3&dateRange=custom&startdt=2020-01-01&enddt=2023-12-31,CANDIDATE,LOW,Likely resolved historical FAILED_REVIEW outcome; mine backward for pre-outcome process signals.,Very small cap. Likely below target range.
RHC-0163-FAILED_REVIEW-CGEM,CGEM,Cullinan Oncology,FAILED_REVIEW,2023,EDGAR possible SA or restructuring; CLN-081 oncology; check,https://efts.sec.gov/LATEST/search-index?q=CGEM+%22Cullinan+Oncology%22+%22strategic+alternatives%22+%22restructuring%22&forms=8-K&dateRange=custom&startdt=2023-01-01&enddt=2023-12-31,https://efts.sec.gov/LATEST/search-index?q=CGEM+%22Cullinan+Oncology%22+%22strategic+alternatives%22+OR+%22financial+advisor%22+OR+%22review+of+strategic+alternatives%22&forms=8-K%2C10-Q%2C10-K&dateRange=custom&startdt=2020-01-01&enddt=2023-12-31,https://efts.sec.gov/LATEST/search-index?q=CGEM+%22Cullinan+Oncology%22+%22Item+4%22+OR+%22strategic+alternatives%22+OR+%22maximize+shareholder+value%22&forms=SC+13D%2CSC+13D%2FA&dateRange=custom&startdt=2020-01-01&enddt=2023-12-31,https://efts.sec.gov/LATEST/search-index?q=CGEM+%22Cullinan+Oncology%22+%22right+of+first+refusal%22+OR+%22right+of+first+negotiation%22+OR+%22option+to+acquire%22&forms=8-K%2C10-K%2C10-Q%2CEX-10&dateRange=custom&startdt=2020-01-01&enddt=2023-12-31,https://efts.sec.gov/LATEST/search-index?q=CGEM+%22Cullinan+Oncology%22+%22background+of+the+merger%22+OR+%22reasons+for+the+merger%22+OR+%22S-4%22&forms=DEFM14A%2CDEF+14A%2CS-4%2C424B3&dateRange=custom&startdt=2020-01-01&enddt=2023-12-31,CANDIDATE,LOW,Likely resolved historical FAILED_REVIEW outcome; mine backward for pre-outcome process signals.,Small oncology startup. Check for SA signals.
RHC-0164-FAILED_REVIEW-CRVS,CRVS,Corvus Pharmaceuticals,FAILED_REVIEW,2023,EDGAR possible SA; CPI-006 anti-CD73; small cap; check,https://efts.sec.gov/LATEST/search-index?q=CRVS+%22Corvus+Pharmaceuticals%22+%22strategic+alternatives%22+%22restructuring%22&forms=8-K&dateRange=custom&startdt=2023-01-01&enddt=2023-12-31,https://efts.sec.gov/LATEST/search-index?q=CRVS+%22Corvus+Pharmaceuticals%22+%22strategic+alternatives%22+OR+%22financial+advisor%22+OR+%22review+of+strategic+alternatives%22&forms=8-K%2C10-Q%2C10-K&dateRange=custom&startdt=2020-01-01&enddt=2023-12-31,https://efts.sec.gov/LATEST/search-index?q=CRVS+%22Corvus+Pharmaceuticals%22+%22Item+4%22+OR+%22strategic+alternatives%22+OR+%22maximize+shareholder+value%22&forms=SC+13D%2CSC+13D%2FA&dateRange=custom&startdt=2020-01-01&enddt=2023-12-31,https://efts.sec.gov/LATEST/search-index?q=CRVS+%22Corvus+Pharmaceuticals%22+%22right+of+first+refusal%22+OR+%22right+of+first+negotiation%22+OR+%22option+to+acquire%22&forms=8-K%2C10-K%2C10-Q%2CEX-10&dateRange=custom&startdt=2020-01-01&enddt=2023-12-31,https://efts.sec.gov/LATEST/search-index?q=CRVS+%22Corvus+Pharmaceuticals%22+%22background+of+the+merger%22+OR+%22reasons+for+the+merger%22+OR+%22S-4%22&forms=DEFM14A%2CDEF+14A%2CS-4%2C424B3&dateRange=custom&startdt=2020-01-01&enddt=2023-12-31,CANDIDATE,LOW,Likely resolved historical FAILED_REVIEW outcome; mine backward for pre-outcome process signals.,Immuno-oncology. Very small cap. Check for SA or restructuring.
RHC-0165-FAILED_REVIEW-DARE,DARE,Dare Bioscience,FAILED_REVIEW,2023,EDGAR possible SA or restructuring; women's health; small cap,https://efts.sec.gov/LATEST/search-index?q=DARE+%22Dare+Bioscience%22+%22strategic+alternatives%22+%22restructuring%22&forms=8-K&dateRange=custom&startdt=2023-01-01&enddt=2023-12-31,https://efts.sec.gov/LATEST/search-index?q=DARE+%22Dare+Bioscience%22+%22strategic+alternatives%22+OR+%22financial+advisor%22+OR+%22review+of+strategic+alternatives%22&forms=8-K%2C10-Q%2C10-K&dateRange=custom&startdt=2020-01-01&enddt=2023-12-31,https://efts.sec.gov/LATEST/search-index?q=DARE+%22Dare+Bioscience%22+%22Item+4%22+OR+%22strategic+alternatives%22+OR+%22maximize+shareholder+value%22&forms=SC+13D%2CSC+13D%2FA&dateRange=custom&startdt=2020-01-01&enddt=2023-12-31,https://efts.sec.gov/LATEST/search-index?q=DARE+%22Dare+Bioscience%22+%22right+of+first+refusal%22+OR+%22right+of+first+negotiation%22+OR+%22option+to+acquire%22&forms=8-K%2C10-K%2C10-Q%2CEX-10&dateRange=custom&startdt=2020-01-01&enddt=2023-12-31,https://efts.sec.gov/LATEST/search-index?q=DARE+%22Dare+Bioscience%22+%22background+of+the+merger%22+OR+%22reasons+for+the+merger%22+OR+%22S-4%22&forms=DEFM14A%2CDEF+14A%2CS-4%2C424B3&dateRange=custom&startdt=2020-01-01&enddt=2023-12-31,CANDIDATE,LOW,Likely resolved historical FAILED_REVIEW outcome; mine backward for pre-outcome process signals.,Women's health. Very small cap. Check for SA signals.
RHC-0166-FAILED_REVIEW-DMTK,DMTK,DermTech,FAILED_REVIEW,2023,EDGAR possible SA or wind-down; melanoma genomics; check,https://efts.sec.gov/LATEST/search-index?q=DMTK+%22DermTech%22+%22strategic+alternatives%22+%22restructuring%22&forms=8-K&dateRange=custom&startdt=2023-01-01&enddt=2023-12-31,https://efts.sec.gov/LATEST/search-index?q=DMTK+%22DermTech%22+%22strategic+alternatives%22+OR+%22financial+advisor%22+OR+%22review+of+strategic+alternatives%22&forms=8-K%2C10-Q%2C10-K&dateRange=custom&startdt=2020-01-01&enddt=2023-12-31,https://efts.sec.gov/LATEST/search-index?q=DMTK+%22DermTech%22+%22Item+4%22+OR+%22strategic+alternatives%22+OR+%22maximize+shareholder+value%22&forms=SC+13D%2CSC+13D%2FA&dateRange=custom&startdt=2020-01-01&enddt=2023-12-31,https://efts.sec.gov/LATEST/search-index?q=DMTK+%22DermTech%22+%22right+of+first+refusal%22+OR+%22right+of+first+negotiation%22+OR+%22option+to+acquire%22&forms=8-K%2C10-K%2C10-Q%2CEX-10&dateRange=custom&startdt=2020-01-01&enddt=2023-12-31,https://efts.sec.gov/LATEST/search-index?q=DMTK+%22DermTech%22+%22background+of+the+merger%22+OR+%22reasons+for+the+merger%22+OR+%22S-4%22&forms=DEFM14A%2CDEF+14A%2CS-4%2C424B3&dateRange=custom&startdt=2020-01-01&enddt=2023-12-31,CANDIDATE,LOW,Likely resolved historical FAILED_REVIEW outcome; mine backward for pre-outcome process signals.,Genomic dermatology. Very small cap. Check for SA or restructuring.
RHC-0167-FAILED_REVIEW-GOSS,GOSS,Gossamer Bio,FAILED_REVIEW,2023,EDGAR possible SA or wind-down language; pulmonary arterial hypertension seralutinib,https://efts.sec.gov/LATEST/search-index?q=GOSS+%22Gossamer+Bio%22+%22strategic+alternatives%22+%22restructuring%22&forms=8-K&dateRange=custom&startdt=2023-01-01&enddt=2023-12-31,https://efts.sec.gov/LATEST/search-index?q=GOSS+%22Gossamer+Bio%22+%22strategic+alternatives%22+OR+%22financial+advisor%22+OR+%22review+of+strategic+alternatives%22&forms=8-K%2C10-Q%2C10-K&dateRange=custom&startdt=2020-01-01&enddt=2023-12-31,https://efts.sec.gov/LATEST/search-index?q=GOSS+%22Gossamer+Bio%22+%22Item+4%22+OR+%22strategic+alternatives%22+OR+%22maximize+shareholder+value%22&forms=SC+13D%2CSC+13D%2FA&dateRange=custom&startdt=2020-01-01&enddt=2023-12-31,https://efts.sec.gov/LATEST/search-index?q=GOSS+%22Gossamer+Bio%22+%22right+of+first+refusal%22+OR+%22right+of+first+negotiation%22+OR+%22option+to+acquire%22&forms=8-K%2C10-K%2C10-Q%2CEX-10&dateRange=custom&startdt=2020-01-01&enddt=2023-12-31,https://efts.sec.gov/LATEST/search-index?q=GOSS+%22Gossamer+Bio%22+%22background+of+the+merger%22+OR+%22reasons+for+the+merger%22+OR+%22S-4%22&forms=DEFM14A%2CDEF+14A%2CS-4%2C424B3&dateRange=custom&startdt=2020-01-01&enddt=2023-12-31,CANDIDATE,LOW,Likely resolved historical FAILED_REVIEW outcome; mine backward for pre-outcome process signals.,Small cap. Had pipeline setbacks. Check for SA announcement.
RHC-0168-FAILED_REVIEW-HOOK,HOOK,Hookipa Pharma,FAILED_REVIEW,2023,EDGAR possible SA or restructuring; arenavirus immunotherapy platform; small cap,https://efts.sec.gov/LATEST/search-index?q=HOOK+%22Hookipa+Pharma%22+%22strategic+alternatives%22+%22restructuring%22&forms=8-K&dateRange=custom&startdt=2023-01-01&enddt=2023-12-31,https://efts.sec.gov/LATEST/search-index?q=HOOK+%22Hookipa+Pharma%22+%22strategic+alternatives%22+OR+%22financial+advisor%22+OR+%22review+of+strategic+alternatives%22&forms=8-K%2C10-Q%2C10-K&dateRange=custom&startdt=2020-01-01&enddt=2023-12-31,https://efts.sec.gov/LATEST/search-index?q=HOOK+%22Hookipa+Pharma%22+%22Item+4%22+OR+%22strategic+alternatives%22+OR+%22maximize+shareholder+value%22&forms=SC+13D%2CSC+13D%2FA&dateRange=custom&startdt=2020-01-01&enddt=2023-12-31,https://efts.sec.gov/LATEST/search-index?q=HOOK+%22Hookipa+Pharma%22+%22right+of+first+refusal%22+OR+%22right+of+first+negotiation%22+OR+%22option+to+acquire%22&forms=8-K%2C10-K%2C10-Q%2CEX-10&dateRange=custom&startdt=2020-01-01&enddt=2023-12-31,https://efts.sec.gov/LATEST/search-index?q=HOOK+%22Hookipa+Pharma%22+%22background+of+the+merger%22+OR+%22reasons+for+the+merger%22+OR+%22S-4%22&forms=DEFM14A%2CDEF+14A%2CS-4%2C424B3&dateRange=custom&startdt=2020-01-01&enddt=2023-12-31,CANDIDATE,LOW,Likely resolved historical FAILED_REVIEW outcome; mine backward for pre-outcome process signals.,Very small cap. Check for SA or restructuring announcement.
RHC-0169-FAILED_REVIEW-MGTX,MGTX,MeiraGTx Holdings,FAILED_REVIEW,2023,EDGAR possible SA; ophthalmic gene therapy; small-mid cap; check,https://efts.sec.gov/LATEST/search-index?q=MGTX+%22MeiraGTx+Holdings%22+%22strategic+alternatives%22+%22restructuring%22&forms=8-K&dateRange=custom&startdt=2023-01-01&enddt=2023-12-31,https://efts.sec.gov/LATEST/search-index?q=MGTX+%22MeiraGTx+Holdings%22+%22strategic+alternatives%22+OR+%22financial+advisor%22+OR+%22review+of+strategic+alternatives%22&forms=8-K%2C10-Q%2C10-K&dateRange=custom&startdt=2020-01-01&enddt=2023-12-31,https://efts.sec.gov/LATEST/search-index?q=MGTX+%22MeiraGTx+Holdings%22+%22Item+4%22+OR+%22strategic+alternatives%22+OR+%22maximize+shareholder+value%22&forms=SC+13D%2CSC+13D%2FA&dateRange=custom&startdt=2020-01-01&enddt=2023-12-31,https://efts.sec.gov/LATEST/search-index?q=MGTX+%22MeiraGTx+Holdings%22+%22right+of+first+refusal%22+OR+%22right+of+first+negotiation%22+OR+%22option+to+acquire%22&forms=8-K%2C10-K%2C10-Q%2CEX-10&dateRange=custom&startdt=2020-01-01&enddt=2023-12-31,https://efts.sec.gov/LATEST/search-index?q=MGTX+%22MeiraGTx+Holdings%22+%22background+of+the+merger%22+OR+%22reasons+for+the+merger%22+OR+%22S-4%22&forms=DEFM14A%2CDEF+14A%2CS-4%2C424B3&dateRange=custom&startdt=2020-01-01&enddt=2023-12-31,CANDIDATE,LOW,Likely resolved historical FAILED_REVIEW outcome; mine backward for pre-outcome process signals.,Gene therapy ophthalmology. Check for SA signals or deal interest.
RHC-0170-FAILED_REVIEW-NVAX,NVAX,Novavax,FAILED_REVIEW,2023,EDGAR possible SA language after COVID vaccine commercial challenges; check,https://efts.sec.gov/LATEST/search-index?q=NVAX+%22Novavax%22+%22strategic+alternatives%22+%22restructuring%22&forms=8-K&dateRange=custom&startdt=2023-01-01&enddt=2023-12-31,https://efts.sec.gov/LATEST/search-index?q=NVAX+%22Novavax%22+%22strategic+alternatives%22+OR+%22financial+advisor%22+OR+%22review+of+strategic+alternatives%22&forms=8-K%2C10-Q%2C10-K&dateRange=custom&startdt=2020-01-01&enddt=2023-12-31,https://efts.sec.gov/LATEST/search-index?q=NVAX+%22Novavax%22+%22Item+4%22+OR+%22strategic+alternatives%22+OR+%22maximize+shareholder+value%22&forms=SC+13D%2CSC+13D%2FA&dateRange=custom&startdt=2020-01-01&enddt=2023-12-31,https://efts.sec.gov/LATEST/search-index?q=NVAX+%22Novavax%22+%22right+of+first+refusal%22+OR+%22right+of+first+negotiation%22+OR+%22option+to+acquire%22&forms=8-K%2C10-K%2C10-Q%2CEX-10&dateRange=custom&startdt=2020-01-01&enddt=2023-12-31,https://efts.sec.gov/LATEST/search-index?q=NVAX+%22Novavax%22+%22background+of+the+merger%22+OR+%22reasons+for+the+merger%22+OR+%22S-4%22&forms=DEFM14A%2CDEF+14A%2CS-4%2C424B3&dateRange=custom&startdt=2020-01-01&enddt=2023-12-31,CANDIDATE,LOW,Likely resolved historical FAILED_REVIEW outcome; mine backward for pre-outcome process signals.,COVID vaccine company. Post-COVID challenges. Check for SA 8-K. Over $1.5B range likely.
RHC-0171-FAILED_REVIEW-PRAX,PRAX,Praxis Precision Medicine,FAILED_REVIEW,2023,EDGAR possible SA; neurology; check current status,https://efts.sec.gov/LATEST/search-index?q=PRAX+%22Praxis+Precision+Medicine%22+%22strategic+alternatives%22+%22restructuring%22&forms=8-K&dateRange=custom&startdt=2023-01-01&enddt=2023-12-31,https://efts.sec.gov/LATEST/search-index?q=PRAX+%22Praxis+Precision+Medicine%22+%22strategic+alternatives%22+OR+%22financial+advisor%22+OR+%22review+of+strategic+alternatives%22&forms=8-K%2C10-Q%2C10-K&dateRange=custom&startdt=2020-01-01&enddt=2023-12-31,https://efts.sec.gov/LATEST/search-index?q=PRAX+%22Praxis+Precision+Medicine%22+%22Item+4%22+OR+%22strategic+alternatives%22+OR+%22maximize+shareholder+value%22&forms=SC+13D%2CSC+13D%2FA&dateRange=custom&startdt=2020-01-01&enddt=2023-12-31,https://efts.sec.gov/LATEST/search-index?q=PRAX+%22Praxis+Precision+Medicine%22+%22right+of+first+refusal%22+OR+%22right+of+first+negotiation%22+OR+%22option+to+acquire%22&forms=8-K%2C10-K%2C10-Q%2CEX-10&dateRange=custom&startdt=2020-01-01&enddt=2023-12-31,https://efts.sec.gov/LATEST/search-index?q=PRAX+%22Praxis+Precision+Medicine%22+%22background+of+the+merger%22+OR+%22reasons+for+the+merger%22+OR+%22S-4%22&forms=DEFM14A%2CDEF+14A%2CS-4%2C424B3&dateRange=custom&startdt=2020-01-01&enddt=2023-12-31,CANDIDATE,LOW,Likely resolved historical FAILED_REVIEW outcome; mine backward for pre-outcome process signals.,Neurology startup. Check for SA or restructuring announcements.
RHC-0172-FAILED_REVIEW-PRLD,PRLD,Prelude Therapeutics,FAILED_REVIEW,2023,EDGAR possible SA; hematology; WEE1 HIF-2 inhibitors; check,https://efts.sec.gov/LATEST/search-index?q=PRLD+%22Prelude+Therapeutics%22+%22strategic+alternatives%22+%22restructuring%22&forms=8-K&dateRange=custom&startdt=2023-01-01&enddt=2023-12-31,https://efts.sec.gov/LATEST/search-index?q=PRLD+%22Prelude+Therapeutics%22+%22strategic+alternatives%22+OR+%22financial+advisor%22+OR+%22review+of+strategic+alternatives%22&forms=8-K%2C10-Q%2C10-K&dateRange=custom&startdt=2020-01-01&enddt=2023-12-31,https://efts.sec.gov/LATEST/search-index?q=PRLD+%22Prelude+Therapeutics%22+%22Item+4%22+OR+%22strategic+alternatives%22+OR+%22maximize+shareholder+value%22&forms=SC+13D%2CSC+13D%2FA&dateRange=custom&startdt=2020-01-01&enddt=2023-12-31,https://efts.sec.gov/LATEST/search-index?q=PRLD+%22Prelude+Therapeutics%22+%22right+of+first+refusal%22+OR+%22right+of+first+negotiation%22+OR+%22option+to+acquire%22&forms=8-K%2C10-K%2C10-Q%2CEX-10&dateRange=custom&startdt=2020-01-01&enddt=2023-12-31,https://efts.sec.gov/LATEST/search-index?q=PRLD+%22Prelude+Therapeutics%22+%22background+of+the+merger%22+OR+%22reasons+for+the+merger%22+OR+%22S-4%22&forms=DEFM14A%2CDEF+14A%2CS-4%2C424B3&dateRange=custom&startdt=2020-01-01&enddt=2023-12-31,CANDIDATE,LOW,Likely resolved historical FAILED_REVIEW outcome; mine backward for pre-outcome process signals.,Small hematology company. Check for SA or restructuring.
RHC-0173-FAILED_REVIEW-QURE,QURE,uniQure N.V.,FAILED_REVIEW,2023,Strategic review / asset sale candidate; verify 6-K/8-K process language.,https://efts.sec.gov/LATEST/search-index?q=QURE+%22uniQure+N.V.%22+%22strategic+alternatives%22+%22restructuring%22&forms=8-K&dateRange=custom&startdt=2023-01-01&enddt=2023-12-31,https://efts.sec.gov/LATEST/search-index?q=QURE+%22uniQure+N.V.%22+%22strategic+alternatives%22+OR+%22financial+advisor%22+OR+%22review+of+strategic+alternatives%22&forms=8-K%2C10-Q%2C10-K&dateRange=custom&startdt=2020-01-01&enddt=2023-12-31,https://efts.sec.gov/LATEST/search-index?q=QURE+%22uniQure+N.V.%22+%22Item+4%22+OR+%22strategic+alternatives%22+OR+%22maximize+shareholder+value%22&forms=SC+13D%2CSC+13D%2FA&dateRange=custom&startdt=2020-01-01&enddt=2023-12-31,https://efts.sec.gov/LATEST/search-index?q=QURE+%22uniQure+N.V.%22+%22right+of+first+refusal%22+OR+%22right+of+first+negotiation%22+OR+%22option+to+acquire%22&forms=8-K%2C10-K%2C10-Q%2CEX-10&dateRange=custom&startdt=2020-01-01&enddt=2023-12-31,https://efts.sec.gov/LATEST/search-index?q=QURE+%22uniQure+N.V.%22+%22background+of+the+merger%22+OR+%22reasons+for+the+merger%22+OR+%22S-4%22&forms=DEFM14A%2CDEF+14A%2CS-4%2C424B3&dateRange=custom&startdt=2020-01-01&enddt=2023-12-31,CANDIDATE,LOW,Likely resolved historical FAILED_REVIEW outcome; mine backward for pre-outcome process signals.,Candidate only. Outcome and prior process evidence require primary-source verification.
RHC-0174-FAILED_REVIEW-RGNX,RGNX,REGENXBIO,FAILED_REVIEW,2023,EDGAR possible SA or restructuring; gene therapy AAV platform; check,https://efts.sec.gov/LATEST/search-index?q=RGNX+%22REGENXBIO%22+%22strategic+alternatives%22+%22restructuring%22&forms=8-K&dateRange=custom&startdt=2023-01-01&enddt=2023-12-31,https://efts.sec.gov/LATEST/search-index?q=RGNX+%22REGENXBIO%22+%22strategic+alternatives%22+OR+%22financial+advisor%22+OR+%22review+of+strategic+alternatives%22&forms=8-K%2C10-Q%2C10-K&dateRange=custom&startdt=2020-01-01&enddt=2023-12-31,https://efts.sec.gov/LATEST/search-index?q=RGNX+%22REGENXBIO%22+%22Item+4%22+OR+%22strategic+alternatives%22+OR+%22maximize+shareholder+value%22&forms=SC+13D%2CSC+13D%2FA&dateRange=custom&startdt=2020-01-01&enddt=2023-12-31,https://efts.sec.gov/LATEST/search-index?q=RGNX+%22REGENXBIO%22+%22right+of+first+refusal%22+OR+%22right+of+first+negotiation%22+OR+%22option+to+acquire%22&forms=8-K%2C10-K%2C10-Q%2CEX-10&dateRange=custom&startdt=2020-01-01&enddt=2023-12-31,https://efts.sec.gov/LATEST/search-index?q=RGNX+%22REGENXBIO%22+%22background+of+the+merger%22+OR+%22reasons+for+the+merger%22+OR+%22S-4%22&forms=DEFM14A%2CDEF+14A%2CS-4%2C424B3&dateRange=custom&startdt=2020-01-01&enddt=2023-12-31,CANDIDATE,LOW,Likely resolved historical FAILED_REVIEW outcome; mine backward for pre-outcome process signals.,Gene therapy. Had pipeline setbacks. Check for SA language in 8-Ks.
RHC-0175-FAILED_REVIEW-RLAY,RLAY,Relay Therapeutics,FAILED_REVIEW,2023,EDGAR restructuring or SA possible; allosteric oncology; check,https://efts.sec.gov/LATEST/search-index?q=RLAY+%22Relay+Therapeutics%22+%22strategic+alternatives%22+%22restructuring%22&forms=8-K&dateRange=custom&startdt=2023-01-01&enddt=2023-12-31,https://efts.sec.gov/LATEST/search-index?q=RLAY+%22Relay+Therapeutics%22+%22strategic+alternatives%22+OR+%22financial+advisor%22+OR+%22review+of+strategic+alternatives%22&forms=8-K%2C10-Q%2C10-K&dateRange=custom&startdt=2020-01-01&enddt=2023-12-31,https://efts.sec.gov/LATEST/search-index?q=RLAY+%22Relay+Therapeutics%22+%22Item+4%22+OR+%22strategic+alternatives%22+OR+%22maximize+shareholder+value%22&forms=SC+13D%2CSC+13D%2FA&dateRange=custom&startdt=2020-01-01&enddt=2023-12-31,https://efts.sec.gov/LATEST/search-index?q=RLAY+%22Relay+Therapeutics%22+%22right+of+first+refusal%22+OR+%22right+of+first+negotiation%22+OR+%22option+to+acquire%22&forms=8-K%2C10-K%2C10-Q%2CEX-10&dateRange=custom&startdt=2020-01-01&enddt=2023-12-31,https://efts.sec.gov/LATEST/search-index?q=RLAY+%22Relay+Therapeutics%22+%22background+of+the+merger%22+OR+%22reasons+for+the+merger%22+OR+%22S-4%22&forms=DEFM14A%2CDEF+14A%2CS-4%2C424B3&dateRange=custom&startdt=2020-01-01&enddt=2023-12-31,CANDIDATE,LOW,Likely resolved historical FAILED_REVIEW outcome; mine backward for pre-outcome process signals.,Allosteric oncology. Pipeline setbacks. Check for SA or restructuring.
RHC-0176-FAILED_REVIEW-SAGE,SAGE,Sage Therapeutics,FAILED_REVIEW,2023,EDGAR possible SA announcement or strategic review language; Biogen collaboration; ZURZUVAE,https://efts.sec.gov/LATEST/search-index?q=SAGE+%22Sage+Therapeutics%22+%22strategic+alternatives%22+%22restructuring%22&forms=8-K&dateRange=custom&startdt=2023-01-01&enddt=2023-12-31,https://efts.sec.gov/LATEST/search-index?q=SAGE+%22Sage+Therapeutics%22+%22strategic+alternatives%22+OR+%22financial+advisor%22+OR+%22review+of+strategic+alternatives%22&forms=8-K%2C10-Q%2C10-K&dateRange=custom&startdt=2020-01-01&enddt=2023-12-31,https://efts.sec.gov/LATEST/search-index?q=SAGE+%22Sage+Therapeutics%22+%22Item+4%22+OR+%22strategic+alternatives%22+OR+%22maximize+shareholder+value%22&forms=SC+13D%2CSC+13D%2FA&dateRange=custom&startdt=2020-01-01&enddt=2023-12-31,https://efts.sec.gov/LATEST/search-index?q=SAGE+%22Sage+Therapeutics%22+%22right+of+first+refusal%22+OR+%22right+of+first+negotiation%22+OR+%22option+to+acquire%22&forms=8-K%2C10-K%2C10-Q%2CEX-10&dateRange=custom&startdt=2020-01-01&enddt=2023-12-31,https://efts.sec.gov/LATEST/search-index?q=SAGE+%22Sage+Therapeutics%22+%22background+of+the+merger%22+OR+%22reasons+for+the+merger%22+OR+%22S-4%22&forms=DEFM14A%2CDEF+14A%2CS-4%2C424B3&dateRange=custom&startdt=2020-01-01&enddt=2023-12-31,CANDIDATE,LOW,Likely resolved historical FAILED_REVIEW outcome; mine backward for pre-outcome process signals.,SAGE had significant strategic review activity and partnership with Biogen. Check for SA 8-K. Company still public.
RHC-0177-FAILED_REVIEW-SANA,SANA,Sana Biotechnology,FAILED_REVIEW,2023,EDGAR possible SA announcement; cell engineering; significant cash burn,https://efts.sec.gov/LATEST/search-index?q=SANA+%22Sana+Biotechnology%22+%22strategic+alternatives%22+%22restructuring%22&forms=8-K&dateRange=custom&startdt=2023-01-01&enddt=2023-12-31,https://efts.sec.gov/LATEST/search-index?q=SANA+%22Sana+Biotechnology%22+%22strategic+alternatives%22+OR+%22financial+advisor%22+OR+%22review+of+strategic+alternatives%22&forms=8-K%2C10-Q%2C10-K&dateRange=custom&startdt=2020-01-01&enddt=2023-12-31,https://efts.sec.gov/LATEST/search-index?q=SANA+%22Sana+Biotechnology%22+%22Item+4%22+OR+%22strategic+alternatives%22+OR+%22maximize+shareholder+value%22&forms=SC+13D%2CSC+13D%2FA&dateRange=custom&startdt=2020-01-01&enddt=2023-12-31,https://efts.sec.gov/LATEST/search-index?q=SANA+%22Sana+Biotechnology%22+%22right+of+first+refusal%22+OR+%22right+of+first+negotiation%22+OR+%22option+to+acquire%22&forms=8-K%2C10-K%2C10-Q%2CEX-10&dateRange=custom&startdt=2020-01-01&enddt=2023-12-31,https://efts.sec.gov/LATEST/search-index?q=SANA+%22Sana+Biotechnology%22+%22background+of+the+merger%22+OR+%22reasons+for+the+merger%22+OR+%22S-4%22&forms=DEFM14A%2CDEF+14A%2CS-4%2C424B3&dateRange=custom&startdt=2020-01-01&enddt=2023-12-31,CANDIDATE,LOW,Likely resolved historical FAILED_REVIEW outcome; mine backward for pre-outcome process signals.,Large cash burn gene therapy company. Check for any SA signals.
RHC-0178-FAILED_REVIEW-SRRK,SRRK,Scholar Rock,FAILED_REVIEW,2023,EDGAR possible SA; spinal muscular atrophy; check for process signals,https://efts.sec.gov/LATEST/search-index?q=SRRK+%22Scholar+Rock%22+%22strategic+alternatives%22+%22restructuring%22&forms=8-K&dateRange=custom&startdt=2023-01-01&enddt=2023-12-31,https://efts.sec.gov/LATEST/search-index?q=SRRK+%22Scholar+Rock%22+%22strategic+alternatives%22+OR+%22financial+advisor%22+OR+%22review+of+strategic+alternatives%22&forms=8-K%2C10-Q%2C10-K&dateRange=custom&startdt=2020-01-01&enddt=2023-12-31,https://efts.sec.gov/LATEST/search-index?q=SRRK+%22Scholar+Rock%22+%22Item+4%22+OR+%22strategic+alternatives%22+OR+%22maximize+shareholder+value%22&forms=SC+13D%2CSC+13D%2FA&dateRange=custom&startdt=2020-01-01&enddt=2023-12-31,https://efts.sec.gov/LATEST/search-index?q=SRRK+%22Scholar+Rock%22+%22right+of+first+refusal%22+OR+%22right+of+first+negotiation%22+OR+%22option+to+acquire%22&forms=8-K%2C10-K%2C10-Q%2CEX-10&dateRange=custom&startdt=2020-01-01&enddt=2023-12-31,https://efts.sec.gov/LATEST/search-index?q=SRRK+%22Scholar+Rock%22+%22background+of+the+merger%22+OR+%22reasons+for+the+merger%22+OR+%22S-4%22&forms=DEFM14A%2CDEF+14A%2CS-4%2C424B3&dateRange=custom&startdt=2020-01-01&enddt=2023-12-31,CANDIDATE,LOW,Likely resolved historical FAILED_REVIEW outcome; mine backward for pre-outcome process signals.,Rare neurology. Small cap. Check for any SA or strategic signals.
RHC-0179-FAILED_REVIEW-VSTM,VSTM,Verastem Oncology,FAILED_REVIEW,2023,EDGAR possible SA announcement; small cap oncology; check current status,https://efts.sec.gov/LATEST/search-index?q=VSTM+%22Verastem+Oncology%22+%22strategic+alternatives%22+%22restructuring%22&forms=8-K&dateRange=custom&startdt=2023-01-01&enddt=2023-12-31,https://efts.sec.gov/LATEST/search-index?q=VSTM+%22Verastem+Oncology%22+%22strategic+alternatives%22+OR+%22financial+advisor%22+OR+%22review+of+strategic+alternatives%22&forms=8-K%2C10-Q%2C10-K&dateRange=custom&startdt=2020-01-01&enddt=2023-12-31,https://efts.sec.gov/LATEST/search-index?q=VSTM+%22Verastem+Oncology%22+%22Item+4%22+OR+%22strategic+alternatives%22+OR+%22maximize+shareholder+value%22&forms=SC+13D%2CSC+13D%2FA&dateRange=custom&startdt=2020-01-01&enddt=2023-12-31,https://efts.sec.gov/LATEST/search-index?q=VSTM+%22Verastem+Oncology%22+%22right+of+first+refusal%22+OR+%22right+of+first+negotiation%22+OR+%22option+to+acquire%22&forms=8-K%2C10-K%2C10-Q%2CEX-10&dateRange=custom&startdt=2020-01-01&enddt=2023-12-31,https://efts.sec.gov/LATEST/search-index?q=VSTM+%22Verastem+Oncology%22+%22background+of+the+merger%22+OR+%22reasons+for+the+merger%22+OR+%22S-4%22&forms=DEFM14A%2CDEF+14A%2CS-4%2C424B3&dateRange=custom&startdt=2020-01-01&enddt=2023-12-31,CANDIDATE,LOW,Likely resolved historical FAILED_REVIEW outcome; mine backward for pre-outcome process signals.,Very small cap. Check for SA 8-K. May be below target range.
RHC-0180-FAILED_REVIEW-PRME,PRME,Prime Medicine,FAILED_REVIEW,2024,EDGAR restructuring or SA possible; prime editing; check,https://efts.sec.gov/LATEST/search-index?q=PRME+%22Prime+Medicine%22+%22strategic+alternatives%22+%22restructuring%22&forms=8-K&dateRange=custom&startdt=2024-01-01&enddt=2024-12-31,https://efts.sec.gov/LATEST/search-index?q=PRME+%22Prime+Medicine%22+%22strategic+alternatives%22+OR+%22financial+advisor%22+OR+%22review+of+strategic+alternatives%22&forms=8-K%2C10-Q%2C10-K&dateRange=custom&startdt=2021-01-01&enddt=2024-12-31,https://efts.sec.gov/LATEST/search-index?q=PRME+%22Prime+Medicine%22+%22Item+4%22+OR+%22strategic+alternatives%22+OR+%22maximize+shareholder+value%22&forms=SC+13D%2CSC+13D%2FA&dateRange=custom&startdt=2021-01-01&enddt=2024-12-31,https://efts.sec.gov/LATEST/search-index?q=PRME+%22Prime+Medicine%22+%22right+of+first+refusal%22+OR+%22right+of+first+negotiation%22+OR+%22option+to+acquire%22&forms=8-K%2C10-K%2C10-Q%2CEX-10&dateRange=custom&startdt=2021-01-01&enddt=2024-12-31,https://efts.sec.gov/LATEST/search-index?q=PRME+%22Prime+Medicine%22+%22background+of+the+merger%22+OR+%22reasons+for+the+merger%22+OR+%22S-4%22&forms=DEFM14A%2CDEF+14A%2CS-4%2C424B3&dateRange=custom&startdt=2021-01-01&enddt=2024-12-31,CANDIDATE,LOW,Likely resolved historical FAILED_REVIEW outcome; mine backward for pre-outcome process signals.,Gene editing technology. Check for restructuring or SA announcement.
RHC-0181-FAILED_REVIEW-RXRX,RXRX,Recursion Pharmaceuticals,FAILED_REVIEW,2024,EDGAR possible SA after stock decline; AI drug discovery; over range by market cap,https://efts.sec.gov/LATEST/search-index?q=RXRX+%22Recursion+Pharmaceuticals%22+%22strategic+alternatives%22+%22restructuring%22&forms=8-K&dateRange=custom&startdt=2024-01-01&enddt=2024-12-31,https://efts.sec.gov/LATEST/search-index?q=RXRX+%22Recursion+Pharmaceuticals%22+%22strategic+alternatives%22+OR+%22financial+advisor%22+OR+%22review+of+strategic+alternatives%22&forms=8-K%2C10-Q%2C10-K&dateRange=custom&startdt=2021-01-01&enddt=2024-12-31,https://efts.sec.gov/LATEST/search-index?q=RXRX+%22Recursion+Pharmaceuticals%22+%22Item+4%22+OR+%22strategic+alternatives%22+OR+%22maximize+shareholder+value%22&forms=SC+13D%2CSC+13D%2FA&dateRange=custom&startdt=2021-01-01&enddt=2024-12-31,https://efts.sec.gov/LATEST/search-index?q=RXRX+%22Recursion+Pharmaceuticals%22+%22right+of+first+refusal%22+OR+%22right+of+first+negotiation%22+OR+%22option+to+acquire%22&forms=8-K%2C10-K%2C10-Q%2CEX-10&dateRange=custom&startdt=2021-01-01&enddt=2024-12-31,https://efts.sec.gov/LATEST/search-index?q=RXRX+%22Recursion+Pharmaceuticals%22+%22background+of+the+merger%22+OR+%22reasons+for+the+merger%22+OR+%22S-4%22&forms=DEFM14A%2CDEF+14A%2CS-4%2C424B3&dateRange=custom&startdt=2021-01-01&enddt=2024-12-31,CANDIDATE,LOW,Likely resolved historical FAILED_REVIEW outcome; mine backward for pre-outcome process signals.,AI drug discovery. Likely over target range. Include as reference.
RHC-0182-WIND_DOWN-OGEN,OGEN,Otonomy / OGEN,WIND_DOWN,2021,EDGAR wind-down 2021; ear disease; different from OTIC — check ticker; may be same company,https://efts.sec.gov/LATEST/search-index?q=OGEN+%22Otonomy+%2F+OGEN%22+%22wind+down%22+%22cease+operations%22&forms=8-K&dateRange=custom&startdt=2021-01-01&enddt=2021-12-31,https://efts.sec.gov/LATEST/search-index?q=OGEN+%22Otonomy+%2F+OGEN%22+%22strategic+alternatives%22+OR+%22financial+advisor%22+OR+%22review+of+strategic+alternatives%22&forms=8-K%2C10-Q%2C10-K&dateRange=custom&startdt=2018-01-01&enddt=2021-12-31,https://efts.sec.gov/LATEST/search-index?q=OGEN+%22Otonomy+%2F+OGEN%22+%22Item+4%22+OR+%22strategic+alternatives%22+OR+%22maximize+shareholder+value%22&forms=SC+13D%2CSC+13D%2FA&dateRange=custom&startdt=2018-01-01&enddt=2021-12-31,https://efts.sec.gov/LATEST/search-index?q=OGEN+%22Otonomy+%2F+OGEN%22+%22right+of+first+refusal%22+OR+%22right+of+first+negotiation%22+OR+%22option+to+acquire%22&forms=8-K%2C10-K%2C10-Q%2CEX-10&dateRange=custom&startdt=2018-01-01&enddt=2021-12-31,https://efts.sec.gov/LATEST/search-index?q=OGEN+%22Otonomy+%2F+OGEN%22+%22background+of+the+merger%22+OR+%22reasons+for+the+merger%22+OR+%22S-4%22&forms=DEFM14A%2CDEF+14A%2CS-4%2C424B3&dateRange=custom&startdt=2018-01-01&enddt=2021-12-31,CANDIDATE,LOW,Likely resolved historical WIND_DOWN outcome; mine backward for pre-outcome process signals.,Possible duplicate of OTIC — confirm ticker. Remove if same company.
RHC-0183-WIND_DOWN-PULM,PULM,Pulmatrix,WIND_DOWN,2022,EDGAR wind-down or near-bankruptcy; inhaled antifungal; very small cap,https://efts.sec.gov/LATEST/search-index?q=PULM+%22Pulmatrix%22+%22wind+down%22+%22cease+operations%22&forms=8-K&dateRange=custom&startdt=2022-01-01&enddt=2022-12-31,https://efts.sec.gov/LATEST/search-index?q=PULM+%22Pulmatrix%22+%22strategic+alternatives%22+OR+%22financial+advisor%22+OR+%22review+of+strategic+alternatives%22&forms=8-K%2C10-Q%2C10-K&dateRange=custom&startdt=2019-01-01&enddt=2022-12-31,https://efts.sec.gov/LATEST/search-index?q=PULM+%22Pulmatrix%22+%22Item+4%22+OR+%22strategic+alternatives%22+OR+%22maximize+shareholder+value%22&forms=SC+13D%2CSC+13D%2FA&dateRange=custom&startdt=2019-01-01&enddt=2022-12-31,https://efts.sec.gov/LATEST/search-index?q=PULM+%22Pulmatrix%22+%22right+of+first+refusal%22+OR+%22right+of+first+negotiation%22+OR+%22option+to+acquire%22&forms=8-K%2C10-K%2C10-Q%2CEX-10&dateRange=custom&startdt=2019-01-01&enddt=2022-12-31,https://efts.sec.gov/LATEST/search-index?q=PULM+%22Pulmatrix%22+%22background+of+the+merger%22+OR+%22reasons+for+the+merger%22+OR+%22S-4%22&forms=DEFM14A%2CDEF+14A%2CS-4%2C424B3&dateRange=custom&startdt=2019-01-01&enddt=2022-12-31,CANDIDATE,LOW,Likely resolved historical WIND_DOWN outcome; mine backward for pre-outcome process signals.,Below target range likely. Include as bankruptcy false-positive reference if mcap > $50M at signal.
RHC-0184-REVERSE_MERGER-SLGC,SLGC,"SomaLogic, Inc.",REVERSE_MERGER,2024,Life-sciences diagnostics merger candidate; verify with proxy/S-4.,https://efts.sec.gov/LATEST/search-index?q=SLGC+%22SomaLogic%2C+Inc.%22+%22reverse+merger%22+%22strategic+alternatives%22&forms=8-K%2CS-4%2C424B3%2CDEFM14A%2CDEF+14A&dateRange=custom&startdt=2024-01-01&enddt=2024-12-31,https://efts.sec.gov/LATEST/search-index?q=SLGC+%22SomaLogic%2C+Inc.%22+%22strategic+alternatives%22+OR+%22financial+advisor%22+OR+%22review+of+strategic+alternatives%22&forms=8-K%2C10-Q%2C10-K&dateRange=custom&startdt=2021-01-01&enddt=2024-12-31,https://efts.sec.gov/LATEST/search-index?q=SLGC+%22SomaLogic%2C+Inc.%22+%22Item+4%22+OR+%22strategic+alternatives%22+OR+%22maximize+shareholder+value%22&forms=SC+13D%2CSC+13D%2FA&dateRange=custom&startdt=2021-01-01&enddt=2024-12-31,https://efts.sec.gov/LATEST/search-index?q=SLGC+%22SomaLogic%2C+Inc.%22+%22right+of+first+refusal%22+OR+%22right+of+first+negotiation%22+OR+%22option+to+acquire%22&forms=8-K%2C10-K%2C10-Q%2CEX-10&dateRange=custom&startdt=2021-01-01&enddt=2024-12-31,https://efts.sec.gov/LATEST/search-index?q=SLGC+%22SomaLogic%2C+Inc.%22+%22background+of+the+merger%22+OR+%22reasons+for+the+merger%22+OR+%22S-4%22&forms=DEFM14A%2CDEF+14A%2CS-4%2C424B3&dateRange=custom&startdt=2021-01-01&enddt=2024-12-31,CANDIDATE,LOW,Likely resolved historical REVERSE_MERGER outcome; mine backward for pre-outcome process signals.,Candidate only. Outcome and prior process evidence require primary-source verification.
RHC-0185-ASSET_SALE-KNSA,KNSA,"Kiniksa Pharmaceuticals, Ltd.",ASSET_SALE,2021,Program or asset transaction candidate; verify with 8-K asset sale agreement.,https://efts.sec.gov/LATEST/search-index?q=KNSA+%22Kiniksa+Pharmaceuticals%2C+Ltd.%22+%22asset+purchase+agreement%22+%22sale%22&forms=8-K&dateRange=custom&startdt=2021-01-01&enddt=2021-12-31,https://efts.sec.gov/LATEST/search-index?q=KNSA+%22Kiniksa+Pharmaceuticals%2C+Ltd.%22+%22strategic+alternatives%22+OR+%22financial+advisor%22+OR+%22review+of+strategic+alternatives%22&forms=8-K%2C10-Q%2C10-K&dateRange=custom&startdt=2018-01-01&enddt=2021-12-31,https://efts.sec.gov/LATEST/search-index?q=KNSA+%22Kiniksa+Pharmaceuticals%2C+Ltd.%22+%22Item+4%22+OR+%22strategic+alternatives%22+OR+%22maximize+shareholder+value%22&forms=SC+13D%2CSC+13D%2FA&dateRange=custom&startdt=2018-01-01&enddt=2021-12-31,https://efts.sec.gov/LATEST/search-index?q=KNSA+%22Kiniksa+Pharmaceuticals%2C+Ltd.%22+%22right+of+first+refusal%22+OR+%22right+of+first+negotiation%22+OR+%22option+to+acquire%22&forms=8-K%2C10-K%2C10-Q%2CEX-10&dateRange=custom&startdt=2018-01-01&enddt=2021-12-31,https://efts.sec.gov/LATEST/search-index?q=KNSA+%22Kiniksa+Pharmaceuticals%2C+Ltd.%22+%22background+of+the+merger%22+OR+%22reasons+for+the+merger%22+OR+%22S-4%22&forms=DEFM14A%2CDEF+14A%2CS-4%2C424B3&dateRange=custom&startdt=2018-01-01&enddt=2021-12-31,CANDIDATE,LOW,Likely resolved historical ASSET_SALE outcome; mine backward for pre-outcome process signals.,Candidate only. Outcome and prior process evidence require primary-source verification.
RHC-0186-ASSET_SALE-BPMC,BPMC,Blueprint Medicines Corporation,ASSET_SALE,2024,Asset sale / royalty transaction candidate; verify with 8-K agreement before use.,https://efts.sec.gov/LATEST/search-index?q=BPMC+%22Blueprint+Medicines+Corporation%22+%22asset+purchase+agreement%22+%22sale%22&forms=8-K&dateRange=custom&startdt=2024-01-01&enddt=2024-12-31,https://efts.sec.gov/LATEST/search-index?q=BPMC+%22Blueprint+Medicines+Corporation%22+%22strategic+alternatives%22+OR+%22financial+advisor%22+OR+%22review+of+strategic+alternatives%22&forms=8-K%2C10-Q%2C10-K&dateRange=custom&startdt=2021-01-01&enddt=2024-12-31,https://efts.sec.gov/LATEST/search-index?q=BPMC+%22Blueprint+Medicines+Corporation%22+%22Item+4%22+OR+%22strategic+alternatives%22+OR+%22maximize+shareholder+value%22&forms=SC+13D%2CSC+13D%2FA&dateRange=custom&startdt=2021-01-01&enddt=2024-12-31,https://efts.sec.gov/LATEST/search-index?q=BPMC+%22Blueprint+Medicines+Corporation%22+%22right+of+first+refusal%22+OR+%22right+of+first+negotiation%22+OR+%22option+to+acquire%22&forms=8-K%2C10-K%2C10-Q%2CEX-10&dateRange=custom&startdt=2021-01-01&enddt=2024-12-31,https://efts.sec.gov/LATEST/search-index?q=BPMC+%22Blueprint+Medicines+Corporation%22+%22background+of+the+merger%22+OR+%22reasons+for+the+merger%22+OR+%22S-4%22&forms=DEFM14A%2CDEF+14A%2CS-4%2C424B3&dateRange=custom&startdt=2021-01-01&enddt=2024-12-31,CANDIDATE,LOW,Likely resolved historical ASSET_SALE outcome; mine backward for pre-outcome process signals.,Candidate only. Outcome and prior process evidence require primary-source verification.
RHC-0187-CAPITAL_RAISE_AFTER_PROCESS-IMTX,IMTX,Immatics N.V.,CAPITAL_RAISE_AFTER_PROCESS,2023,Financing-after-process candidate only; verify prior process signal first.,https://efts.sec.gov/LATEST/search-index?q=IMTX+%22Immatics+N.V.%22+%22strategic+alternatives%22+%22registered+direct+offering%22&forms=8-K%2CS-3%2C424B5&dateRange=custom&startdt=2023-01-01&enddt=2023-12-31,https://efts.sec.gov/LATEST/search-index?q=IMTX+%22Immatics+N.V.%22+%22strategic+alternatives%22+OR+%22financial+advisor%22+OR+%22review+of+strategic+alternatives%22&forms=8-K%2C10-Q%2C10-K&dateRange=custom&startdt=2020-01-01&enddt=2023-12-31,https://efts.sec.gov/LATEST/search-index?q=IMTX+%22Immatics+N.V.%22+%22Item+4%22+OR+%22strategic+alternatives%22+OR+%22maximize+shareholder+value%22&forms=SC+13D%2CSC+13D%2FA&dateRange=custom&startdt=2020-01-01&enddt=2023-12-31,https://efts.sec.gov/LATEST/search-index?q=IMTX+%22Immatics+N.V.%22+%22right+of+first+refusal%22+OR+%22right+of+first+negotiation%22+OR+%22option+to+acquire%22&forms=8-K%2C10-K%2C10-Q%2CEX-10&dateRange=custom&startdt=2020-01-01&enddt=2023-12-31,https://efts.sec.gov/LATEST/search-index?q=IMTX+%22Immatics+N.V.%22+%22background+of+the+merger%22+OR+%22reasons+for+the+merger%22+OR+%22S-4%22&forms=DEFM14A%2CDEF+14A%2CS-4%2C424B3&dateRange=custom&startdt=2020-01-01&enddt=2023-12-31,CANDIDATE,LOW,Likely resolved historical CAPITAL_RAISE_AFTER_PROCESS outcome; mine backward for pre-outcome process signals.,Candidate only. Outcome and prior process evidence require primary-source verification.
RHC-0188-CAPITAL_RAISE_AFTER_PROCESS-OVID,OVID,Ovid Therapeutics,CAPITAL_RAISE_AFTER_PROCESS,2023,EDGAR capital raise after failed SA process possible; GABA-A epilepsy; check,https://efts.sec.gov/LATEST/search-index?q=OVID+%22Ovid+Therapeutics%22+%22strategic+alternatives%22+%22registered+direct+offering%22&forms=8-K%2CS-3%2C424B5&dateRange=custom&startdt=2023-01-01&enddt=2023-12-31,https://efts.sec.gov/LATEST/search-index?q=OVID+%22Ovid+Therapeutics%22+%22strategic+alternatives%22+OR+%22financial+advisor%22+OR+%22review+of+strategic+alternatives%22&forms=8-K%2C10-Q%2C10-K&dateRange=custom&startdt=2020-01-01&enddt=2023-12-31,https://efts.sec.gov/LATEST/search-index?q=OVID+%22Ovid+Therapeutics%22+%22Item+4%22+OR+%22strategic+alternatives%22+OR+%22maximize+shareholder+value%22&forms=SC+13D%2CSC+13D%2FA&dateRange=custom&startdt=2020-01-01&enddt=2023-12-31,https://efts.sec.gov/LATEST/search-index?q=OVID+%22Ovid+Therapeutics%22+%22right+of+first+refusal%22+OR+%22right+of+first+negotiation%22+OR+%22option+to+acquire%22&forms=8-K%2C10-K%2C10-Q%2CEX-10&dateRange=custom&startdt=2020-01-01&enddt=2023-12-31,https://efts.sec.gov/LATEST/search-index?q=OVID+%22Ovid+Therapeutics%22+%22background+of+the+merger%22+OR+%22reasons+for+the+merger%22+OR+%22S-4%22&forms=DEFM14A%2CDEF+14A%2CS-4%2C424B3&dateRange=custom&startdt=2020-01-01&enddt=2023-12-31,CANDIDATE,LOW,Likely resolved historical CAPITAL_RAISE_AFTER_PROCESS outcome; mine backward for pre-outcome process signals.,Neurology. Check whether any SA process was followed by equity raise.
RHC-0189-ACTIVIST_NO_DEAL-MDXG,MDXG,MiMedx Group,ACTIVIST_NO_DEAL,2020,EDGAR SC 13D or proxy fight; governance activism; no deal,https://efts.sec.gov/LATEST/search-index?q=MDXG+%22MiMedx+Group%22+%22Item+4%22+%22strategic+alternatives%22&forms=SC+13D%2CSC+13D%2FA%2CDEF+14A&dateRange=custom&startdt=2020-01-01&enddt=2020-12-31,https://efts.sec.gov/LATEST/search-index?q=MDXG+%22MiMedx+Group%22+%22strategic+alternatives%22+OR+%22financial+advisor%22+OR+%22review+of+strategic+alternatives%22&forms=8-K%2C10-Q%2C10-K&dateRange=custom&startdt=2017-01-01&enddt=2020-12-31,https://efts.sec.gov/LATEST/search-index?q=MDXG+%22MiMedx+Group%22+%22Item+4%22+OR+%22strategic+alternatives%22+OR+%22maximize+shareholder+value%22&forms=SC+13D%2CSC+13D%2FA&dateRange=custom&startdt=2017-01-01&enddt=2020-12-31,https://efts.sec.gov/LATEST/search-index?q=MDXG+%22MiMedx+Group%22+%22right+of+first+refusal%22+OR+%22right+of+first+negotiation%22+OR+%22option+to+acquire%22&forms=8-K%2C10-K%2C10-Q%2CEX-10&dateRange=custom&startdt=2017-01-01&enddt=2020-12-31,https://efts.sec.gov/LATEST/search-index?q=MDXG+%22MiMedx+Group%22+%22background+of+the+merger%22+OR+%22reasons+for+the+merger%22+OR+%22S-4%22&forms=DEFM14A%2CDEF+14A%2CS-4%2C424B3&dateRange=custom&startdt=2017-01-01&enddt=2020-12-31,CANDIDATE,LOW,Likely resolved historical ACTIVIST_NO_DEAL outcome; mine backward for pre-outcome process signals.,Regenerative medicine. Had governance issues. Check for sale-pressure 13D vs governance-only.
RHC-0190-ACTIVIST_NO_DEAL-RIGL,RIGL,Rigel Pharmaceuticals,ACTIVIST_NO_DEAL,2020,EDGAR SC 13D filing; activist pressure; no acquisition as of 2025,https://efts.sec.gov/LATEST/search-index?q=RIGL+%22Rigel+Pharmaceuticals%22+%22Item+4%22+%22strategic+alternatives%22&forms=SC+13D%2CSC+13D%2FA%2CDEF+14A&dateRange=custom&startdt=2020-01-01&enddt=2020-12-31,https://efts.sec.gov/LATEST/search-index?q=RIGL+%22Rigel+Pharmaceuticals%22+%22strategic+alternatives%22+OR+%22financial+advisor%22+OR+%22review+of+strategic+alternatives%22&forms=8-K%2C10-Q%2C10-K&dateRange=custom&startdt=2017-01-01&enddt=2020-12-31,https://efts.sec.gov/LATEST/search-index?q=RIGL+%22Rigel+Pharmaceuticals%22+%22Item+4%22+OR+%22strategic+alternatives%22+OR+%22maximize+shareholder+value%22&forms=SC+13D%2CSC+13D%2FA&dateRange=custom&startdt=2017-01-01&enddt=2020-12-31,https://efts.sec.gov/LATEST/search-index?q=RIGL+%22Rigel+Pharmaceuticals%22+%22right+of+first+refusal%22+OR+%22right+of+first+negotiation%22+OR+%22option+to+acquire%22&forms=8-K%2C10-K%2C10-Q%2CEX-10&dateRange=custom&startdt=2017-01-01&enddt=2020-12-31,https://efts.sec.gov/LATEST/search-index?q=RIGL+%22Rigel+Pharmaceuticals%22+%22background+of+the+merger%22+OR+%22reasons+for+the+merger%22+OR+%22S-4%22&forms=DEFM14A%2CDEF+14A%2CS-4%2C424B3&dateRange=custom&startdt=2017-01-01&enddt=2020-12-31,CANDIDATE,LOW,Likely resolved historical ACTIVIST_NO_DEAL outcome; mine backward for pre-outcome process signals.,Already in seed. Verify 13D filer and Item 4 text.
RHC-0191-ACTIVIST_NO_DEAL-XOMA,XOMA,XOMA Corporation,ACTIVIST_NO_DEAL,2020,EDGAR SC 13D or proxy; royalty biotech governance activism; no acquisition,https://efts.sec.gov/LATEST/search-index?q=XOMA+%22XOMA+Corporation%22+%22Item+4%22+%22strategic+alternatives%22&forms=SC+13D%2CSC+13D%2FA%2CDEF+14A&dateRange=custom&startdt=2020-01-01&enddt=2020-12-31,https://efts.sec.gov/LATEST/search-index?q=XOMA+%22XOMA+Corporation%22+%22strategic+alternatives%22+OR+%22financial+advisor%22+OR+%22review+of+strategic+alternatives%22&forms=8-K%2C10-Q%2C10-K&dateRange=custom&startdt=2017-01-01&enddt=2020-12-31,https://efts.sec.gov/LATEST/search-index?q=XOMA+%22XOMA+Corporation%22+%22Item+4%22+OR+%22strategic+alternatives%22+OR+%22maximize+shareholder+value%22&forms=SC+13D%2CSC+13D%2FA&dateRange=custom&startdt=2017-01-01&enddt=2020-12-31,https://efts.sec.gov/LATEST/search-index?q=XOMA+%22XOMA+Corporation%22+%22right+of+first+refusal%22+OR+%22right+of+first+negotiation%22+OR+%22option+to+acquire%22&forms=8-K%2C10-K%2C10-Q%2CEX-10&dateRange=custom&startdt=2017-01-01&enddt=2020-12-31,https://efts.sec.gov/LATEST/search-index?q=XOMA+%22XOMA+Corporation%22+%22background+of+the+merger%22+OR+%22reasons+for+the+merger%22+OR+%22S-4%22&forms=DEFM14A%2CDEF+14A%2CS-4%2C424B3&dateRange=custom&startdt=2017-01-01&enddt=2020-12-31,CANDIDATE,LOW,Likely resolved historical ACTIVIST_NO_DEAL outcome; mine backward for pre-outcome process signals.,Royalty/milestone company. Check for sale-pressure vs governance-only 13D.
RHC-0192-ACTIVIST_NO_DEAL-INVA,INVA,Innoviva,ACTIVIST_NO_DEAL,2021,EDGAR SC 13D or proxy; activist pressure; governance-heavy,https://efts.sec.gov/LATEST/search-index?q=INVA+%22Innoviva%22+%22Item+4%22+%22strategic+alternatives%22&forms=SC+13D%2CSC+13D%2FA%2CDEF+14A&dateRange=custom&startdt=2021-01-01&enddt=2021-12-31,https://efts.sec.gov/LATEST/search-index?q=INVA+%22Innoviva%22+%22strategic+alternatives%22+OR+%22financial+advisor%22+OR+%22review+of+strategic+alternatives%22&forms=8-K%2C10-Q%2C10-K&dateRange=custom&startdt=2018-01-01&enddt=2021-12-31,https://efts.sec.gov/LATEST/search-index?q=INVA+%22Innoviva%22+%22Item+4%22+OR+%22strategic+alternatives%22+OR+%22maximize+shareholder+value%22&forms=SC+13D%2CSC+13D%2FA&dateRange=custom&startdt=2018-01-01&enddt=2021-12-31,https://efts.sec.gov/LATEST/search-index?q=INVA+%22Innoviva%22+%22right+of+first+refusal%22+OR+%22right+of+first+negotiation%22+OR+%22option+to+acquire%22&forms=8-K%2C10-K%2C10-Q%2CEX-10&dateRange=custom&startdt=2018-01-01&enddt=2021-12-31,https://efts.sec.gov/LATEST/search-index?q=INVA+%22Innoviva%22+%22background+of+the+merger%22+OR+%22reasons+for+the+merger%22+OR+%22S-4%22&forms=DEFM14A%2CDEF+14A%2CS-4%2C424B3&dateRange=custom&startdt=2018-01-01&enddt=2021-12-31,CANDIDATE,LOW,Likely resolved historical ACTIVIST_NO_DEAL outcome; mine backward for pre-outcome process signals.,Drug royalties company. Check whether 13D was sale-pressure or governance-only — important for Item 4 calibration.
RHC-0193-ACTIVIST_NO_DEAL-LCTX,LCTX,"Lineage Cell Therapeutics, Inc.",ACTIVIST_NO_DEAL,2021,Potential activist/no-deal target; verify SC 13D Item 4.,https://efts.sec.gov/LATEST/search-index?q=LCTX+%22Lineage+Cell+Therapeutics%2C+Inc.%22+%22Item+4%22+%22strategic+alternatives%22&forms=SC+13D%2CSC+13D%2FA%2CDEF+14A&dateRange=custom&startdt=2021-01-01&enddt=2021-12-31,https://efts.sec.gov/LATEST/search-index?q=LCTX+%22Lineage+Cell+Therapeutics%2C+Inc.%22+%22strategic+alternatives%22+OR+%22financial+advisor%22+OR+%22review+of+strategic+alternatives%22&forms=8-K%2C10-Q%2C10-K&dateRange=custom&startdt=2018-01-01&enddt=2021-12-31,https://efts.sec.gov/LATEST/search-index?q=LCTX+%22Lineage+Cell+Therapeutics%2C+Inc.%22+%22Item+4%22+OR+%22strategic+alternatives%22+OR+%22maximize+shareholder+value%22&forms=SC+13D%2CSC+13D%2FA&dateRange=custom&startdt=2018-01-01&enddt=2021-12-31,https://efts.sec.gov/LATEST/search-index?q=LCTX+%22Lineage+Cell+Therapeutics%2C+Inc.%22+%22right+of+first+refusal%22+OR+%22right+of+first+negotiation%22+OR+%22option+to+acquire%22&forms=8-K%2C10-K%2C10-Q%2CEX-10&dateRange=custom&startdt=2018-01-01&enddt=2021-12-31,https://efts.sec.gov/LATEST/search-index?q=LCTX+%22Lineage+Cell+Therapeutics%2C+Inc.%22+%22background+of+the+merger%22+OR+%22reasons+for+the+merger%22+OR+%22S-4%22&forms=DEFM14A%2CDEF+14A%2CS-4%2C424B3&dateRange=custom&startdt=2018-01-01&enddt=2021-12-31,CANDIDATE,LOW,Likely resolved historical ACTIVIST_NO_DEAL outcome; mine backward for pre-outcome process signals.,Candidate only. Outcome and prior process evidence require primary-source verification.
RHC-0194-ACTIVIST_NO_DEAL-PRGO,PRGO,Perrigo Company,ACTIVIST_NO_DEAL,2021,EDGAR SC 13D activist pressure; specialty pharma/OTC; check,https://efts.sec.gov/LATEST/search-index?q=PRGO+%22Perrigo+Company%22+%22Item+4%22+%22strategic+alternatives%22&forms=SC+13D%2CSC+13D%2FA%2CDEF+14A&dateRange=custom&startdt=2021-01-01&enddt=2021-12-31,https://efts.sec.gov/LATEST/search-index?q=PRGO+%22Perrigo+Company%22+%22strategic+alternatives%22+OR+%22financial+advisor%22+OR+%22review+of+strategic+alternatives%22&forms=8-K%2C10-Q%2C10-K&dateRange=custom&startdt=2018-01-01&enddt=2021-12-31,https://efts.sec.gov/LATEST/search-index?q=PRGO+%22Perrigo+Company%22+%22Item+4%22+OR+%22strategic+alternatives%22+OR+%22maximize+shareholder+value%22&forms=SC+13D%2CSC+13D%2FA&dateRange=custom&startdt=2018-01-01&enddt=2021-12-31,https://efts.sec.gov/LATEST/search-index?q=PRGO+%22Perrigo+Company%22+%22right+of+first+refusal%22+OR+%22right+of+first+negotiation%22+OR+%22option+to+acquire%22&forms=8-K%2C10-K%2C10-Q%2CEX-10&dateRange=custom&startdt=2018-01-01&enddt=2021-12-31,https://efts.sec.gov/LATEST/search-index?q=PRGO+%22Perrigo+Company%22+%22background+of+the+merger%22+OR+%22reasons+for+the+merger%22+OR+%22S-4%22&forms=DEFM14A%2CDEF+14A%2CS-4%2C424B3&dateRange=custom&startdt=2018-01-01&enddt=2021-12-31,CANDIDATE,LOW,Likely resolved historical ACTIVIST_NO_DEAL outcome; mine backward for pre-outcome process signals.,Specialty pharma OTC. Activist pressure but mostly governance. Check Item 4.
RHC-0195-ACTIVIST_NO_DEAL-VNDA,VNDA,Vanda Pharmaceuticals,ACTIVIST_NO_DEAL,2021,EDGAR SC 13D filing; activist pressure; no deal as of 2025,https://efts.sec.gov/LATEST/search-index?q=VNDA+%22Vanda+Pharmaceuticals%22+%22Item+4%22+%22strategic+alternatives%22&forms=SC+13D%2CSC+13D%2FA%2CDEF+14A&dateRange=custom&startdt=2021-01-01&enddt=2021-12-31,https://efts.sec.gov/LATEST/search-index?q=VNDA+%22Vanda+Pharmaceuticals%22+%22strategic+alternatives%22+OR+%22financial+advisor%22+OR+%22review+of+strategic+alternatives%22&forms=8-K%2C10-Q%2C10-K&dateRange=custom&startdt=2018-01-01&enddt=2021-12-31,https://efts.sec.gov/LATEST/search-index?q=VNDA+%22Vanda+Pharmaceuticals%22+%22Item+4%22+OR+%22strategic+alternatives%22+OR+%22maximize+shareholder+value%22&forms=SC+13D%2CSC+13D%2FA&dateRange=custom&startdt=2018-01-01&enddt=2021-12-31,https://efts.sec.gov/LATEST/search-index?q=VNDA+%22Vanda+Pharmaceuticals%22+%22right+of+first+refusal%22+OR+%22right+of+first+negotiation%22+OR+%22option+to+acquire%22&forms=8-K%2C10-K%2C10-Q%2CEX-10&dateRange=custom&startdt=2018-01-01&enddt=2021-12-31,https://efts.sec.gov/LATEST/search-index?q=VNDA+%22Vanda+Pharmaceuticals%22+%22background+of+the+merger%22+OR+%22reasons+for+the+merger%22+OR+%22S-4%22&forms=DEFM14A%2CDEF+14A%2CS-4%2C424B3&dateRange=custom&startdt=2018-01-01&enddt=2021-12-31,CANDIDATE,LOW,Likely resolved historical ACTIVIST_NO_DEAL outcome; mine backward for pre-outcome process signals.,Already in seed. Verify 13D filer and dates.
RHC-0196-ACTIVIST_NO_DEAL-AKBA,AKBA,"Akebia Therapeutics, Inc.",ACTIVIST_NO_DEAL,2022,Potential 13D/no-deal candidate; verify Item 4 and no-deal window.,https://efts.sec.gov/LATEST/search-index?q=AKBA+%22Akebia+Therapeutics%2C+Inc.%22+%22Item+4%22+%22strategic+alternatives%22&forms=SC+13D%2CSC+13D%2FA%2CDEF+14A&dateRange=custom&startdt=2022-01-01&enddt=2022-12-31,https://efts.sec.gov/LATEST/search-index?q=AKBA+%22Akebia+Therapeutics%2C+Inc.%22+%22strategic+alternatives%22+OR+%22financial+advisor%22+OR+%22review+of+strategic+alternatives%22&forms=8-K%2C10-Q%2C10-K&dateRange=custom&startdt=2019-01-01&enddt=2022-12-31,https://efts.sec.gov/LATEST/search-index?q=AKBA+%22Akebia+Therapeutics%2C+Inc.%22+%22Item+4%22+OR+%22strategic+alternatives%22+OR+%22maximize+shareholder+value%22&forms=SC+13D%2CSC+13D%2FA&dateRange=custom&startdt=2019-01-01&enddt=2022-12-31,https://efts.sec.gov/LATEST/search-index?q=AKBA+%22Akebia+Therapeutics%2C+Inc.%22+%22right+of+first+refusal%22+OR+%22right+of+first+negotiation%22+OR+%22option+to+acquire%22&forms=8-K%2C10-K%2C10-Q%2CEX-10&dateRange=custom&startdt=2019-01-01&enddt=2022-12-31,https://efts.sec.gov/LATEST/search-index?q=AKBA+%22Akebia+Therapeutics%2C+Inc.%22+%22background+of+the+merger%22+OR+%22reasons+for+the+merger%22+OR+%22S-4%22&forms=DEFM14A%2CDEF+14A%2CS-4%2C424B3&dateRange=custom&startdt=2019-01-01&enddt=2022-12-31,CANDIDATE,LOW,Likely resolved historical ACTIVIST_NO_DEAL outcome; mine backward for pre-outcome process signals.,Candidate only. Outcome and prior process evidence require primary-source verification.
RHC-0197-ACTIVIST_NO_DEAL-AVVW,AVVW,Avita Medical,ACTIVIST_NO_DEAL,2022,EDGAR SC 13D or proxy; regenerative skin; check,https://efts.sec.gov/LATEST/search-index?q=AVVW+%22Avita+Medical%22+%22Item+4%22+%22strategic+alternatives%22&forms=SC+13D%2CSC+13D%2FA%2CDEF+14A&dateRange=custom&startdt=2022-01-01&enddt=2022-12-31,https://efts.sec.gov/LATEST/search-index?q=AVVW+%22Avita+Medical%22+%22strategic+alternatives%22+OR+%22financial+advisor%22+OR+%22review+of+strategic+alternatives%22&forms=8-K%2C10-Q%2C10-K&dateRange=custom&startdt=2019-01-01&enddt=2022-12-31,https://efts.sec.gov/LATEST/search-index?q=AVVW+%22Avita+Medical%22+%22Item+4%22+OR+%22strategic+alternatives%22+OR+%22maximize+shareholder+value%22&forms=SC+13D%2CSC+13D%2FA&dateRange=custom&startdt=2019-01-01&enddt=2022-12-31,https://efts.sec.gov/LATEST/search-index?q=AVVW+%22Avita+Medical%22+%22right+of+first+refusal%22+OR+%22right+of+first+negotiation%22+OR+%22option+to+acquire%22&forms=8-K%2C10-K%2C10-Q%2CEX-10&dateRange=custom&startdt=2019-01-01&enddt=2022-12-31,https://efts.sec.gov/LATEST/search-index?q=AVVW+%22Avita+Medical%22+%22background+of+the+merger%22+OR+%22reasons+for+the+merger%22+OR+%22S-4%22&forms=DEFM14A%2CDEF+14A%2CS-4%2C424B3&dateRange=custom&startdt=2019-01-01&enddt=2022-12-31,CANDIDATE,LOW,Likely resolved historical ACTIVIST_NO_DEAL outcome; mine backward for pre-outcome process signals.,Medical devices/regenerative medicine. Check for 13D and whether biotech-proximate.
RHC-0198-ACTIVIST_NO_DEAL-AVXL,AVXL,Anavex Life Sciences,ACTIVIST_NO_DEAL,2022,EDGAR SC 13D or activist pressure; neurology sigma-1 receptor; small cap,https://efts.sec.gov/LATEST/search-index?q=AVXL+%22Anavex+Life+Sciences%22+%22Item+4%22+%22strategic+alternatives%22&forms=SC+13D%2CSC+13D%2FA%2CDEF+14A&dateRange=custom&startdt=2022-01-01&enddt=2022-12-31,https://efts.sec.gov/LATEST/search-index?q=AVXL+%22Anavex+Life+Sciences%22+%22strategic+alternatives%22+OR+%22financial+advisor%22+OR+%22review+of+strategic+alternatives%22&forms=8-K%2C10-Q%2C10-K&dateRange=custom&startdt=2019-01-01&enddt=2022-12-31,https://efts.sec.gov/LATEST/search-index?q=AVXL+%22Anavex+Life+Sciences%22+%22Item+4%22+OR+%22strategic+alternatives%22+OR+%22maximize+shareholder+value%22&forms=SC+13D%2CSC+13D%2FA&dateRange=custom&startdt=2019-01-01&enddt=2022-12-31,https://efts.sec.gov/LATEST/search-index?q=AVXL+%22Anavex+Life+Sciences%22+%22right+of+first+refusal%22+OR+%22right+of+first+negotiation%22+OR+%22option+to+acquire%22&forms=8-K%2C10-K%2C10-Q%2CEX-10&dateRange=custom&startdt=2019-01-01&enddt=2022-12-31,https://efts.sec.gov/LATEST/search-index?q=AVXL+%22Anavex+Life+Sciences%22+%22background+of+the+merger%22+OR+%22reasons+for+the+merger%22+OR+%22S-4%22&forms=DEFM14A%2CDEF+14A%2CS-4%2C424B3&dateRange=custom&startdt=2019-01-01&enddt=2022-12-31,CANDIDATE,LOW,Likely resolved historical ACTIVIST_NO_DEAL outcome; mine backward for pre-outcome process signals.,Canadian biotech on Nasdaq. Check for activist 13D filing.
RHC-0199-ACTIVIST_NO_DEAL-LUNG,LUNG,Pulmonx Corporation,ACTIVIST_NO_DEAL,2022,EDGAR SC 13D or proxy; medical devices adjacent; check,https://efts.sec.gov/LATEST/search-index?q=LUNG+%22Pulmonx+Corporation%22+%22Item+4%22+%22strategic+alternatives%22&forms=SC+13D%2CSC+13D%2FA%2CDEF+14A&dateRange=custom&startdt=2022-01-01&enddt=2022-12-31,https://efts.sec.gov/LATEST/search-index?q=LUNG+%22Pulmonx+Corporation%22+%22strategic+alternatives%22+OR+%22financial+advisor%22+OR+%22review+of+strategic+alternatives%22&forms=8-K%2C10-Q%2C10-K&dateRange=custom&startdt=2019-01-01&enddt=2022-12-31,https://efts.sec.gov/LATEST/search-index?q=LUNG+%22Pulmonx+Corporation%22+%22Item+4%22+OR+%22strategic+alternatives%22+OR+%22maximize+shareholder+value%22&forms=SC+13D%2CSC+13D%2FA&dateRange=custom&startdt=2019-01-01&enddt=2022-12-31,https://efts.sec.gov/LATEST/search-index?q=LUNG+%22Pulmonx+Corporation%22+%22right+of+first+refusal%22+OR+%22right+of+first+negotiation%22+OR+%22option+to+acquire%22&forms=8-K%2C10-K%2C10-Q%2CEX-10&dateRange=custom&startdt=2019-01-01&enddt=2022-12-31,https://efts.sec.gov/LATEST/search-index?q=LUNG+%22Pulmonx+Corporation%22+%22background+of+the+merger%22+OR+%22reasons+for+the+merger%22+OR+%22S-4%22&forms=DEFM14A%2CDEF+14A%2CS-4%2C424B3&dateRange=custom&startdt=2019-01-01&enddt=2022-12-31,CANDIDATE,LOW,Likely resolved historical ACTIVIST_NO_DEAL outcome; mine backward for pre-outcome process signals.,Medical devices — bronchial valves. Adjacent to biotech. Include as reference only.
RHC-0200-ACTIVIST_NO_DEAL-CRBU,CRBU,Caribou Biosciences,ACTIVIST_NO_DEAL,2023,EDGAR possible activist or SA; CRISPR therapy; check for 13D or SA filing,https://efts.sec.gov/LATEST/search-index?q=CRBU+%22Caribou+Biosciences%22+%22Item+4%22+%22strategic+alternatives%22&forms=SC+13D%2CSC+13D%2FA%2CDEF+14A&dateRange=custom&startdt=2023-01-01&enddt=2023-12-31,https://efts.sec.gov/LATEST/search-index?q=CRBU+%22Caribou+Biosciences%22+%22strategic+alternatives%22+OR+%22financial+advisor%22+OR+%22review+of+strategic+alternatives%22&forms=8-K%2C10-Q%2C10-K&dateRange=custom&startdt=2020-01-01&enddt=2023-12-31,https://efts.sec.gov/LATEST/search-index?q=CRBU+%22Caribou+Biosciences%22+%22Item+4%22+OR+%22strategic+alternatives%22+OR+%22maximize+shareholder+value%22&forms=SC+13D%2CSC+13D%2FA&dateRange=custom&startdt=2020-01-01&enddt=2023-12-31,https://efts.sec.gov/LATEST/search-index?q=CRBU+%22Caribou+Biosciences%22+%22right+of+first+refusal%22+OR+%22right+of+first+negotiation%22+OR+%22option+to+acquire%22&forms=8-K%2C10-K%2C10-Q%2CEX-10&dateRange=custom&startdt=2020-01-01&enddt=2023-12-31,https://efts.sec.gov/LATEST/search-index?q=CRBU+%22Caribou+Biosciences%22+%22background+of+the+merger%22+OR+%22reasons+for+the+merger%22+OR+%22S-4%22&forms=DEFM14A%2CDEF+14A%2CS-4%2C424B3&dateRange=custom&startdt=2020-01-01&enddt=2023-12-31,CANDIDATE,LOW,Likely resolved historical ACTIVIST_NO_DEAL outcome; mine backward for pre-outcome process signals.,Gene editing. Small cap. Check for any process signals.
RHC-0201-ACTIVIST_NO_DEAL-MGNX,MGNX,MacroGenics,ACTIVIST_NO_DEAL,2023,EDGAR SC 13D; activist pressure; no deal as of 2025,https://efts.sec.gov/LATEST/search-index?q=MGNX+%22MacroGenics%22+%22Item+4%22+%22strategic+alternatives%22&forms=SC+13D%2CSC+13D%2FA%2CDEF+14A&dateRange=custom&startdt=2023-01-01&enddt=2023-12-31,https://efts.sec.gov/LATEST/search-index?q=MGNX+%22MacroGenics%22+%22strategic+alternatives%22+OR+%22financial+advisor%22+OR+%22review+of+strategic+alternatives%22&forms=8-K%2C10-Q%2C10-K&dateRange=custom&startdt=2020-01-01&enddt=2023-12-31,https://efts.sec.gov/LATEST/search-index?q=MGNX+%22MacroGenics%22+%22Item+4%22+OR+%22strategic+alternatives%22+OR+%22maximize+shareholder+value%22&forms=SC+13D%2CSC+13D%2FA&dateRange=custom&startdt=2020-01-01&enddt=2023-12-31,https://efts.sec.gov/LATEST/search-index?q=MGNX+%22MacroGenics%22+%22right+of+first+refusal%22+OR+%22right+of+first+negotiation%22+OR+%22option+to+acquire%22&forms=8-K%2C10-K%2C10-Q%2CEX-10&dateRange=custom&startdt=2020-01-01&enddt=2023-12-31,https://efts.sec.gov/LATEST/search-index?q=MGNX+%22MacroGenics%22+%22background+of+the+merger%22+OR+%22reasons+for+the+merger%22+OR+%22S-4%22&forms=DEFM14A%2CDEF+14A%2CS-4%2C424B3&dateRange=custom&startdt=2020-01-01&enddt=2023-12-31,CANDIDATE,LOW,Likely resolved historical ACTIVIST_NO_DEAL outcome; mine backward for pre-outcome process signals.,Antibody therapy. Check 13D filer and Item 4.
RHC-0202-ACTIVIST_NO_DEAL-RARE,RARE,Ultragenyx Pharmaceutical Inc.,ACTIVIST_NO_DEAL,2023,Potential 13D/no-deal calibration target; verify Item 4 and later outcome.,https://efts.sec.gov/LATEST/search-index?q=RARE+%22Ultragenyx+Pharmaceutical+Inc.%22+%22Item+4%22+%22strategic+alternatives%22&forms=SC+13D%2CSC+13D%2FA%2CDEF+14A&dateRange=custom&startdt=2023-01-01&enddt=2023-12-31,https://efts.sec.gov/LATEST/search-index?q=RARE+%22Ultragenyx+Pharmaceutical+Inc.%22+%22strategic+alternatives%22+OR+%22financial+advisor%22+OR+%22review+of+strategic+alternatives%22&forms=8-K%2C10-Q%2C10-K&dateRange=custom&startdt=2020-01-01&enddt=2023-12-31,https://efts.sec.gov/LATEST/search-index?q=RARE+%22Ultragenyx+Pharmaceutical+Inc.%22+%22Item+4%22+OR+%22strategic+alternatives%22+OR+%22maximize+shareholder+value%22&forms=SC+13D%2CSC+13D%2FA&dateRange=custom&startdt=2020-01-01&enddt=2023-12-31,https://efts.sec.gov/LATEST/search-index?q=RARE+%22Ultragenyx+Pharmaceutical+Inc.%22+%22right+of+first+refusal%22+OR+%22right+of+first+negotiation%22+OR+%22option+to+acquire%22&forms=8-K%2C10-K%2C10-Q%2CEX-10&dateRange=custom&startdt=2020-01-01&enddt=2023-12-31,https://efts.sec.gov/LATEST/search-index?q=RARE+%22Ultragenyx+Pharmaceutical+Inc.%22+%22background+of+the+merger%22+OR+%22reasons+for+the+merger%22+OR+%22S-4%22&forms=DEFM14A%2CDEF+14A%2CS-4%2C424B3&dateRange=custom&startdt=2020-01-01&enddt=2023-12-31,CANDIDATE,LOW,Likely resolved historical ACTIVIST_NO_DEAL outcome; mine backward for pre-outcome process signals.,Candidate only. Outcome and prior process evidence require primary-source verification.
RHC-0203-ACTIVIST_NO_DEAL-RCUS,RCUS,"Arcus Biosciences, Inc.",ACTIVIST_NO_DEAL,2023,Potential 13D/no-deal or collaboration-rights target; verify filings first.,https://efts.sec.gov/LATEST/search-index?q=RCUS+%22Arcus+Biosciences%2C+Inc.%22+%22Item+4%22+%22strategic+alternatives%22&forms=SC+13D%2CSC+13D%2FA%2CDEF+14A&dateRange=custom&startdt=2023-01-01&enddt=2023-12-31,https://efts.sec.gov/LATEST/search-index?q=RCUS+%22Arcus+Biosciences%2C+Inc.%22+%22strategic+alternatives%22+OR+%22financial+advisor%22+OR+%22review+of+strategic+alternatives%22&forms=8-K%2C10-Q%2C10-K&dateRange=custom&startdt=2020-01-01&enddt=2023-12-31,https://efts.sec.gov/LATEST/search-index?q=RCUS+%22Arcus+Biosciences%2C+Inc.%22+%22Item+4%22+OR+%22strategic+alternatives%22+OR+%22maximize+shareholder+value%22&forms=SC+13D%2CSC+13D%2FA&dateRange=custom&startdt=2020-01-01&enddt=2023-12-31,https://efts.sec.gov/LATEST/search-index?q=RCUS+%22Arcus+Biosciences%2C+Inc.%22+%22right+of+first+refusal%22+OR+%22right+of+first+negotiation%22+OR+%22option+to+acquire%22&forms=8-K%2C10-K%2C10-Q%2CEX-10&dateRange=custom&startdt=2020-01-01&enddt=2023-12-31,https://efts.sec.gov/LATEST/search-index?q=RCUS+%22Arcus+Biosciences%2C+Inc.%22+%22background+of+the+merger%22+OR+%22reasons+for+the+merger%22+OR+%22S-4%22&forms=DEFM14A%2CDEF+14A%2CS-4%2C424B3&dateRange=custom&startdt=2020-01-01&enddt=2023-12-31,CANDIDATE,LOW,Likely resolved historical ACTIVIST_NO_DEAL outcome; mine backward for pre-outcome process signals.,Candidate only. Outcome and prior process evidence require primary-source verification.
