scan_date,ticker,company,score,conviction_tier,price,mcap_M,runway_Q,phase3_count,revenue_M,is_profitable,sell_pct,has_buying,pt_upside_pct,hotspot_name,is_new_pick,days_tracked,scan_count,first_price,first_tier,dcf_fair_value,dcf_mos_pct,sma_above_short,sma_above_long,has_recent_8k,ev_to_ebitda,roic,fwd_pe,est_trend,num_analysts,beat_rate,consecutive_beats,next_earnings,earnings_imminent,has_activist_13d,activist_filer,strategic_alternatives,has_rofn,named_pharma_partner,top_8k_phrase,has_coc_provisions,coc_payout_estimate,deal_process_score,top_signals,flags,outcome,outcome_date,outcome_price,return_pct,notes
2026-04-28T21:48:43.537895,ABCL,AbCellera Biologics Inc.,85.0,MEDIUM_CONVICTION,4.16,1261.0,12.8,0,75.1,False,0.0,True,384.9,,True,0,0,,,,0.0,True,True,False,-6.49695813027589,-0.1378427271740684,,up,3,67.0,1,2026-05-11,True,False,,False,False,,,True,0,2.0,Strategic Cash Runway (+12pts) | Mid-Cap Acquisition Target (+11pts) | Commercial-Stage Company (+10pts),Change-of-control provisions in DEF 14A (undisclosed estimated payout),PENDING,,,,
2026-04-28T21:48:50.778483,ABUS,Arbutus Biopharma Corporation,94.6,HIGH_CONVICTION,4.15,817.0,17.4,0,14.1,False,0.0,True,104.8,Neuroscience / CNS,True,0,0,,,,0.0,False,True,False,-34.01431639688249,-0.3034017878172703,12.2,up,1,44.0,3,2026-05-13,True,True,Unknown,False,False,Pfizer,,True,0,14.0,Bolt-On Acquisition Sweet Spot (+16pts) | SC 13D Filing: Activist investor (+12pts) | Large Analyst-to-Market Gap (+10pts),ACTIVIST 13D: Unknown (2026-04-28 00:00:00); Change-of-control provisions in DEF 14A (undisclosed estimated payout),PENDING,,,,
2026-04-28T21:48:58.726115,ACAD,ACADIA Pharmaceuticals Inc.,100,HIGH_CONVICTION,22.67,3865.0,16.8,5,1071.5,True,0.02,True,53.4,Neuroscience / CNS,True,0,0,,,,0.0,True,False,False,31.65805052410298,0.08070368078014381,8.7,up,15,89.0,8,2026-05-06,True,False,,False,False,,,True,0,2.0,Deep Phase 3 Pipeline (+25pts) | Commercial-Stage Company (+10pts) | C-Level Insider Buying (+10pts),Change-of-control provisions in DEF 14A (undisclosed estimated payout),PENDING,,,,
2026-04-28T21:49:04.712465,ACCD,"Accolade, Inc.",76.3,WATCH,7.02,576.0,23.2,0,414.3,False,0.0,False,99.0,,True,0,0,,,,0.0,True,True,False,-11.888266745082191,-0.1665037315061319,19.5,up,1,90.0,0,,False,False,,False,False,,,False,0,0.0,Bolt-On Acquisition Sweet Spot (+16pts) | Commercial-Stage Company (+10pts) | Large Analyst-to-Market Gap (+10pts),,PENDING,,,,
2026-04-28T21:49:18.287129,ACLX,"Arcellx, Inc.",71.4,HIGH_CONVICTION,115.05,6728.0,8.4,0,22.3,False,4.05,True,-2.3,ADC / Oncology Platform,True,0,0,,,0.96,-11936.7,True,True,True,-18.62471842561209,-0.49881545544851075,15.5,up,5,56.0,0,2026-05-07,True,True,Unknown,False,True,Gilead,merger agreement,False,0,35,ROFN Clause with Gilead (+35pts) | Strategic Cash Runway (+12pts) | SC 13D Filing: Activist investor (+12pts),"Heavy insider selling (4.1% of mcap) — leadership exiting, not deal prep; ACTIVIST 13D: Unknown (2026-04-28 00:00:00); ROFN clause detected in 8-K — Gilead has acquisition option",PENDING,,,,
2026-04-28T21:49:26.764682,ACRS,"Aclaris Therapeutics, Inc.",81.0,WATCH,4.22,509.0,7.5,0,7.8,False,0.04,True,137.0,Autoimmune / Inflammation,True,0,0,,,,0.0,False,True,True,-5.450324212877506,-0.5769986250245531,,up,3,56.0,0,2026-05-14,False,False,,False,False,Eli Lilly,,True,0,2.0,Bolt-On Acquisition Sweet Spot (+16pts) | Large Analyst-to-Market Gap (+10pts) | C-Level Insider Buying (+10pts),Change-of-control provisions in DEF 14A (undisclosed estimated payout),PENDING,,,,
2026-04-28T21:49:39.240795,ADCT,ADC Therapeutics S.A.,100,HIGH_CONVICTION,3.77,480.0,8.6,1,81.4,False,0.16,True,98.9,ADC / Oncology Platform,True,0,0,,,,0.0,False,True,False,-5.879847668140804,-0.4229114256803973,4.6,up,2,56.0,2,2026-05-04,True,False,,True,False,,strategic alternatives,True,2453150,34.0,STRATEGIC ALTERNATIVES DISCLOSED (+30pts) | Bolt-On Acquisition Sweet Spot (+16pts) | Phase 3 Program (+15pts),STRATEGIC ALTERNATIVES in 8-K — board hired a banker; Change-of-control provisions in DEF 14A ($2.5M estimated payout),PENDING,,,,
2026-04-28T21:49:48.994196,ADMA,"ADMA Biologics, Inc.",94.3,HIGH_CONVICTION,10.9,2532.0,,0,510.2,True,0.17,True,106.4,Rare Disease (ODD),True,0,0,,,,0.0,False,True,False,21.928562320000804,0.2756813082731932,4.7,up,1,67.0,1,2026-05-06,True,False,,False,False,,,True,0,2.0,Mid-Cap Acquisition Target (+11pts) | Commercial-Stage Company (+10pts) | Large Analyst-to-Market Gap (+10pts),Change-of-control provisions in DEF 14A (undisclosed estimated payout),PENDING,,,,
2026-04-28T21:49:55.776070,ADPT,Adaptive Biotechnologies Corporation,90.0,HIGH_CONVICTION,14.04,2162.0,31.8,0,277.0,False,0.59,True,51.4,Autoimmune / Inflammation,True,0,0,,,,0.0,False,True,False,-89.59503080345773,-0.1309010662651845,,down,3,100.0,9,2026-05-05,True,False,,False,False,Pfizer,,True,0,2.0,Mid-Cap Acquisition Target (+11pts) | Commercial-Stage Company (+10pts) | C-Level Insider Buying (+10pts),Moderate insider selling (0.6% of mcap); Change-of-control provisions in DEF 14A (undisclosed estimated payout),PENDING,,,,
2026-04-28T21:50:06.236617,ADUS,Addus HomeCare Corporation,75.5,WATCH,98.84,1843.0,,0,1422.5,True,0.16,False,30.2,Neuroscience / CNS,True,0,0,,,138.4,28.6,True,True,False,13.738447145464026,0.08018362860927082,12.5,up,3,100.0,9,2026-05-04,True,False,,False,False,,,True,3100000,4.0,Mid-Cap Acquisition Target (+11pts) | Commercial-Stage Company (+10pts) | Profitable Operations (+8pts),Change-of-control provisions in DEF 14A ($3.1M estimated payout),PENDING,,,,
2026-04-28T21:50:30.485447,AGIO,"Agios Pharmaceuticals, Inc.",100,HIGH_CONVICTION,24.8,1453.0,9.3,6,54.0,False,0.17,True,55.2,,True,0,0,,,,0.0,False,False,False,-3.3212835259928686,-0.3818457671277085,,up,7,44.0,2,2026-04-29,True,False,,False,False,,,True,0,2.0,Deep Phase 3 Pipeline (+25pts) | Strategic Cash Runway (+12pts) | Mid-Cap Acquisition Target (+11pts),Change-of-control provisions in DEF 14A (undisclosed estimated payout),PENDING,,,,
2026-04-28T21:50:40.089647,AHCO,AdaptHealth Corp.,79.4,MEDIUM_CONVICTION,13.38,1819.0,,0,3244.9,True,0.09,True,-10.3,Neuroscience / CNS,True,0,0,,,29.76,55.0,True,True,False,6.2400090540862525,0.05071321844588296,8.7,up,1,33.0,0,2026-05-05,True,False,,False,False,,,True,1000000,4.0,Mid-Cap Acquisition Target (+11pts) | Commercial-Stage Company (+10pts) | C-Level Insider Buying (+10pts),Change-of-control provisions in DEF 14A ($1.0M estimated payout),PENDING,,,,
2026-04-28T21:50:55.469071,AKRO,"Akero Therapeutics, Inc.",91.0,HIGH_CONVICTION,54.65,4499.0,12.8,3,0.0,False,0.0,False,-11.4,Obesity / Metabolic,True,0,0,,,,0.0,True,True,False,-6.322265060353958,-0.36278142210551334,68.3,up,2,40.0,0,,False,False,,False,False,Novo Nordisk,merger agreement,False,0,27.0,ROFR Clause with Novo Nordisk (+27pts) | Deep Phase 3 Pipeline (+25pts) | Strategic Cash Runway (+12pts),ROFR clause detected in 8-K — Novo Nordisk has acquisition option,PENDING,,,,
2026-04-28T21:51:20.499057,ALKS,Alkermes plc,100,HIGH_CONVICTION,34.14,5689.0,,5,1475.9,True,0.11,True,28.9,Neuroscience / CNS,True,0,0,,,38.77,11.9,True,False,False,10.754605551055933,0.10562730407367017,10.5,up,5,44.0,0,2026-05-05,True,False,,False,False,Johnson & Johnson,,True,0,2.0,Deep Phase 3 Pipeline (+25pts) | Commercial-Stage Company (+10pts) | C-Level Insider Buying (+10pts),Change-of-control provisions in DEF 14A (undisclosed estimated payout),PENDING,,,,
2026-04-28T21:51:31.755616,ALLO,"Allogene Therapeutics, Inc.",92.4,MEDIUM_CONVICTION,2.19,534.0,8.7,0,0.0,False,0.1,True,193.6,Renal / Nephrology,True,0,0,,,,0.0,False,False,False,-1.673451008510901,-0.5397440211168233,2.8,up,5,78.0,3,2026-05-12,True,False,,False,False,,,False,0,0.0,Bolt-On Acquisition Sweet Spot (+16pts) | Strategic Cash Runway (+12pts) | Large Analyst-to-Market Gap (+10pts),,PENDING,,,,
2026-04-28T21:51:40.287186,ALPN,"Alpine Immune Sciences, Inc.",87.0,HIGH_CONVICTION,64.97,4457.0,13.1,1,58.9,False,0.0,False,-15.3,Autoimmune / Inflammation,True,0,0,,,,0.0,True,True,False,-29.260975621358295,-0.13061419665627658,,up,5,50.0,5,,False,False,,False,False,,,False,0,0.0,Phase 3 Program (+15pts) | Strategic Cash Runway (+12pts) | Commercial-Stage Company (+10pts),,PENDING,,,,
2026-04-28T21:51:45.985981,ALVO,Alvotech,81.5,WATCH,3.52,1098.0,2.9,0,586.3,True,0.0,False,144.3,Autoimmune / Inflammation,True,0,0,,,,0.0,True,False,False,8.377003237586932,0.012998072515744738,3.5,up,3,56.0,0,2026-05-06,True,False,,False,False,,,False,0,0.0,Mid-Cap Acquisition Target (+11pts) | Commercial-Stage Company (+10pts) | Large Analyst-to-Market Gap (+10pts),Only 2.9Q runway — verify solvency before entering,PENDING,,,,
2026-04-28T21:52:12.896805,AMPH,"Amphastar Pharmaceuticals, Inc.",85.5,MEDIUM_CONVICTION,21.82,990.0,,0,719.9,True,0.14,True,19.2,,True,0,0,,,92.03,76.3,True,True,False,11.653549780356125,0.07523942087748099,7.3,flat,2,56.0,0,2026-05-06,True,False,,False,False,Eli Lilly,,True,0,2.0,Bolt-On Acquisition Sweet Spot (+16pts) | Commercial-Stage Company (+10pts) | C-Level Insider Buying (+10pts),Change-of-control provisions in DEF 14A (undisclosed estimated payout),PENDING,,,,
2026-04-29T15:01:17.994730,ABCL,AbCellera Biologics Inc.,80,MEDIUM_CONVICTION,3.82,1158.0,12.8,0,75.1,False,0.0,True,428.0,,False,0,1,4.16,MEDIUM_CONVICTION,,0.0,False,True,False,-6.49695813027589,-0.1378427271740684,,up,3,67.0,1,2026-05-11,True,False,,False,False,,,True,0,2.0,Strategic Cash Runway (+12pts) | Mid-Cap Acquisition Target (+11pts) | Commercial-Stage Company (+10pts),Change-of-control provisions in DEF 14A (undisclosed estimated payout); Process-evidence cap applied: no real process signal; score capped at 80,PENDING,,,,
2026-04-29T15:01:25.730122,ABUS,Arbutus Biopharma Corporation,94.6,HIGH_CONVICTION,4.13,813.0,17.4,0,14.1,False,0.0,True,105.8,Neuroscience / CNS,False,0,1,4.15,HIGH_CONVICTION,,0.0,False,False,False,-34.01431639688249,-0.3034017878172703,12.1,up,1,44.0,3,2026-05-13,True,True,Unknown,False,False,Pfizer,,True,0,14.0,Bolt-On Acquisition Sweet Spot (+16pts) | SC 13D Filing: Activist investor (+12pts) | Large Analyst-to-Market Gap (+10pts),ACTIVIST 13D: Unknown (2026-04-28 00:00:00); Change-of-control provisions in DEF 14A (undisclosed estimated payout),PENDING,,,,
2026-04-29T15:01:32.763280,ACAD,ACADIA Pharmaceuticals Inc.,80,MEDIUM_CONVICTION,22.2,3785.0,16.8,5,1071.5,True,0.02,True,56.7,Neuroscience / CNS,False,0,1,22.67,HIGH_CONVICTION,,0.0,True,False,False,31.65805052410298,0.08070368078014381,8.5,up,15,89.0,8,2026-05-06,True,False,,False,False,,,True,0,2.0,Deep Phase 3 Pipeline (+25pts) | Commercial-Stage Company (+10pts) | C-Level Insider Buying (+10pts),Change-of-control provisions in DEF 14A (undisclosed estimated payout); Process-evidence cap applied: no real process signal; score capped at 80,PENDING,,,,
2026-04-29T15:01:38.203878,ACCD,"Accolade, Inc.",76.3,WATCH,7.02,576.0,23.2,0,414.3,False,0.0,False,99.0,,False,0,1,7.02,WATCH,,0.0,True,True,False,-11.888266745082191,-0.1665037315061319,19.5,up,1,90.0,0,,False,False,,False,False,,,False,0,0.0,Bolt-On Acquisition Sweet Spot (+16pts) | Commercial-Stage Company (+10pts) | Large Analyst-to-Market Gap (+10pts),,PENDING,,,,
2026-04-29T15:01:50.427610,ACLX,"Arcellx, Inc.",71.4,HIGH_CONVICTION,115.07,6732.0,8.4,0,22.3,False,4.05,True,-2.3,ADC / Oncology Platform,False,0,1,115.05,HIGH_CONVICTION,0.96,-11938.5,True,True,True,-18.62471842561209,-0.49881545544851075,15.5,up,5,56.0,0,2026-05-07,True,True,Unknown,False,True,Gilead,merger agreement,False,0,35,ROFN Clause with Gilead (+35pts) | Strategic Cash Runway (+12pts) | SC 13D Filing: Activist investor (+12pts),"Heavy insider selling (4.1% of mcap) — leadership exiting, not deal prep; ACTIVIST 13D: Unknown (2026-04-28 00:00:00); ROFN clause detected in 8-K — Gilead has acquisition option",PENDING,,,,
2026-04-29T15:01:58.312247,ACRS,"Aclaris Therapeutics, Inc.",80,WATCH,4.47,539.0,7.5,0,7.8,False,0.04,True,123.7,Autoimmune / Inflammation,False,0,1,4.22,WATCH,,0.0,True,True,True,-5.450324212877506,-0.5769986250245531,,up,3,56.0,0,2026-05-14,True,False,,False,False,Eli Lilly,,True,0,2.0,Bolt-On Acquisition Sweet Spot (+16pts) | Large Analyst-to-Market Gap (+10pts) | C-Level Insider Buying (+10pts),Change-of-control provisions in DEF 14A (undisclosed estimated payout); Process-evidence cap applied: no real process signal; score capped at 80,PENDING,,,,
2026-04-29T15:02:11.218870,ADCT,ADC Therapeutics S.A.,100,HIGH_CONVICTION,3.78,481.0,8.6,1,81.4,False,0.16,True,98.4,ADC / Oncology Platform,False,0,1,3.77,HIGH_CONVICTION,,0.0,False,True,False,-5.879847668140804,-0.4229114256803973,4.6,up,2,56.0,2,2026-05-04,True,False,,True,False,,strategic alternatives,True,2453150,34.0,STRATEGIC ALTERNATIVES DISCLOSED (+30pts) | Bolt-On Acquisition Sweet Spot (+16pts) | Phase 3 Program (+15pts),STRATEGIC ALTERNATIVES in 8-K — board hired a banker; Change-of-control provisions in DEF 14A ($2.5M estimated payout),PENDING,,,,
2026-04-29T15:02:25.271573,ADMA,"ADMA Biologics, Inc.",80,MEDIUM_CONVICTION,10.6,2463.0,,0,510.2,True,0.18,True,112.3,Rare Disease (ODD),False,0,1,10.9,HIGH_CONVICTION,,0.0,False,True,False,21.928562320000804,0.2756813082731932,4.5,up,1,67.0,1,2026-05-06,True,False,,False,False,,,True,0,2.0,Mid-Cap Acquisition Target (+11pts) | Commercial-Stage Company (+10pts) | Large Analyst-to-Market Gap (+10pts),Change-of-control provisions in DEF 14A (undisclosed estimated payout); Process-evidence cap applied: no real process signal; score capped at 80,PENDING,,,,
2026-04-29T15:02:31.247511,ADPT,Adaptive Biotechnologies Corporation,80,MEDIUM_CONVICTION,13.53,2083.0,31.8,0,277.0,False,0.61,True,57.1,Autoimmune / Inflammation,False,0,1,14.04,HIGH_CONVICTION,,0.0,False,True,False,-89.59503080345773,-0.1309010662651845,,down,3,100.0,9,2026-05-05,True,False,,False,False,Pfizer,,True,0,2.0,Mid-Cap Acquisition Target (+11pts) | Commercial-Stage Company (+10pts) | C-Level Insider Buying (+10pts),Moderate insider selling (0.6% of mcap); Change-of-control provisions in DEF 14A (undisclosed estimated payout); Process-evidence cap applied: no real process signal; score capped at 80,PENDING,,,,
2026-04-29T15:02:38.831487,ADUS,Addus HomeCare Corporation,77.5,WATCH,96.96,1808.0,,0,1422.5,True,0.17,False,32.7,Neuroscience / CNS,False,0,1,98.84,WATCH,138.68,30.1,True,True,False,13.738447145464026,0.08018362860927082,12.2,up,3,100.0,9,2026-05-04,True,False,,False,False,,,True,3100000,4.0,Mid-Cap Acquisition Target (+11pts) | Commercial-Stage Company (+10pts) | Profitable Operations (+8pts),Change-of-control provisions in DEF 14A ($3.1M estimated payout),PENDING,,,,
2026-04-29T15:02:56.199467,AGIO,"Agios Pharmaceuticals, Inc.",80,MEDIUM_CONVICTION,28.05,1644.0,6.9,6,54.0,False,0.15,True,37.3,,False,0,1,24.8,HIGH_CONVICTION,,0.0,True,False,True,-3.3212835259928686,-0.3818457671277085,,up,7,56.0,3,2026-07-30,False,False,,False,False,,,True,0,2.0,Deep Phase 3 Pipeline (+25pts) | Mid-Cap Acquisition Target (+11pts) | Commercial-Stage Company (+10pts),Change-of-control provisions in DEF 14A (undisclosed estimated payout); Process-evidence cap applied: no real process signal; score capped at 80,PENDING,,,,
2026-04-29T15:03:05.352079,AHCO,AdaptHealth Corp.,79.4,MEDIUM_CONVICTION,13.08,1778.0,,0,3244.9,True,0.09,True,-8.3,Neuroscience / CNS,False,0,1,13.38,MEDIUM_CONVICTION,30.21,56.7,True,True,False,6.2400090540862525,0.05071321844588296,8.5,up,1,33.0,0,2026-05-05,True,False,,False,False,,,True,1000000,4.0,Mid-Cap Acquisition Target (+11pts) | Commercial-Stage Company (+10pts) | C-Level Insider Buying (+10pts),Change-of-control provisions in DEF 14A ($1.0M estimated payout),PENDING,,,,
2026-04-29T15:03:18.932098,AKRO,"Akero Therapeutics, Inc.",91.0,HIGH_CONVICTION,54.65,4499.0,12.8,3,0.0,False,0.0,False,-11.4,Obesity / Metabolic,False,0,1,54.65,HIGH_CONVICTION,,0.0,True,True,False,-6.322265060353958,-0.36278142210551334,68.3,up,2,40.0,0,,False,False,,False,False,Novo Nordisk,merger agreement,False,0,27.0,ROFR Clause with Novo Nordisk (+27pts) | Deep Phase 3 Pipeline (+25pts) | Strategic Cash Runway (+12pts),ROFR clause detected in 8-K — Novo Nordisk has acquisition option,PENDING,,,,
2026-04-29T15:03:48.966159,ALKS,Alkermes plc,80,MEDIUM_CONVICTION,33.71,5618.0,,5,1475.9,True,0.12,True,30.5,Neuroscience / CNS,False,0,1,34.14,HIGH_CONVICTION,38.09,11.5,False,False,False,10.754605551055933,0.10562730407367017,10.4,up,5,44.0,0,2026-05-05,True,False,,False,False,Johnson & Johnson,,True,0,2.0,Deep Phase 3 Pipeline (+25pts) | Commercial-Stage Company (+10pts) | C-Level Insider Buying (+10pts),Change-of-control provisions in DEF 14A (undisclosed estimated payout); Process-evidence cap applied: no real process signal; score capped at 80,PENDING,,,,
2026-04-29T15:03:58.498380,ALLO,"Allogene Therapeutics, Inc.",80,MEDIUM_CONVICTION,2.11,515.0,8.7,0,0.0,False,0.1,True,204.7,Renal / Nephrology,False,0,1,2.19,MEDIUM_CONVICTION,,0.0,False,False,False,-1.673451008510901,-0.5397440211168233,2.7,up,5,78.0,3,2026-05-12,True,False,,False,False,,,False,0,0.0,Bolt-On Acquisition Sweet Spot (+16pts) | Strategic Cash Runway (+12pts) | Large Analyst-to-Market Gap (+10pts),Process-evidence cap applied: no real process signal; score capped at 80,PENDING,,,,
2026-04-29T15:04:07.014008,ALPN,"Alpine Immune Sciences, Inc.",80,MEDIUM_CONVICTION,64.97,4457.0,13.1,1,58.9,False,0.0,False,-15.3,Autoimmune / Inflammation,False,0,1,64.97,HIGH_CONVICTION,,0.0,True,True,False,-29.260975621358295,-0.13061419665627658,,up,5,50.0,5,,False,False,,False,False,,,False,0,0.0,Phase 3 Program (+15pts) | Strategic Cash Runway (+12pts) | Commercial-Stage Company (+10pts),Process-evidence cap applied: no real process signal; score capped at 80,PENDING,,,,
2026-04-29T15:04:12.373989,ALVO,Alvotech,79.5,WATCH,3.3,1030.0,2.9,0,586.3,True,0.0,False,160.6,Autoimmune / Inflammation,False,0,1,3.52,WATCH,,0.0,False,False,False,8.377003237586932,0.012998072515744738,3.3,up,3,56.0,0,2026-05-06,True,False,,False,False,,,False,0,0.0,Mid-Cap Acquisition Target (+11pts) | Commercial-Stage Company (+10pts) | Large Analyst-to-Market Gap (+10pts),Only 2.9Q runway — verify solvency before entering,PENDING,,,,
2026-04-29T15:04:33.264526,AMPH,"Amphastar Pharmaceuticals, Inc.",80,MEDIUM_CONVICTION,21.63,963.0,,0,719.9,True,0.14,True,20.2,,False,0,1,21.82,MEDIUM_CONVICTION,89.32,75.8,False,True,False,11.653549780356125,0.07523942087748099,7.2,flat,2,56.0,0,2026-05-06,True,False,,False,False,Eli Lilly,,True,0,2.0,Bolt-On Acquisition Sweet Spot (+16pts) | Commercial-Stage Company (+10pts) | C-Level Insider Buying (+10pts),Change-of-control provisions in DEF 14A (undisclosed estimated payout); Process-evidence cap applied: no real process signal; score capped at 80,PENDING,,,,
2026-04-30T15:10:47.014618,ABCL,AbCellera Biologics Inc.,80,MEDIUM_CONVICTION,4.15,1258.0,12.8,0,75.1,False,0.0,True,386.0,,False,1,2,4.16,MEDIUM_CONVICTION,,0.0,True,True,False,-6.49695813027589,-0.1378427271740684,,up,3,67.0,1,2026-05-11,True,False,,False,False,,,True,0,2.0,Strategic Cash Runway (+12pts) | Mid-Cap Acquisition Target (+11pts) | Commercial-Stage Company (+10pts),Change-of-control provisions in DEF 14A (undisclosed estimated payout); Process-evidence cap applied: no real process signal; score capped at 80,PENDING,,,,
2026-04-30T15:10:55.755257,ABUS,Arbutus Biopharma Corporation,94.3,HIGH_CONVICTION,4.2,827.0,17.4,0,14.1,False,0.0,True,102.4,Neuroscience / CNS,False,1,2,4.15,HIGH_CONVICTION,,0.0,False,False,False,-34.01431639688249,-0.3034017878172703,12.4,up,1,44.0,3,2026-05-13,True,True,Unknown,False,False,Pfizer,,True,0,13.7,Bolt-On Acquisition Sweet Spot (+16pts) | SC 13D Filing: Activist investor (+12pts) | Large Analyst-to-Market Gap (+10pts),ACTIVIST 13D: Unknown (2026-04-28 00:00:00); Change-of-control provisions in DEF 14A (undisclosed estimated payout),PENDING,,,,
2026-04-30T15:11:03.199150,ACAD,ACADIA Pharmaceuticals Inc.,80,MEDIUM_CONVICTION,22.45,3828.0,16.8,5,1071.5,True,0.02,True,54.9,Neuroscience / CNS,False,1,2,22.67,HIGH_CONVICTION,,0.0,True,True,False,31.65805052410298,0.08070368078014381,8.6,up,15,89.0,8,2026-05-06,True,False,,False,False,,,True,0,2.0,Deep Phase 3 Pipeline (+25pts) | Commercial-Stage Company (+10pts) | C-Level Insider Buying (+10pts),Change-of-control provisions in DEF 14A (undisclosed estimated payout); Process-evidence cap applied: no real process signal; score capped at 80,PENDING,,,,
2026-04-30T15:11:08.790652,ACCD,"Accolade, Inc.",76.3,WATCH,7.02,576.0,23.2,0,414.3,False,0.0,False,99.0,,False,1,2,7.02,WATCH,,0.0,True,True,False,-11.888266745082191,-0.1665037315061319,19.5,up,1,90.0,0,,False,False,,False,False,,,False,0,0.0,Bolt-On Acquisition Sweet Spot (+16pts) | Commercial-Stage Company (+10pts) | Large Analyst-to-Market Gap (+10pts),,PENDING,,,,
2026-04-30T15:11:23.639067,ACLX,"Arcellx, Inc.",71.4,HIGH_CONVICTION,115.07,6732.0,8.4,0,22.3,False,4.05,True,-2.3,ADC / Oncology Platform,False,1,2,115.05,HIGH_CONVICTION,0.94,-12168.8,True,True,True,-18.62471842561209,-0.49881545544851075,15.5,up,5,56.0,0,2026-05-07,True,True,Unknown,False,True,Gilead,merger agreement,False,0,35,ROFN Clause with Gilead (+35pts) | Strategic Cash Runway (+12pts) | SC 13D Filing: Activist investor (+12pts),"Heavy insider selling (4.1% of mcap) — leadership exiting, not deal prep; ACTIVIST 13D: Unknown (2026-04-28 00:00:00); ROFN clause detected in 8-K — Gilead has acquisition option",PENDING,,,,
2026-04-30T15:11:31.324380,ACRS,"Aclaris Therapeutics, Inc.",80,WATCH,4.34,523.0,7.5,0,7.8,False,0.04,True,130.4,Autoimmune / Inflammation,False,1,2,4.22,WATCH,,0.0,True,True,True,-5.450324212877506,-0.5769986250245531,,up,3,56.0,0,2026-05-14,True,False,,False,False,Eli Lilly,,True,0,2.0,Bolt-On Acquisition Sweet Spot (+16pts) | Large Analyst-to-Market Gap (+10pts) | C-Level Insider Buying (+10pts),Change-of-control provisions in DEF 14A (undisclosed estimated payout); Process-evidence cap applied: no real process signal; score capped at 80,PENDING,,,,
2026-04-30T15:11:43.407594,ADCT,ADC Therapeutics S.A.,80,MEDIUM_CONVICTION,3.775,480.0,8.6,1,81.4,False,0.16,True,98.7,ADC / Oncology Platform,False,1,2,3.77,HIGH_CONVICTION,,0.0,False,True,False,-5.879847668140804,-0.4229114256803973,4.6,up,2,56.0,2,2026-05-04,True,False,,True,False,,strategic alternatives,True,2453150,12.0,Bolt-On Acquisition Sweet Spot (+16pts) | Phase 3 Program (+15pts) | Strategic Cash Runway (+12pts),Strategic alternatives in 8-K (boilerplate — cap not cleared); Change-of-control provisions in DEF 14A ($2.5M estimated payout); Process-evidence cap applied: no real process signal; score capped at 80,PENDING,,,,
2026-04-30T15:11:50.029876,ADMA,"ADMA Biologics, Inc.",80,MEDIUM_CONVICTION,10.25,2381.0,,0,510.2,True,0.18,True,119.5,Rare Disease (ODD),False,1,2,10.9,HIGH_CONVICTION,,0.0,False,True,False,21.928562320000804,0.2756813082731932,4.4,up,1,67.0,1,2026-05-06,True,False,,False,False,,,True,0,2.0,Mid-Cap Acquisition Target (+11pts) | Commercial-Stage Company (+10pts) | Large Analyst-to-Market Gap (+10pts),Change-of-control provisions in DEF 14A (undisclosed estimated payout); Process-evidence cap applied: no real process signal; score capped at 80,PENDING,,,,
2026-04-30T15:11:57.744467,ADPT,Adaptive Biotechnologies Corporation,80,MEDIUM_CONVICTION,14.1,2171.0,31.8,0,277.0,False,0.61,True,50.7,Autoimmune / Inflammation,False,1,2,14.04,HIGH_CONVICTION,,0.0,False,True,False,-89.59503080345773,-0.1309010662651845,,down,3,100.0,9,2026-05-05,True,False,,False,False,Pfizer,,True,0,2.0,Mid-Cap Acquisition Target (+11pts) | Commercial-Stage Company (+10pts) | C-Level Insider Buying (+10pts),Moderate insider selling (0.6% of mcap); Change-of-control provisions in DEF 14A (undisclosed estimated payout); Process-evidence cap applied: no real process signal; score capped at 80,PENDING,,,,
2026-04-30T15:12:06.971220,ADUS,Addus HomeCare Corporation,71.5,WATCH,96.89,1806.0,,0,1422.5,True,0.17,False,32.8,Neuroscience / CNS,False,1,2,98.84,WATCH,137.33,29.4,True,True,False,13.738447145464026,0.08018362860927082,12.2,up,3,100.0,9,2026-05-04,True,False,,False,False,,,True,3100000,4.0,Mid-Cap Acquisition Target (+11pts) | Commercial-Stage Company (+10pts) | Profitable Operations (+8pts),Change-of-control provisions in DEF 14A ($3.1M estimated payout),PENDING,,,,
2026-04-30T15:12:26.566094,AGIO,"Agios Pharmaceuticals, Inc.",80,MEDIUM_CONVICTION,28,1641.0,6.9,6,54.0,False,0.15,True,34.8,,False,1,2,24.8,HIGH_CONVICTION,,0.0,True,False,True,-3.3212835259928686,-0.3818457671277085,,up,7,56.0,3,2026-07-30,False,False,,False,False,,,True,0,2.0,Deep Phase 3 Pipeline (+25pts) | Mid-Cap Acquisition Target (+11pts) | Commercial-Stage Company (+10pts),Change-of-control provisions in DEF 14A (undisclosed estimated payout); Process-evidence cap applied: no real process signal; score capped at 80,PENDING,,,,
2026-04-30T15:12:34.536485,AHCO,AdaptHealth Corp.,79.4,MEDIUM_CONVICTION,13.11,1782.0,,0,3244.9,True,0.09,True,-8.5,Neuroscience / CNS,False,1,2,13.38,MEDIUM_CONVICTION,29.87,56.1,True,True,False,6.2400090540862525,0.05071321844588296,8.5,up,1,33.0,0,2026-05-05,True,False,,False,False,,,True,1000000,4.0,Mid-Cap Acquisition Target (+11pts) | Commercial-Stage Company (+10pts) | C-Level Insider Buying (+10pts),Change-of-control provisions in DEF 14A ($1.0M estimated payout),PENDING,,,,
2026-04-30T15:12:48.447981,AKRO,"Akero Therapeutics, Inc.",91.0,HIGH_CONVICTION,54.65,4499.0,12.8,3,0.0,False,0.0,False,-11.4,Obesity / Metabolic,False,1,2,54.65,HIGH_CONVICTION,,0.0,True,True,False,-6.322265060353958,-0.36278142210551334,68.3,up,2,40.0,0,,False,False,,False,False,Novo Nordisk,merger agreement,False,0,27.0,ROFR Clause with Novo Nordisk (+27pts) | Deep Phase 3 Pipeline (+25pts) | Strategic Cash Runway (+12pts),ROFR clause detected in 8-K — Novo Nordisk has acquisition option,PENDING,,,,
2026-04-30T15:13:10.206734,ALKS,Alkermes plc,80,MEDIUM_CONVICTION,33.71,5618.0,,5,1475.9,True,0.12,True,30.5,Neuroscience / CNS,False,1,2,34.14,HIGH_CONVICTION,38.34,12.1,False,False,False,10.754605551055933,0.10562730407367017,10.4,up,5,44.0,0,2026-05-05,True,False,,False,False,Johnson & Johnson,,True,0,2.0,Deep Phase 3 Pipeline (+25pts) | Commercial-Stage Company (+10pts) | C-Level Insider Buying (+10pts),Change-of-control provisions in DEF 14A (undisclosed estimated payout); Process-evidence cap applied: no real process signal; score capped at 80,PENDING,,,,
2026-04-30T15:13:19.883019,ALLO,"Allogene Therapeutics, Inc.",80,MEDIUM_CONVICTION,2.13,519.0,8.7,0,0.0,False,0.1,True,201.9,Renal / Nephrology,False,1,2,2.19,MEDIUM_CONVICTION,,0.0,False,False,False,-1.673451008510901,-0.5397440211168233,2.7,up,5,78.0,3,2026-05-12,True,False,,False,False,,,False,0,0.0,Bolt-On Acquisition Sweet Spot (+16pts) | Strategic Cash Runway (+12pts) | Large Analyst-to-Market Gap (+10pts),Process-evidence cap applied: no real process signal; score capped at 80,PENDING,,,,
2026-04-30T15:13:29.683953,ALPN,"Alpine Immune Sciences, Inc.",80,MEDIUM_CONVICTION,64.97,4457.0,13.1,1,58.9,False,0.0,False,-15.3,Autoimmune / Inflammation,False,1,2,64.97,HIGH_CONVICTION,,0.0,True,True,False,-29.260975621358295,-0.13061419665627658,,up,5,50.0,5,,False,False,,False,False,,,False,0,0.0,Phase 3 Program (+15pts) | Strategic Cash Runway (+12pts) | Commercial-Stage Company (+10pts),Process-evidence cap applied: no real process signal; score capped at 80,PENDING,,,,
2026-04-30T15:13:35.103392,ALVO,Alvotech,80,WATCH,3.34,1042.0,2.9,1,586.3,True,0.0,False,157.5,Autoimmune / Inflammation,False,1,2,3.52,WATCH,,0.0,False,False,False,8.377003237586932,0.012998072515744738,3.3,up,3,56.0,0,2026-05-06,True,False,,False,False,,,False,0,0.0,Phase 3 Program (+15pts) | Mid-Cap Acquisition Target (+11pts) | Commercial-Stage Company (+10pts),Only 2.9Q runway — verify solvency before entering; Process-evidence cap applied: no real process signal; score capped at 80,PENDING,,,,
2026-04-30T15:13:55.979287,AMPH,"Amphastar Pharmaceuticals, Inc.",80,MEDIUM_CONVICTION,21.96,978.0,,1,719.9,True,0.14,True,18.4,,False,1,2,21.82,MEDIUM_CONVICTION,89.71,75.5,True,True,False,11.653549780356125,0.07523942087748099,7.3,flat,2,56.0,0,2026-05-06,True,False,,False,False,Eli Lilly,,True,0,2.0,Bolt-On Acquisition Sweet Spot (+16pts) | Phase 3 Program (+15pts) | Commercial-Stage Company (+10pts),Change-of-control provisions in DEF 14A (undisclosed estimated payout); Process-evidence cap applied: no real process signal; score capped at 80,PENDING,,,,
2026-04-30T15:14:05.119630,AMRN,Amarin Corporation plc,75.5,WATCH,13.93,288.0,,0,182.8,False,0.06,True,-84.4,,True,0,0,,,0.33,-4074.4,False,False,True,-136.50310873594762,-0.027331154335322152,77.4,up,1,44.0,0,2026-07-29,False,False,,False,False,,,True,16247909,10.0,Bolt-On Acquisition Sweet Spot (+16pts) | Commercial-Stage Company (+10pts) | C-Level Insider Buying (+10pts),Change-of-control provisions in DEF 14A ($16.2M estimated payout),PENDING,,,,
2026-04-30T15:14:21.170662,ANAB,"AnaptysBio, Inc.",80,MEDIUM_CONVICTION,65.73,2834.0,11.4,0,234.6,True,1.23,True,12.4,,True,0,0,,,,0.0,True,True,False,13.395665255668833,0.14609120024401404,17.0,up,6,78.0,6,2026-05-04,True,False,,False,False,Biogen,,False,0,0.0,Strategic Cash Runway (+12pts) | Mid-Cap Acquisition Target (+11pts) | Commercial-Stage Company (+10pts),Moderate insider selling (1.2% of mcap); Process-evidence cap applied: no real process signal; score capped at 80,PENDING,,,,
2026-04-30T15:14:39.516498,ANIK,"Anika Therapeutics, Inc.",80,MEDIUM_CONVICTION,12.45,167.0,8.5,0,112.8,False,0.35,True,0,,True,0,0,,,3.63,-243.0,False,False,True,-56.986254089422026,-0.06563832693838277,23.9,up,1,33.0,3,2026-07-29,False,False,,False,False,Johnson & Johnson,,True,0,2.0,Bolt-On Acquisition Sweet Spot (+16pts) | Strategic Cash Runway (+12pts) | Commercial-Stage Company (+10pts),Change-of-control provisions in DEF 14A (undisclosed estimated payout); Process-evidence cap applied: no real process signal; score capped at 80,PENDING,,,,
2026-04-30T15:14:45.932335,ANIP,"ANI Pharmaceuticals, Inc.",80,MEDIUM_CONVICTION,79.45,1808.0,,0,883.4,True,0.91,True,56.1,Neuroscience / CNS,True,0,0,,,1130.96,93.0,False,True,False,7.828482061871586,0.05631817671625445,5.9,up,2,100.0,9,2026-05-08,True,False,,False,False,,,True,1000000.0,4.0,Mid-Cap Acquisition Target (+11pts) | Commercial-Stage Company (+10pts) | C-Level Insider Buying (+10pts),Moderate insider selling (0.9% of mcap); Change-of-control provisions in DEF 14A ($1.0M estimated payout); Process-evidence cap applied: no real process signal; score capped at 80,PENDING,,,,
2026-04-30T15:14:53.180341,ANNX,"Annexon, Inc.",80,MEDIUM_CONVICTION,5.87,702.0,4.9,2,0.0,False,0.04,True,172.6,Autoimmune / Inflammation,True,0,0,,,0.79,-645.1,False,True,False,-3.0070653903263986,-0.9098503672498097,2.2,up,2,56.0,1,2026-05-11,True,False,,False,False,,,True,0,2.0,Dual Phase 3 Programs (+20pts) | Bolt-On Acquisition Sweet Spot (+16pts) | Large Analyst-to-Market Gap (+10pts),Change-of-control provisions in DEF 14A (undisclosed estimated payout); Process-evidence cap applied: no real process signal; score capped at 80,PENDING,,,,
2026-04-30T15:15:02.713739,APLS,"Apellis Pharmaceuticals, Inc.",100,HIGH_CONVICTION,40.95,5235.0,33.0,3,1003.8,True,0.0,True,-13.6,Autoimmune / Inflammation,True,0,0,,,,0.0,True,True,False,45.492819201371525,0.06037969637709708,16.7,up,9,44.0,0,2026-05-06,True,False,,False,False,Biogen,merger agreement,False,0,0.0,Deep Phase 3 Pipeline (+25pts) | Commercial-Stage Company (+10pts) | C-Level Insider Buying (+10pts),,PENDING,,,,
2026-04-30T15:15:23.342504,ARCT,Arcturus Therapeutics Holdings Inc.,80,MEDIUM_CONVICTION,8.62,245.0,13.8,0,67.2,False,0.0,False,161.0,Obesity / Metabolic,True,0,0,,,,0.0,False,True,False,0.5287754761573752,-0.3136415560939481,,up,5,78.0,0,2026-05-07,True,False,,False,False,Abbvie,,True,1691000,4.0,Bolt-On Acquisition Sweet Spot (+16pts) | Strategic Cash Runway (+12pts) | Commercial-Stage Company (+10pts),Change-of-control provisions in DEF 14A ($1.7M estimated payout); Process-evidence cap applied: no real process signal; score capped at 80,PENDING,,,,
2026-04-30T15:15:31.534145,ARDX,"Ardelyx, Inc.",80,MEDIUM_CONVICTION,6.33,1552.0,7.4,3,407.3,False,0.09,True,168.6,Renal / Nephrology,True,0,0,,,,0.0,True,False,True,-53.09096639015528,-0.09886411341494603,2.8,up,6,56.0,0,2026-04-30,False,False,,False,False,,,True,760246,2.0,Deep Phase 3 Pipeline (+25pts) | Mid-Cap Acquisition Target (+11pts) | Commercial-Stage Company (+10pts),Change-of-control provisions in DEF 14A ($0.8M estimated payout); Process-evidence cap applied: no real process signal; score capped at 80,PENDING,,,,
2026-04-30T15:15:44.228898,ARQT,"Arcutis Biotherapeutics, Inc.",80,MEDIUM_CONVICTION,23.22,2880.0,126.0,0,376.1,False,0.19,True,52.9,Autoimmune / Inflammation,True,0,0,,,,0.0,False,False,False,1475.0945,-0.04020254163447153,7.8,up,7,89.0,8,2026-05-06,True,False,,False,False,Pfizer,,True,1000000.0,4.0,Mid-Cap Acquisition Target (+11pts) | Commercial-Stage Company (+10pts) | C-Level Insider Buying (+10pts),Change-of-control provisions in DEF 14A ($1.0M estimated payout); Process-evidence cap applied: no real process signal; score capped at 80,PENDING,,,,
2026-04-30T15:15:51.877958,ARVN,"Arvinas, Inc.",80,MEDIUM_CONVICTION,9.9,633.0,15.3,0,262.6,False,0.14,True,31.3,ADC / Oncology Platform,True,0,0,,,,0.0,False,False,False,-8.437104913678619,-0.19909894299081615,,up,6,78.0,0,2026-04-30,False,False,,False,False,Pfizer,,True,0,2.0,Bolt-On Acquisition Sweet Spot (+16pts) | Strategic Cash Runway (+12pts) | Commercial-Stage Company (+10pts),Change-of-control provisions in DEF 14A (undisclosed estimated payout); Process-evidence cap applied: no real process signal; score capped at 80,PENDING,,,,
2026-04-30T15:16:00.617535,ARWR,"Arrowhead Pharmaceuticals, Inc.",75.4,WATCH,73.48,10290.0,,7,829.4,True,0.02,False,10.5,Autoimmune / Inflammation,True,0,0,,,,0.0,True,True,False,28.837469633908096,0.04645537469483231,20.2,up,5,11.0,0,2026-05-07,True,False,,False,False,,,True,0,2.0,Deep Phase 3 Pipeline (+25pts) | Commercial-Stage Company (+10pts) | Acquisition Pattern Match (+9pts),Change-of-control provisions in DEF 14A (undisclosed estimated payout),PENDING,,,,
2026-04-30T15:16:09.177166,ASMB,"Assembly Biosciences, Inc.",70.5,WATCH,26.95,427.0,16.4,0,72.3,False,0.0,False,48.4,Neuroscience / CNS,True,0,0,,,,0.0,False,False,False,-27.146706592709982,-0.05787590923636086,,up,1,78.0,1,2026-05-07,True,False,,False,False,Gilead,,False,0,0.0,Bolt-On Acquisition Sweet Spot (+16pts) | Commercial-Stage Company (+10pts) | Strategic Price Discount (+8pts),,PENDING,,,,
2026-04-30T15:16:34.213195,ATRC,"AtriCure, Inc.",73.5,WATCH,28.11,1423.0,,0,534.5,False,0.41,True,80.3,,True,0,0,,,,0.0,False,False,False,111.38618736919857,-0.005986661572128243,26.8,up,2,78.0,6,2026-05-05,True,False,,False,False,,,True,0,2.0,Mid-Cap Acquisition Target (+11pts) | Commercial-Stage Company (+10pts) | Large Analyst-to-Market Gap (+10pts),Change-of-control provisions in DEF 14A (undisclosed estimated payout),PENDING,,,,
2026-04-30T15:16:48.403488,AUPH,Aurinia Pharmaceuticals Inc.,100,HIGH_CONVICTION,15.385,2046.0,,0,283.1,True,0.3,True,0.7,Autoimmune / Inflammation,True,0,0,,,,0.0,False,True,False,16.732959055081132,0.15532390854730085,9.4,up,2,89.0,2,2026-05-11,True,False,,False,False,Astrazeneca,right of first refusal,True,0,35,ROFR Clause with Astrazeneca (+35pts) | Mid-Cap Acquisition Target (+11pts) | Commercial-Stage Company (+10pts),ROFR clause detected in 8-K — Astrazeneca has acquisition option; Change-of-control provisions in DEF 14A (undisclosed estimated payout),PENDING,,,,
2026-04-30T15:16:57.688606,AURA,"Aura Biosciences, Inc.",80,MEDIUM_CONVICTION,7.05,452.0,7.1,1,0.0,False,0.14,True,222.7,,True,0,0,,,0.67,-945.9,False,True,False,-2.5675875732120153,-0.7310324713202411,,up,1,67.0,3,2026-05-21,False,False,,False,False,,,True,0,2.0,Bolt-On Acquisition Sweet Spot (+16pts) | Phase 3 Program (+15pts) | Large Analyst-to-Market Gap (+10pts),Change-of-control provisions in DEF 14A (undisclosed estimated payout); Process-evidence cap applied: no real process signal; score capped at 80,PENDING,,,,
2026-04-30T15:17:33.241655,AXSM,"Axsome Therapeutics, Inc.",80,MEDIUM_CONVICTION,207.75,10627.0,17.3,6,638.5,False,0.23,True,7.3,Neuroscience / CNS,True,0,0,,,,0.0,True,True,False,-53.56988267653481,-0.43950416245045043,7.7,up,13,78.0,0,2026-05-04,True,False,,False,False,,,True,0,2.0,Deep Phase 3 Pipeline (+25pts) | Commercial-Stage Company (+10pts) | C-Level Insider Buying (+10pts),Change-of-control provisions in DEF 14A (undisclosed estimated payout); Process-evidence cap applied: no real process signal; score capped at 80,PENDING,,,,
2026-04-30T15:17:42.000417,BBIO,"BridgeBio Pharma, Inc.",80,MEDIUM_CONVICTION,71.11,13786.0,7.1,0,502.1,False,0.25,True,41.4,Renal / Nephrology,True,0,0,,,,0.0,False,False,False,-25.62899343720463,-1.0845681353425587,7.9,up,14,44.0,0,2026-05-05,True,False,,False,False,Genentech,exclusive license agreement,True,0,14.0,Deep Partnership with Genentech (+12pts) | Commercial-Stage Company (+10pts) | C-Level Insider Buying (+10pts),Exclusive/co-dev agreement with Genentech detected in 8-K; Change-of-control provisions in DEF 14A (undisclosed estimated payout); Process-evidence cap applied: no real process signal; score capped at 80,PENDING,,,,
2026-04-30T15:18:03.433302,BCYC,Bicycle Therapeutics plc,80,MEDIUM_CONVICTION,4.72,327.0,13.2,0,72.6,False,0.02,True,127.8,Rare Disease (ODD),True,0,0,,,,0.0,False,False,True,0.4337466791200181,-0.3724397739002573,9.6,up,6,70.0,0,,False,False,,False,False,Novartis,,True,0,2.0,Bolt-On Acquisition Sweet Spot (+16pts) | Strategic Cash Runway (+12pts) | Commercial-Stage Company (+10pts),Change-of-control provisions in DEF 14A (undisclosed estimated payout); Process-evidence cap applied: no real process signal; score capped at 80,PENDING,,,,
2026-04-30T15:18:11.870418,BEAM,Beam Therapeutics Inc.,72.9,WATCH,30.33,3116.0,15.1,0,139.7,False,0.19,True,34.6,,True,0,0,,,,0.0,True,True,False,-91.58843011863785,-0.2743395924227409,,up,6,67.0,1,2026-05-05,True,False,,False,False,,,True,0,2.0,Strategic Cash Runway (+12pts) | Commercial-Stage Company (+10pts) | C-Level Insider Buying (+10pts),Change-of-control provisions in DEF 14A (undisclosed estimated payout),PENDING,,,,
2026-04-30T15:18:20.265598,BHVN,Biohaven Ltd.,79.3,WATCH,9.59,1015.0,2.3,5,0.0,False,0.0,True,122.0,,True,0,0,,,,0.0,False,True,False,-1.7375380457016074,-2.2216069123998174,14.5,up,6,22.0,2,2026-05-11,True,False,,False,False,Regeneron,,True,0,2.0,Deep Phase 3 Pipeline (+25pts) | Mid-Cap Acquisition Target (+11pts) | Large Analyst-to-Market Gap (+10pts),Only 2.3Q runway — verify solvency before entering; Change-of-control provisions in DEF 14A (undisclosed estimated payout),PENDING,,,,
2026-04-30T15:18:38.931145,BMRN,BioMarin Pharmaceutical Inc.,100,HIGH_CONVICTION,53.91,10368.0,,7,3221.3,True,0.05,True,66.3,Rare Disease (ODD),True,0,0,,,10.2,-428.5,False,False,True,18.726516417191448,0.05637025140139638,6.4,up,6,89.0,0,2026-05-04,True,False,,False,False,,merger agreement,False,0,0.0,Deep Phase 3 Pipeline (+25pts) | Commercial-Stage Company (+10pts) | Large Analyst-to-Market Gap (+10pts),,PENDING,,,,
2026-04-30T15:18:52.293202,BPMC,Blueprint Medicines Corporation,76.8,WATCH,129.46,8361.0,13.7,2,508.8,False,0.0,False,-12.7,ADC / Oncology Platform,True,0,0,,,,0.0,True,True,False,304.12184361027346,-0.21719588642602533,15.7,up,11,80.0,0,,False,False,,False,False,Sanofi,merger agreement,False,0,0.0,Dual Phase 3 Programs (+20pts) | Strategic Cash Runway (+12pts) | Commercial-Stage Company (+10pts),,PENDING,,,,
2026-04-30T15:19:15.294058,CABA,"Cabaletta Bio, Inc.",80,MEDIUM_CONVICTION,2.99,288.0,3.8,1,0.0,False,0.0,True,446.2,Autoimmune / Inflammation,True,0,0,,,0.49,-508.0,False,False,False,-0.9852091782291391,-1.2378170162918885,3.0,up,7,22.0,2,2026-05-21,False,False,,False,False,,,True,0,2.0,Bolt-On Acquisition Sweet Spot (+16pts) | Phase 3 Program (+15pts) | Large Analyst-to-Market Gap (+10pts),Only 3.8Q runway — verify solvency before entering; Change-of-control provisions in DEF 14A (undisclosed estimated payout); Process-evidence cap applied: no real process signal; score capped at 80,PENDING,,,,
2026-04-30T15:19:34.857306,CAPR,"Capricor Therapeutics, Inc.",80,MEDIUM_CONVICTION,33.58,1535.0,14.7,1,0.0,False,0.39,True,42.2,Rare Disease (ODD),True,0,0,,,5.71,-488.1,False,True,False,-9.935670055324413,-0.33097618293451736,4.7,up,3,33.0,0,2026-05-12,True,False,,False,False,,,True,0,2.0,Phase 3 Program (+15pts) | Strategic Cash Runway (+12pts) | Mid-Cap Acquisition Target (+11pts),Change-of-control provisions in DEF 14A (undisclosed estimated payout); Process-evidence cap applied: no real process signal; score capped at 80,PENDING,,,,
2026-04-30T15:19:53.237405,CCCC,"C4 Therapeutics, Inc.",80,MEDIUM_CONVICTION,2.83,234.0,9.3,0,35.9,False,0.09,True,147.3,ADC / Oncology Platform,True,0,0,,,,0.0,False,True,False,-1.3963835502458364,-0.31433771547185707,0.7,up,3,67.0,4,2026-05-06,True,False,,False,False,Roche,collaboration and license,True,0,7.0,Bolt-On Acquisition Sweet Spot (+16pts) | Strategic Cash Runway (+12pts) | Large Analyst-to-Market Gap (+10pts),Exclusive/co-dev agreement with Roche detected in 8-K; Change-of-control provisions in DEF 14A (undisclosed estimated payout); Process-evidence cap applied: no real process signal; score capped at 80,PENDING,,,,
2026-04-30T15:20:03.697095,CELC,Celcuity Inc.,76.4,WATCH,121.35,5866.0,10.9,2,0.0,False,0.01,True,2.8,ADC / Oncology Platform,True,0,0,,,,0.0,True,True,False,-30.60530725329864,-0.40759361833072955,12.2,up,2,67.0,2,2026-05-13,True,False,,False,False,Pfizer,,True,0,2.0,Dual Phase 3 Programs (+20pts) | Strategic Cash Runway (+12pts) | C-Level Insider Buying (+10pts),Change-of-control provisions in DEF 14A (undisclosed estimated payout),PENDING,,,,
2026-04-30T15:20:17.350732,CGEM,"Cullinan Therapeutics, Inc.",76.6,WATCH,13.05,790.0,10.1,0,0.0,False,0.15,True,138.6,,True,0,0,,,1.44,-806.3,False,False,False,-2.1747272892802756,-0.5873611188756797,,up,7,78.0,2,2026-05-07,True,False,,False,False,,,True,0,2.0,Bolt-On Acquisition Sweet Spot (+16pts) | Strategic Cash Runway (+12pts) | Large Analyst-to-Market Gap (+10pts),Change-of-control provisions in DEF 14A (undisclosed estimated payout),PENDING,,,,
2026-04-30T15:20:22.590150,CGEN,Compugen Ltd.,80,MEDIUM_CONVICTION,2.66,252.0,,0,72.8,True,0.06,True,50.4,ADC / Oncology Platform,True,0,0,,,,0.0,False,True,False,1.7390576312065655,0.2319928983438838,,up,3,44.0,2,2026-05-18,False,False,,False,False,,,False,0,0.0,Bolt-On Acquisition Sweet Spot (+16pts) | Commercial-Stage Company (+10pts) | C-Level Insider Buying (+10pts),Process-evidence cap applied: no real process signal; score capped at 80,PENDING,,,,
2026-04-30T15:20:40.354814,CGON,"CG Oncology, Inc. Common stock",77.2,WATCH,66.74,5635.0,19.8,2,4.0,False,0.04,True,19.7,,True,0,0,,,,0.0,False,True,False,-19.957191029771234,-0.2504677216278419,10.1,up,5,29.0,1,2026-05-07,True,False,,False,False,,,True,0,2.0,Dual Phase 3 Programs (+20pts) | C-Level Insider Buying (+10pts) | Patent Cliff Alignment: Pfizer (+8pts),Change-of-control provisions in DEF 14A (undisclosed estimated payout),PENDING,,,,
2026-04-30T15:20:48.850507,CHRS,"Coherus Oncology, Inc.",80,MEDIUM_CONVICTION,1.775,208.0,5.2,1,42.2,False,0.0,False,239.2,Autoimmune / Inflammation,True,0,0,,,,0.0,False,True,False,-0.7190517333239325,-1.5312058835960944,5.9,up,2,33.0,1,2026-05-11,True,False,,False,False,Janssen,,True,2000000,4.0,Bolt-On Acquisition Sweet Spot (+16pts) | Phase 3 Program (+15pts) | Large Analyst-to-Market Gap (+10pts),Change-of-control provisions in DEF 14A ($2.0M estimated payout); Process-evidence cap applied: no real process signal; score capped at 80,PENDING,,,,
2026-04-30T15:20:56.850466,CLDX,"Celldex Therapeutics, Inc.",80,MEDIUM_CONVICTION,32.88,2189.0,9.2,4,1.5,False,0.0,False,36.9,ADC / Oncology Platform,True,0,0,,,0.24,-13327.0,False,True,False,-6.967367473181427,-0.5386622284197742,7.9,up,4,67.0,0,2026-05-14,True,False,,False,False,,,True,0,2.0,Deep Phase 3 Pipeline (+25pts) | Strategic Cash Runway (+12pts) | Mid-Cap Acquisition Target (+11pts),Change-of-control provisions in DEF 14A (undisclosed estimated payout); Process-evidence cap applied: no real process signal; score capped at 80,PENDING,,,,
2026-04-30T15:21:04.526518,CLLS,Cellectis S.A.,77.0,WATCH,3.9,391.0,34.6,0,73.2,False,0.0,False,53.8,Renal / Nephrology,True,0,0,,,,0.0,False,True,False,-26.606170100398842,-0.18592362141644322,,up,3,33.0,0,2026-05-18,False,False,,False,False,,,False,0,0.0,Bolt-On Acquisition Sweet Spot (+16pts) | Commercial-Stage Company (+10pts) | Acquisition Pattern Match (+10pts),,PENDING,,,,
2026-04-30T15:21:21.175196,CMPS,COMPASS Pathways plc,80,MEDIUM_CONVICTION,9.06,871.0,4.1,2,0.0,False,0.03,True,96.8,Neuroscience / CNS,True,0,0,,,1.38,-556.5,True,True,False,-2.884880602333596,9.965306696051274,4.5,up,3,33.0,0,2026-05-07,True,False,,False,False,,,True,0,2.0,Dual Phase 3 Programs (+20pts) | Bolt-On Acquisition Sweet Spot (+16pts) | Large Analyst-to-Market Gap (+10pts),Change-of-control provisions in DEF 14A (undisclosed estimated payout); Process-evidence cap applied: no real process signal; score capped at 80,PENDING,,,,
2026-04-30T15:21:29.087029,CNMD,CONMED Corporation,80,MEDIUM_CONVICTION,36.66,1130.0,,0,1374.7,True,0.0,True,112.8,,True,0,0,,,130.67,71.9,False,True,True,11.639440179052045,0.03375748318098078,6.6,up,2,100.0,9,2026-07-29,False,False,,False,False,,,True,0,2.0,Mid-Cap Acquisition Target (+11pts) | Commercial-Stage Company (+10pts) | Large Analyst-to-Market Gap (+10pts),Change-of-control provisions in DEF 14A (undisclosed estimated payout); Process-evidence cap applied: no real process signal; score capped at 80,PENDING,,,,
2026-04-30T15:21:37.301843,CNTA,Centessa Pharmaceuticals plc,95.8,MEDIUM_CONVICTION,39.42,5883.0,5.2,0,15.0,False,0.22,True,1.5,Autoimmune / Inflammation,True,0,0,,,0.69,-5629.2,False,False,False,-16.084015542630436,-0.3222229117537545,15.6,up,5,56.0,0,2026-05-13,True,False,,False,True,Eli Lilly,right of first negotiation,True,0,35,ROFN Clause with Eli Lilly (+35pts) | C-Level Insider Buying (+10pts) | Acquisition Pattern Match (+9pts),ROFN clause detected in 8-K — Eli Lilly has acquisition option; Change-of-control provisions in DEF 14A (undisclosed estimated payout),PENDING,,,,
2026-04-30T15:21:52.714795,COLL,"Collegium Pharmaceutical, Inc.",80,MEDIUM_CONVICTION,33.73,1093.0,,1,780.6,True,0.69,False,72.0,,True,0,0,,,665.08,94.9,True,False,False,5.380144042343611,0.10182147655665276,3.4,up,1,78.0,0,2026-05-07,True,False,,False,False,,,True,0,2.0,Phase 3 Program (+15pts) | Mid-Cap Acquisition Target (+11pts) | Commercial-Stage Company (+10pts),Moderate insider selling (0.7% of mcap); Change-of-control provisions in DEF 14A (undisclosed estimated payout); Process-evidence cap applied: no real process signal; score capped at 80,PENDING,,,,
2026-04-30T15:21:59.858129,CORT,Corcept Therapeutics Incorporated,80,MEDIUM_CONVICTION,46.52,4994.0,20.2,0,761.4,True,0.19,True,47.0,Obesity / Metabolic,True,0,0,,,102.66,54.7,True,True,True,51.204915658420255,0.0666969403707288,5.5,up,2,56.0,0,2026-04-30,False,False,,False,False,,,True,0,2.0,Commercial-Stage Company (+10pts) | C-Level Insider Buying (+10pts) | Acquisition Pattern Match (+10pts),Change-of-control provisions in DEF 14A (undisclosed estimated payout); Process-evidence cap applied: no real process signal; score capped at 80,PENDING,,,,
2026-04-30T15:22:18.373939,CRBU,"Caribou Biosciences, Inc.",80,MEDIUM_CONVICTION,1.88,182.0,6.1,0,11.2,False,0.03,True,272.3,ADC / Oncology Platform,True,0,0,,,,0.0,False,True,False,-1.2324194069363028,-0.8976948775093587,,down,2,67.0,3,2026-05-14,True,False,,False,False,,,True,0,2.0,Bolt-On Acquisition Sweet Spot (+16pts) | Large Analyst-to-Market Gap (+10pts) | C-Level Insider Buying (+10pts),Change-of-control provisions in DEF 14A (undisclosed estimated payout); Process-evidence cap applied: no real process signal; score capped at 80,PENDING,,,,
2026-04-30T15:22:27.069748,CRNX,"Crinetics Pharmaceuticals, Inc.",80,MEDIUM_CONVICTION,38.78,4060.0,10.1,5,7.7,False,0.18,True,123.3,Renal / Nephrology,True,0,0,,,,0.0,False,True,False,-9.377531669582675,-0.48894139020671634,7.9,up,6,22.0,1,2026-05-07,True,False,,False,False,,collaboration and license,True,0,7.0,Deep Phase 3 Pipeline (+25pts) | Strategic Cash Runway (+12pts) | Large Analyst-to-Market Gap (+10pts),Exclusive/co-dev agreement with major pharma detected in 8-K; Change-of-control provisions in DEF 14A (undisclosed estimated payout); Process-evidence cap applied: no real process signal; score capped at 80,PENDING,,,,
2026-04-30T15:22:35.378567,CRSP,CRISPR Therapeutics AG,71.9,WATCH,52.34,5045.0,22.4,0,3.5,False,0.06,True,20.4,ADC / Oncology Platform,True,0,0,,,,0.0,False,True,False,-8.664469390768513,-0.26622838514621017,2.7,up,6,67.0,0,2026-05-11,True,False,,False,False,Lilly,,True,0,2.0,C-Level Insider Buying (+10pts) | Strategic Price Discount (+8pts) | Patent Cliff Alignment: Pfizer (+8pts),Change-of-control provisions in DEF 14A (undisclosed estimated payout),PENDING,,,,
2026-04-30T15:22:42.332689,CRVS,"Corvus Pharmaceuticals, Inc.",80,MEDIUM_CONVICTION,15.19,1276.0,6.1,1,0.0,False,0.0,True,118.4,Renal / Nephrology,True,0,0,,,0.02,-71603.8,False,True,True,-14.06507373344814,-0.6914968942100351,26.6,up,3,33.0,0,2026-05-07,True,False,,False,False,,,True,0,2.0,Phase 3 Program (+15pts) | Mid-Cap Acquisition Target (+11pts) | Large Analyst-to-Market Gap (+10pts),Change-of-control provisions in DEF 14A (undisclosed estimated payout); Process-evidence cap applied: no real process signal; score capped at 80,PENDING,,,,
2026-04-30T15:22:53.054183,CTMX,"CytomX Therapeutics, Inc.",80,MEDIUM_CONVICTION,4.22,718.0,7.1,0,76.2,False,0.17,True,174.9,ADC / Oncology Platform,True,0,0,,,,0.0,False,True,False,-31.844063062458766,-0.17917227610334185,,up,2,78.0,0,2026-05-11,True,False,,False,False,Merck,,True,0,2.0,Bolt-On Acquisition Sweet Spot (+16pts) | Commercial-Stage Company (+10pts) | Large Analyst-to-Market Gap (+10pts),Change-of-control provisions in DEF 14A (undisclosed estimated payout); Process-evidence cap applied: no real process signal; score capped at 80,PENDING,,,,
2026-04-30T15:22:59.812684,CVAC,CureVac N.V.,80,MEDIUM_CONVICTION,4.66,1049.0,10.0,0,535.2,True,0.0,False,350.6,,True,0,0,,,,0.0,True,False,False,1.412078606271162,0.20517994172162643,,up,2,40.0,1,,False,False,,False,False,,,False,0,0.0,Strategic Cash Runway (+12pts) | Mid-Cap Acquisition Target (+11pts) | Commercial-Stage Company (+10pts),Process-evidence cap applied: no real process signal; score capped at 80,PENDING,,,,
2026-04-30T15:23:15.859999,CYTK,"Cytokinetics, Incorporated",80,MEDIUM_CONVICTION,63.97,7879.0,7.1,4,88.0,False,0.15,True,44.6,Rare Disease (ODD),True,0,0,,,,0.0,False,False,False,-10.355529461581451,-0.47743994160843495,15.8,up,13,44.0,0,2026-05-05,True,False,,False,False,,,True,0,2.0,Deep Phase 3 Pipeline (+25pts) | Commercial-Stage Company (+10pts) | C-Level Insider Buying (+10pts),Change-of-control provisions in DEF 14A (undisclosed estimated payout); Process-evidence cap applied: no real process signal; score capped at 80,PENDING,,,,
2026-04-30T15:23:27.961578,DAWN,"Day One Biopharmaceuticals, Inc.",100,HIGH_CONVICTION,21.53,2225.0,44.2,1,158.2,False,0.98,False,10.3,,True,0,0,,,55.67,61.3,True,True,True,-7.269082570731984,-0.28032691153295747,11.7,up,2,56.0,0,2026-05-05,True,True,Unknown,False,False,,merger agreement,False,0,35,ROFR Clause with major pharma (+35pts) | Phase 3 Program (+15pts) | SC 13D Filing: Activist investor (+12pts),Moderate insider selling (1.0% of mcap); ACTIVIST 13D: Unknown (2026-04-27 00:00:00); ROFR clause detected in 8-K — major pharma has acquisition option,PENDING,,,,
2026-04-30T15:23:34.070958,DCPH,"Deciphera Pharmaceuticals, Inc.",78.0,MEDIUM_CONVICTION,25.59,2213.0,6.5,3,163.4,False,0.0,False,2.9,,True,0,0,,,,0.0,True,True,False,-6.293219254517423,-0.55987473294497,,down,5,70.0,4,,False,False,,False,False,,,False,0,0.0,Deep Phase 3 Pipeline (+25pts) | Mid-Cap Acquisition Target (+11pts) | Commercial-Stage Company (+10pts),,PENDING,,,,
2026-04-30T15:23:53.326840,DMAC,DiaMedica Therapeutics Inc.,80,MEDIUM_CONVICTION,6.05,326.0,8.3,1,0.0,False,0.0,False,37.7,Renal / Nephrology,True,0,0,,,0.3,-1888.3,False,False,False,-10.437212112708856,-0.6104062039715356,,up,1,22.0,0,2026-05-12,True,False,,False,False,,,True,0,2.0,Bolt-On Acquisition Sweet Spot (+16pts) | Phase 3 Program (+15pts) | Strategic Cash Runway (+12pts),Change-of-control provisions in DEF 14A (undisclosed estimated payout); Process-evidence cap applied: no real process signal; score capped at 80,PENDING,,,,
2026-04-30T15:24:02.751208,DNLI,Denali Therapeutics Inc.,80,MEDIUM_CONVICTION,18.72,2970.0,8.4,2,0.0,False,0.0,False,84.3,Autoimmune / Inflammation,True,0,0,,,0.92,-1927.8,False,False,False,-5.493662834377625,-0.5258676443990762,18.0,up,12,56.0,3,2026-05-11,True,False,,False,False,Takeda,,True,0,2.0,Dual Phase 3 Programs (+20pts) | Strategic Cash Runway (+12pts) | Mid-Cap Acquisition Target (+11pts),Change-of-control provisions in DEF 14A (undisclosed estimated payout); Process-evidence cap applied: no real process signal; score capped at 80,PENDING,,,,
2026-04-30T15:24:24.421179,EDIT,"Editas Medicine, Inc.",80,MEDIUM_CONVICTION,3,294.0,4.4,0,40.5,False,0.0,True,100.0,ADC / Oncology Platform,True,0,0,,,,0.0,False,True,False,-0.753580541275267,-0.6564674627773115,,up,2,56.0,2,2026-05-11,True,False,,False,False,,,True,0,2.0,Bolt-On Acquisition Sweet Spot (+16pts) | Large Analyst-to-Market Gap (+10pts) | C-Level Insider Buying (+10pts),Change-of-control provisions in DEF 14A (undisclosed estimated payout); Process-evidence cap applied: no real process signal; score capped at 80,PENDING,,,,
2026-04-30T15:24:39.505945,EOLS,"Evolus, Inc.",80,MEDIUM_CONVICTION,5.39,351.0,3.7,0,297.2,False,0.23,True,178.3,,True,0,0,,,9.89,45.5,True,True,False,-18.362575804830715,-0.24560395056567294,3.3,up,6,11.0,0,2026-05-04,True,False,,False,False,,,True,0,2.0,Bolt-On Acquisition Sweet Spot (+16pts) | Commercial-Stage Company (+10pts) | Large Analyst-to-Market Gap (+10pts),Only 3.7Q runway — verify solvency before entering; Change-of-control provisions in DEF 14A (undisclosed estimated payout); Process-evidence cap applied: no real process signal; score capped at 80,PENDING,,,,
2026-04-30T15:24:51.135553,ESPR,"Esperion Therapeutics, Inc.",100,HIGH_CONVICTION,2,416.0,39.2,0,403.1,True,0.02,True,350.0,,True,0,0,,,,0.0,True,False,False,19.06738997561097,0.23657437572122744,1.2,up,3,56.0,0,2026-05-07,True,False,,False,False,,merger agreement,True,1000000.0,4.0,Bolt-On Acquisition Sweet Spot (+16pts) | Commercial-Stage Company (+10pts) | Large Analyst-to-Market Gap (+10pts),Change-of-control provisions in DEF 14A ($1.0M estimated payout),PENDING,,,,
2026-04-30T15:25:00.599835,ETNB,"89bio, Inc.",100,HIGH_CONVICTION,14.84,2201.0,6.5,3,0.0,False,0.0,False,15.7,Obesity / Metabolic,True,0,0,,,,0.0,True,False,False,-1.898728405796348,-0.8677436310438252,66.7,up,5,30.0,0,,False,False,,False,False,Roche,merger agreement,False,0,34.0,FINANCIAL ADVISOR RETAINED / POTENTIAL SALE (+34pts) | Deep Phase 3 Pipeline (+25pts) | Mid-Cap Acquisition Target (+11pts),Financial advisor retained or potential sale language in 8-K,PENDING,,,,
2026-04-30T15:25:13.827517,EXEL,"Exelixis, Inc.",80,MEDIUM_CONVICTION,44.46,11293.0,,9,2320.1,True,0.53,True,2.8,ADC / Oncology Platform,True,0,0,,,224.88,80.2,False,True,False,12.503786099575159,0.29735665472438116,10.3,down,10,89.0,7,2026-05-05,True,False,,False,False,,,True,0,2.0,Deep Phase 3 Pipeline (+25pts) | Commercial-Stage Company (+10pts) | C-Level Insider Buying (+10pts),Moderate insider selling (0.5% of mcap); Change-of-control provisions in DEF 14A (undisclosed estimated payout); Process-evidence cap applied: no real process signal; score capped at 80,PENDING,,,,
2026-04-30T15:25:21.557844,EYPT,"EyePoint Pharmaceuticals, Inc.",80,MEDIUM_CONVICTION,13.2,1101.0,4.9,5,31.4,False,0.35,True,184.1,,True,0,0,,,,0.0,False,False,False,-5.164630947197187,-0.7445102332921474,4.6,up,7,11.0,0,2026-05-06,True,False,,False,False,,,False,0,0.0,Deep Phase 3 Pipeline (+25pts) | Mid-Cap Acquisition Target (+11pts) | Large Analyst-to-Market Gap (+10pts),Process-evidence cap applied: no real process signal; score capped at 80,PENDING,,,,
2026-04-30T15:25:35.520186,FDMT,"4D Molecular Therapeutics, Inc.",80,MEDIUM_CONVICTION,8.87,453.0,8.7,2,85.2,False,0.0,True,181.8,Rare Disease (ODD),True,0,0,,,,0.0,False,False,False,-2.6042860810152577,-0.3019904678621588,,up,3,44.0,2,2026-05-07,True,False,,False,False,,,True,0,2.0,Dual Phase 3 Programs (+20pts) | Bolt-On Acquisition Sweet Spot (+16pts) | Strategic Cash Runway (+12pts),Change-of-control provisions in DEF 14A (undisclosed estimated payout); Process-evidence cap applied: no real process signal; score capped at 80,PENDING,,,,
2026-04-30T15:25:42.927973,FHTX,Foghorn Therapeutics Inc.,80,MEDIUM_CONVICTION,4.75,279.0,7.7,0,30.9,False,0.0,True,145.7,,True,0,0,,,,0.0,False,True,False,-3.8145500298318,-0.5894764803859629,142.5,up,4,67.0,0,2026-05-13,True,False,,False,False,,,True,0,2.0,Bolt-On Acquisition Sweet Spot (+16pts) | Large Analyst-to-Market Gap (+10pts) | C-Level Insider Buying (+10pts),Change-of-control provisions in DEF 14A (undisclosed estimated payout); Process-evidence cap applied: no real process signal; score capped at 80,PENDING,,,,
2026-04-30T15:25:54.339522,FLGT,"Fulgent Genetics, Inc.",100,HIGH_CONVICTION,15.19,452.0,4.3,0,322.7,False,0.91,False,137.0,ADC / Oncology Platform,True,0,0,,,3.31,-358.9,False,False,False,-16.557810679293866,-0.07101308566559637,,up,2,100.0,9,2026-05-01,True,False,,False,False,,right of first offer,True,1000000,18.0,Bolt-On Acquisition Sweet Spot (+16pts) | ROFO Clause with major pharma (+14pts) | Commercial-Stage Company (+10pts),Moderate insider selling (0.9% of mcap); ROFO clause detected in 8-K — major pharma has acquisition option; Change-of-control provisions in DEF 14A ($1.0M estimated payout),PENDING,,,,
2026-04-30T15:26:02.717187,FOLD,"Amicus Therapeutics, Inc.",76.0,WATCH,14.49,4550.0,,4,634.2,True,1.64,False,0.1,Rare Disease (ODD),True,0,0,,,,0.0,True,True,True,86.6087168987177,-6.791995685494817,8.7,up,2,56.0,0,2026-05-07,True,False,,False,False,,merger agreement,False,0,0.0,Deep Phase 3 Pipeline (+25pts) | Commercial-Stage Company (+10pts) | Acquisition Pattern Match (+10pts),Elevated insider selling (1.6% of mcap),PENDING,,,,
2026-04-30T15:26:12.362145,FULC,"Fulcrum Therapeutics, Inc.",80,WATCH,7.13,386.0,18.8,0,0.0,False,0.08,True,189.9,,True,0,0,,,3.01,-136.9,False,False,True,-7.150021091304939,-0.2383562029018108,8.9,up,2,67.0,1,2026-08-04,False,False,,False,False,,,False,0,0.0,Bolt-On Acquisition Sweet Spot (+16pts) | Large Analyst-to-Market Gap (+10pts) | C-Level Insider Buying (+10pts),Process-evidence cap applied: no real process signal; score capped at 80,PENDING,,,,
2026-04-30T15:26:27.138656,GERN,Geron Corporation,80,MEDIUM_CONVICTION,1.54,987.0,20.2,2,183.9,False,0.0,True,282.5,,True,0,0,,,,0.0,True,False,False,-20.264038548564166,-0.11252053546799541,2.4,up,2,78.0,0,2026-05-06,True,False,,False,False,Pfizer,,True,0,2.0,Dual Phase 3 Programs (+20pts) | Bolt-On Acquisition Sweet Spot (+16pts) | Commercial-Stage Company (+10pts),Change-of-control provisions in DEF 14A (undisclosed estimated payout); Process-evidence cap applied: no real process signal; score capped at 80,PENDING,,,,
2026-04-30T15:26:33.157353,GLPG,Galapagos N.V.,80,MEDIUM_CONVICTION,27.83,1834.0,57.5,0,1112.2,True,0.0,False,18.6,Autoimmune / Inflammation,True,0,0,,,5.42,-413.5,False,False,False,3.1617029326669015,0.15408454797398757,,up,2,56.0,1,2026-05-06,True,False,,False,False,,,False,0,0.0,Mid-Cap Acquisition Target (+11pts) | Commercial-Stage Company (+10pts) | Acquisition Pattern Match (+10pts),Process-evidence cap applied: no real process signal; score capped at 80,PENDING,,,,
2026-04-30T15:26:55.101839,GPCR,Structure Therapeutics Inc.,76.7,WATCH,41.45,2386.0,25.1,0,0.0,False,0.11,True,176.8,Obesity / Metabolic,True,0,0,,,13.17,-214.7,False,False,False,-24.30138749424001,-0.1887531714572458,31.7,up,6,44.0,0,2026-05-07,True,False,,False,False,Gilead,,True,0,2.0,Mid-Cap Acquisition Target (+11pts) | Large Analyst-to-Market Gap (+10pts) | C-Level Insider Buying (+10pts),Change-of-control provisions in DEF 14A (undisclosed estimated payout),PENDING,,,,
2026-04-30T15:27:16.507311,GTHX,"G1 Therapeutics, Inc.",80,MEDIUM_CONVICTION,7.16,378.0,8.6,0,82.5,False,0.0,False,-37.2,ADC / Oncology Platform,True,0,0,,,,0.0,True,True,False,-5.325767043234891,-0.4304648022303537,4.8,up,1,70.0,1,,False,False,,False,False,,,False,0,0.0,Bolt-On Acquisition Sweet Spot (+16pts) | Strategic Cash Runway (+12pts) | Commercial-Stage Company (+10pts),Process-evidence cap applied: no real process signal; score capped at 80,PENDING,,,,
2026-04-30T15:27:24.968652,HALO,"Halozyme Therapeutics, Inc.",80,MEDIUM_CONVICTION,63.66,7542.0,,1,1396.6,True,0.28,True,23.0,Autoimmune / Inflammation,True,0,0,,,129.03,50.7,False,True,True,8.770348451474218,0.23594555502308032,7.2,down,3,78.0,0,2026-05-05,True,False,,False,False,Johnson & Johnson,exclusive license agreement,True,0,14.0,Phase 3 Program (+15pts) | Deep Partnership with Johnson & Johnson (+12pts) | Commercial-Stage Company (+10pts),Exclusive/co-dev agreement with Johnson & Johnson detected in 8-K; Change-of-control provisions in DEF 14A (undisclosed estimated payout); Process-evidence cap applied: no real process signal; score capped at 80,PENDING,,,,
2026-04-30T15:27:59.423164,HRMY,"Harmony Biosciences Holdings, Inc.",80,MEDIUM_CONVICTION,31.26,1809.0,,3,868.5,True,0.0,True,49.7,,True,0,0,,,126.14,75.2,True,True,False,6.424037849110756,0.13902934593019767,6.9,down,4,56.0,0,2026-05-07,True,False,,False,False,Eli Lilly,,True,0,2.0,Deep Phase 3 Pipeline (+25pts) | Mid-Cap Acquisition Target (+11pts) | Commercial-Stage Company (+10pts),Change-of-control provisions in DEF 14A (undisclosed estimated payout); Process-evidence cap applied: no real process signal; score capped at 80,PENDING,,,,
2026-04-30T15:28:11.983951,IDYA,"IDEAYA Biosciences, Inc.",80,MEDIUM_CONVICTION,29.1,2555.0,7.1,2,218.7,False,0.0,True,101.6,ADC / Oncology Platform,True,0,0,,,,0.0,False,False,False,-19.221973097595654,-0.1516042282042693,12.2,up,6,33.0,2,2026-05-11,True,False,,False,False,Astrazeneca,,True,0,2.0,Dual Phase 3 Programs (+20pts) | Mid-Cap Acquisition Target (+11pts) | Commercial-Stage Company (+10pts),Change-of-control provisions in DEF 14A (undisclosed estimated payout); Process-evidence cap applied: no real process signal; score capped at 80,PENDING,,,,
2026-04-30T15:28:23.130413,IMCR,Immunocore Holdings plc,80,MEDIUM_CONVICTION,27.91,1415.0,46.6,2,297.6,False,0.04,True,69.3,Autoimmune / Inflammation,True,0,0,,,,0.0,False,False,False,3417.948552884082,-0.04101475969452137,4.5,up,5,56.0,0,2026-05-06,True,False,,False,False,,,True,0,2.0,Dual Phase 3 Programs (+20pts) | Mid-Cap Acquisition Target (+11pts) | Commercial-Stage Company (+10pts),Change-of-control provisions in DEF 14A (undisclosed estimated payout); Process-evidence cap applied: no real process signal; score capped at 80,PENDING,,,,
2026-04-30T15:28:34.665810,IMNM,"Immunome, Inc.",80,MEDIUM_CONVICTION,22.94,2016.0,14.8,1,6.9,False,0.15,True,60.5,,True,0,0,,,7.38,-210.8,False,True,False,-5.809259108724273,-0.33549619397115,16.9,up,7,33.0,0,2026-05-11,True,False,,False,False,,,True,0,2.0,Phase 3 Program (+15pts) | Strategic Cash Runway (+12pts) | Mid-Cap Acquisition Target (+11pts),Change-of-control provisions in DEF 14A (undisclosed estimated payout); Process-evidence cap applied: no real process signal; score capped at 80,PENDING,,,,
2026-04-30T15:28:46.625567,IMVT,"Immunovant, Inc.",80,MEDIUM_CONVICTION,27.145,5525.0,10.2,2,0.0,False,0.28,True,67.6,Autoimmune / Inflammation,True,0,0,,,4.62,-487.6,False,True,False,-4.286509416937925,-0.6192567257206255,62.6,up,4,44.0,1,2026-06-04,False,False,,False,False,,,False,0,0.0,Dual Phase 3 Programs (+20pts) | Strategic Cash Runway (+12pts) | Large Analyst-to-Market Gap (+10pts),Process-evidence cap applied: no real process signal; score capped at 80,PENDING,,,,
2026-04-30T15:28:57.531159,INBX,"Inhibrx Biosciences, Inc.",77.0,WATCH,129.21,1887.0,3.9,1,1.3,False,0.0,True,0,ADC / Oncology Platform,True,0,0,,,0.64,-20022.1,True,True,False,-9.10100194655279,-1.174079387852702,38.1,up,1,33.0,0,2026-05-13,True,False,,False,False,Sanofi,,True,730100,2.0,Phase 3 Program (+15pts) | Mid-Cap Acquisition Target (+11pts) | C-Level Insider Buying (+10pts),Only 3.9Q runway — verify solvency before entering; Change-of-control provisions in DEF 14A ($0.7M estimated payout),PENDING,,,,
2026-04-30T15:29:29.449401,INZY,"Inozyme Pharma, Inc.",81.3,MEDIUM_CONVICTION,4,258.0,3.5,2,0.0,False,0.0,False,200.0,Rare Disease (ODD),True,0,0,,,,0.0,True,True,False,-1.9204145417667982,-0.9936102541571553,,up,5,40.0,0,,False,False,,False,False,,merger agreement,False,0,0.0,Dual Phase 3 Programs (+20pts) | Bolt-On Acquisition Sweet Spot (+16pts) | Large Analyst-to-Market Gap (+10pts),Only 3.5Q runway — verify solvency before entering,PENDING,,,,
2026-04-30T15:29:36.892371,IONS,"Ionis Pharmaceuticals, Inc.",80,MEDIUM_CONVICTION,74.76,12343.0,4.1,11,944.0,False,0.48,True,43.5,Rare Disease (ODD),True,0,0,,,,0.0,True,False,True,-51.96137683307468,-0.1195700486792737,11.1,up,13,89.0,1,2026-07-29,False,False,,False,False,,,True,0,2.0,Deep Phase 3 Pipeline (+25pts) | Commercial-Stage Company (+10pts) | C-Level Insider Buying (+10pts),Change-of-control provisions in DEF 14A (undisclosed estimated payout); Process-evidence cap applied: no real process signal; score capped at 80,PENDING,,,,
2026-04-30T15:29:44.896121,IOVA,"Iovance Biotherapeutics, Inc.",80,MEDIUM_CONVICTION,3.36,1114.0,4.5,1,263.5,False,0.06,False,-40.5,,True,0,0,,,4.01,16.2,False,False,False,-2.4107917728431016,-0.5151545432284143,18.4,up,6,56.0,2,2026-05-07,True,False,,False,False,,,True,0,2.0,Phase 3 Program (+15pts) | Mid-Cap Acquisition Target (+11pts) | Commercial-Stage Company (+10pts),Change-of-control provisions in DEF 14A (undisclosed estimated payout); Process-evidence cap applied: no real process signal; score capped at 80,PENDING,,,,
2026-04-30T15:29:50.500530,ITCI,"Intra-Cellular Therapies, Inc.",73.6,WATCH,131.87,14047.0,50.6,7,680.9,False,0.0,False,-25.3,Neuroscience / CNS,True,0,0,,,,0.0,True,True,False,-71.31137961326583,-0.10015178803560197,8.3,up,6,80.0,0,,False,False,,False,False,,,False,0,0.0,Deep Phase 3 Pipeline (+25pts) | Commercial-Stage Company (+10pts) | Patent Cliff Alignment: Pfizer (+8pts),,PENDING,,,,
2026-04-30T15:29:57.627049,JANX,"Janux Therapeutics, Inc.",80,WATCH,14.37,874.0,46.7,0,10.0,False,0.0,True,97.6,ADC / Oncology Platform,True,0,0,,,,0.0,False,True,True,-7.392286338220008,-0.16008134687354683,,up,5,78.0,2,2026-05-14,True,False,,False,False,Bristol-Myers Squibb,exclusive worldwide license,True,0,14.0,Bolt-On Acquisition Sweet Spot (+16pts) | Deep Partnership with Bristol-Myers Squibb (+12pts) | Large Analyst-to-Market Gap (+10pts),Exclusive/co-dev agreement with Bristol-Myers Squibb detected in 8-K; Change-of-control provisions in DEF 14A (undisclosed estimated payout); Process-evidence cap applied: no real process signal; score capped at 80,PENDING,,,,
2026-04-30T15:30:07.242257,JAZZ,Jazz Pharmaceuticals plc,80,MEDIUM_CONVICTION,203.02,12737.0,,5,4267.6,True,0.24,True,6.5,ADC / Oncology Platform,True,0,0,,,578.28,64.9,True,True,False,132.76128360685968,0.01215442497976173,6.2,up,6,56.0,2,2026-05-05,True,False,,False,False,,,False,0,0.0,Deep Phase 3 Pipeline (+25pts) | Commercial-Stage Company (+10pts) | C-Level Insider Buying (+10pts),Process-evidence cap applied: no real process signal; score capped at 80,PENDING,,,,
2026-04-30T15:30:27.642109,KMPH,"KemPharm, Inc.",79.2,MEDIUM_CONVICTION,5.81,200.0,,0,106.5,False,0.0,False,72.1,Rare Disease (ODD),True,0,0,,,,0.0,True,True,False,-5.118260958009627,-0.25599801523550775,,,,17.0,0,2023-05-10,False,False,,False,False,,collaboration and license,True,0,7.0,Bolt-On Acquisition Sweet Spot (+16pts) | Commercial-Stage Company (+10pts) | Large Analyst-to-Market Gap (+10pts),Exclusive/co-dev agreement with major pharma detected in 8-K; Change-of-control provisions in DEF 14A (undisclosed estimated payout),PENDING,,,,
2026-04-30T15:30:37.756821,KNSA,"Kiniksa Pharmaceuticals, Ltd.",80,MEDIUM_CONVICTION,53.78,3991.0,,1,677.6,True,0.22,True,19.0,Neuroscience / CNS,True,0,0,,,,0.0,True,False,True,32.123699044480325,0.08171643213269279,12.1,up,6,44.0,1,2026-07-28,False,False,,False,False,Regeneron,,True,0,2.0,Phase 3 Program (+15pts) | Commercial-Stage Company (+10pts) | C-Level Insider Buying (+10pts),Change-of-control provisions in DEF 14A (undisclosed estimated payout); Process-evidence cap applied: no real process signal; score capped at 80,PENDING,,,,
2026-04-30T15:30:48.801985,KROS,"Keros Therapeutics, Inc.",80,MEDIUM_CONVICTION,11.12,414.0,10.5,0,244.1,True,0.08,True,822.7,,True,0,0,,,,0.0,False,False,False,6.75555725558698,0.20896022448140864,,down,7,67.0,0,2026-05-05,True,False,,False,False,Takeda,,True,0,2.0,Bolt-On Acquisition Sweet Spot (+16pts) | Strategic Cash Runway (+12pts) | Commercial-Stage Company (+10pts),Change-of-control provisions in DEF 14A (undisclosed estimated payout); Process-evidence cap applied: no real process signal; score capped at 80,PENDING,,,,
2026-04-30T15:30:56.974031,KRYS,"Krystal Biotech, Inc.",80,MEDIUM_CONVICTION,262.26,7720.0,,1,389.1,True,0.66,True,26.9,Rare Disease (ODD),True,0,0,,,552.97,52.6,False,True,False,39.613030754381995,0.13085509519131153,9.7,up,3,78.0,3,2026-05-04,True,False,,False,False,,,True,0,2.0,Phase 3 Program (+15pts) | Commercial-Stage Company (+10pts) | C-Level Insider Buying (+10pts),Moderate insider selling (0.7% of mcap); Change-of-control provisions in DEF 14A (undisclosed estimated payout); Process-evidence cap applied: no real process signal; score capped at 80,PENDING,,,,
2026-04-30T15:31:04.546247,KURA,"Kura Oncology, Inc.",80,MEDIUM_CONVICTION,8.83,784.0,8.3,1,67.5,False,0.0,True,209.5,ADC / Oncology Platform,True,0,0,,,23.21,62.0,False,True,False,-2.5765209744723037,-0.48763060774155004,2.6,up,5,44.0,0,2026-05-07,True,False,,False,False,,collaboration and license,True,0,7.0,Bolt-On Acquisition Sweet Spot (+16pts) | Phase 3 Program (+15pts) | Strategic Cash Runway (+12pts),Exclusive/co-dev agreement with major pharma detected in 8-K; Change-of-control provisions in DEF 14A (undisclosed estimated payout); Process-evidence cap applied: no real process signal; score capped at 80,PENDING,,,,
2026-04-30T15:31:11.949198,KYMR,"Kymera Therapeutics, Inc.",79.1,MEDIUM_CONVICTION,81.07,6619.0,8.4,0,39.2,False,0.42,True,44.4,Autoimmune / Inflammation,True,0,0,,,0.36,-22489.7,False,False,True,-20.760328144597953,-0.20880195260829254,,up,12,60.0,1,,False,False,,False,False,,,True,0,2.0,Strategic Cash Runway (+12pts) | C-Level Insider Buying (+10pts) | Acquisition Pattern Match (+9pts),Change-of-control provisions in DEF 14A (undisclosed estimated payout),PENDING,,,,
2026-04-30T15:31:17.613713,LEGN,Legend Biotech Corporation,80,MEDIUM_CONVICTION,23.52,4350.0,9.0,0,1031.6,False,0.0,False,146.1,ADC / Oncology Platform,True,0,0,,,,0.0,False,True,False,-32.64786375259872,-0.09612334768588018,11.0,up,6,89.0,2,2026-05-12,True,False,,False,False,,,False,0,0.0,Strategic Cash Runway (+12pts) | Commercial-Stage Company (+10pts) | Large Analyst-to-Market Gap (+10pts),Process-evidence cap applied: no real process signal; score capped at 80,PENDING,,,,
2026-04-30T15:31:27.254719,LENZ,"LENZ Therapeutics, Inc.",74.4,WATCH,8.98,282.0,14.1,0,19.1,False,0.0,True,475.4,Neuroscience / CNS,True,0,0,,,2.13,-321.6,False,True,False,-4.785946849832123,-0.3201317929389615,2.5,up,2,56.0,0,2026-05-06,True,False,,False,False,,,True,1000000,4.0,Bolt-On Acquisition Sweet Spot (+16pts) | Strategic Cash Runway (+12pts) | Large Analyst-to-Market Gap (+10pts),Change-of-control provisions in DEF 14A ($1.0M estimated payout),PENDING,,,,
2026-04-30T15:31:35.512742,LGND,Ligand Pharmaceuticals Incorporated,78.0,MEDIUM_CONVICTION,229.45,4575.0,,0,268.1,True,0.39,True,16.7,Autoimmune / Inflammation,True,0,0,,,47.74,-380.6,False,True,True,20.405217837964045,0.024242875844605282,14.1,up,1,78.0,4,2026-05-14,True,False,,False,False,Janssen,merger agreement,True,0,2.0,Commercial-Stage Company (+10pts) | C-Level Insider Buying (+10pts) | Acquisition Pattern Match (+10pts),Change-of-control provisions in DEF 14A (undisclosed estimated payout),PENDING,,,,
2026-04-30T15:31:45.400072,LNTH,"Lantheus Holdings, Inc.",80,MEDIUM_CONVICTION,84.62,5509.0,,1,1541.6,True,0.1,False,19.4,Rare Disease (ODD),True,0,0,,,698.27,87.9,True,True,False,10.239372186533016,0.12210568427880247,10.0,up,4,56.0,1,2026-05-07,True,False,,False,False,,collaboration and license,True,0,7.0,Phase 3 Program (+15pts) | Commercial-Stage Company (+10pts) | Acquisition Pattern Match (+10pts),Exclusive/co-dev agreement with major pharma detected in 8-K; Change-of-control provisions in DEF 14A (undisclosed estimated payout); Process-evidence cap applied: no real process signal; score capped at 80,PENDING,,,,
2026-04-30T15:32:02.704753,LYEL,"Lyell Immunopharma, Inc.",80,MEDIUM_CONVICTION,19.73,460.0,5.5,1,0.0,False,0.06,True,125.5,ADC / Oncology Platform,True,0,0,,,0.88,-2132.6,False,False,False,-2.6418838400915545,-0.7011216625378475,,up,1,67.0,0,2026-05-12,True,False,,False,False,Gilead,,True,0,2.0,Bolt-On Acquisition Sweet Spot (+16pts) | Phase 3 Program (+15pts) | Large Analyst-to-Market Gap (+10pts),Change-of-control provisions in DEF 14A (undisclosed estimated payout); Process-evidence cap applied: no real process signal; score capped at 80,PENDING,,,,
2026-04-30T15:32:13.290110,MDGL,"Madrigal Pharmaceuticals, Inc.",80,MEDIUM_CONVICTION,517.39,11869.0,7.4,3,958.4,False,0.02,True,36.4,Obesity / Metabolic,True,0,0,,,3073.91,83.2,False,False,True,-49.98719731008172,-0.31578554148659554,7.1,up,5,56.0,0,2026-05-06,True,False,,False,False,Roche,,True,0,2.0,Deep Phase 3 Pipeline (+25pts) | Commercial-Stage Company (+10pts) | C-Level Insider Buying (+10pts),Change-of-control provisions in DEF 14A (undisclosed estimated payout); Process-evidence cap applied: no real process signal; score capped at 80,PENDING,,,,
2026-04-30T15:32:21.098107,MGNX,"MacroGenics, Inc.",80,MEDIUM_CONVICTION,3.08,196.0,6.3,0,149.5,False,0.06,True,94.8,Autoimmune / Inflammation,True,0,0,,,,0.0,False,False,False,-2.302832456105621,-0.3297772387955516,,up,1,44.0,3,2026-05-12,True,False,,False,False,,,True,625000,2.0,Bolt-On Acquisition Sweet Spot (+16pts) | Commercial-Stage Company (+10pts) | Large Analyst-to-Market Gap (+10pts),Change-of-control provisions in DEF 14A ($0.6M estimated payout); Process-evidence cap applied: no real process signal; score capped at 80,PENDING,,,,
2026-04-30T15:32:28.433639,MGTX,MeiraGTx Holdings plc,100,HIGH_CONVICTION,9.22,853.0,5.4,0,81.4,False,1.64,True,153.0,Autoimmune / Inflammation,True,0,0,,,,0.0,False,False,True,-6.248820197606825,-0.7092335287660965,7.7,up,1,22.0,1,2026-05-12,True,True,Unknown,False,False,Johnson & Johnson,collaboration and license,True,0,18.2,Bolt-On Acquisition Sweet Spot (+16pts) | SC 13D Filing: Activist investor (+11pts) | Commercial-Stage Company (+10pts),Elevated insider selling (1.6% of mcap); ACTIVIST 13D: Unknown (2026-04-24 00:00:00); Exclusive/co-dev agreement with Johnson & Johnson detected in 8-K; Change-of-control provisions in DEF 14A (undisclosed estimated payout),PENDING,,,,
2026-04-30T15:32:38.158668,MIRM,"Mirum Pharmaceuticals, Inc.",80.9,MEDIUM_CONVICTION,97.31,4885.0,,6,521.3,False,0.19,True,23.7,,True,0,0,,,,0.0,True,False,True,231.77571968848073,-0.034633335054361,12.6,up,6,44.0,0,2026-05-06,True,False,,False,False,Biogen,merger agreement,True,0,2.0,Deep Phase 3 Pipeline (+25pts) | Commercial-Stage Company (+10pts) | C-Level Insider Buying (+10pts),Change-of-control provisions in DEF 14A (undisclosed estimated payout),PENDING,,,,
2026-04-30T15:32:47.095550,MNKD,MannKind Corporation,100,HIGH_CONVICTION,2.83,874.0,21.5,0,349.0,True,0.0,True,147.3,Neuroscience / CNS,True,0,0,,,,0.0,True,True,False,77.44900730351368,0.05787833630921749,8.4,up,7,50.0,0,2026-05-14,True,False,,False,False,,merger agreement,True,1000000.0,4.0,Bolt-On Acquisition Sweet Spot (+16pts) | Commercial-Stage Company (+10pts) | Large Analyst-to-Market Gap (+10pts),Change-of-control provisions in DEF 14A ($1.0M estimated payout),PENDING,,,,
2026-04-30T15:33:13.383557,MRTX,"Mirati Therapeutics, Inc.",79.0,MEDIUM_CONVICTION,58.7,4118.0,7.1,4,12.4,False,0.0,False,73.9,ADC / Oncology Platform,True,0,0,,,,0.0,False,False,False,-3.1244111225649567,-0.7227002130264889,,up,13,70.0,0,,False,False,,False,False,,,False,0,0.0,Deep Phase 3 Pipeline (+25pts) | Large Analyst-to-Market Gap (+10pts) | Acquisition Pattern Match (+10pts),,PENDING,,,,
2026-04-30T15:33:43.414822,NBIX,"Neurocrine Biosciences, Inc.",100,HIGH_CONVICTION,131.67,13215.0,,14,2860.5,True,0.07,True,35.3,Neuroscience / CNS,True,0,0,,,507.68,74.1,True,False,False,20.723649864986502,0.10803403990454921,9.3,up,5,44.0,3,2026-05-05,True,False,,False,False,,merger agreement,True,0,2.0,Deep Phase 3 Pipeline (+25pts) | Commercial-Stage Company (+10pts) | C-Level Insider Buying (+10pts),Change-of-control provisions in DEF 14A (undisclosed estimated payout),PENDING,,,,
2026-04-30T15:34:03.800838,NKTR,Nektar Therapeutics,80,MEDIUM_CONVICTION,85.04,1726.0,4.3,0,55.2,False,0.0,False,56.2,Autoimmune / Inflammation,True,0,0,,,,0.0,False,True,True,-6.528921553269271,-0.5282117655651235,,up,4,56.0,3,2026-05-07,True,False,,False,False,,,True,1000000.0,4.0,Mid-Cap Acquisition Target (+11pts) | Commercial-Stage Company (+10pts) | Acquisition Pattern Match (+10pts),Change-of-control provisions in DEF 14A ($1.0M estimated payout); Process-evidence cap applied: no real process signal; score capped at 80,PENDING,,,,
2026-04-30T15:34:11.540115,NMRA,"Neumora Therapeutics, Inc. Common Stock",80,MEDIUM_CONVICTION,2.47,451.0,3.9,3,0.0,False,0.02,False,183.4,Autoimmune / Inflammation,True,0,0,,,1.1,-124.5,True,True,False,-0.47313886472612277,-1.5178499496475328,17.8,up,7,33.0,0,2026-05-11,True,False,,False,False,,,True,0,2.0,Deep Phase 3 Pipeline (+25pts) | Bolt-On Acquisition Sweet Spot (+16pts) | Large Analyst-to-Market Gap (+10pts),Only 3.9Q runway — verify solvency before entering; Change-of-control provisions in DEF 14A (undisclosed estimated payout); Process-evidence cap applied: no real process signal; score capped at 80,PENDING,,,,
2026-04-30T15:34:19.204246,NRIX,"Nurix Therapeutics, Inc.",80,MEDIUM_CONVICTION,16.7,1447.0,7.7,0,84.0,False,0.04,True,90.6,Autoimmune / Inflammation,True,0,0,,,,0.0,False,True,False,-5.20463238334266,-0.4725751379679994,,up,10,44.0,0,2026-07-09,False,False,,False,False,Pfizer,co-development agreement,True,0,7.0,Mid-Cap Acquisition Target (+11pts) | Commercial-Stage Company (+10pts) | Large Analyst-to-Market Gap (+10pts),Exclusive/co-dev agreement with Pfizer detected in 8-K; Change-of-control provisions in DEF 14A (undisclosed estimated payout); Process-evidence cap applied: no real process signal; score capped at 80,PENDING,,,,
2026-04-30T15:34:30.904486,NTLA,"Intellia Therapeutics, Inc.",80,MEDIUM_CONVICTION,13.48,1592.0,6.2,3,67.7,False,0.0,True,54.9,Autoimmune / Inflammation,True,0,0,,,,0.0,False,True,True,-2.298971547819775,-0.5766663223154005,1.4,up,13,89.0,6,2026-05-14,True,False,,False,False,Regeneron,,True,0,2.0,Deep Phase 3 Pipeline (+25pts) | Mid-Cap Acquisition Target (+11pts) | Commercial-Stage Company (+10pts),Change-of-control provisions in DEF 14A (undisclosed estimated payout); Process-evidence cap applied: no real process signal; score capped at 80,PENDING,,,,
2026-04-30T15:34:49.378739,NVAX,"Novavax, Inc.",80,MEDIUM_CONVICTION,7.925,1291.0,18.6,3,1123.5,True,0.17,True,127.1,,True,0,0,,,,0.0,False,True,False,2.227699313667542,0.7800297327133369,8.8,up,3,67.0,6,2026-05-14,True,False,,False,False,Pfizer,,True,0,2.0,Deep Phase 3 Pipeline (+25pts) | Mid-Cap Acquisition Target (+11pts) | Commercial-Stage Company (+10pts),Change-of-control provisions in DEF 14A (undisclosed estimated payout); Process-evidence cap applied: no real process signal; score capped at 80,PENDING,,,,
2026-04-30T15:35:02.163514,OBIO,"Orchestra BioMed Holdings, Inc.",100,HIGH_CONVICTION,3.99,233.0,12.7,0,33.5,False,0.13,True,200.8,,True,0,0,,,,0.0,False,False,False,-3094.3428205128207,-0.5239805000404564,12.1,up,3,67.0,1,2026-05-11,True,True,Unknown,False,False,,,True,100000000.0,21.9,Bolt-On Acquisition Sweet Spot (+16pts) | Strategic Cash Runway (+12pts) | SC 13D Filing: Activist investor (+12pts),ACTIVIST 13D: Unknown (2026-04-29 00:00:00); Change-of-control provisions in DEF 14A ($100.0M estimated payout),PENDING,,,,
2026-04-30T15:35:18.276012,OCUL,"Ocular Therapeutix, Inc.",80,MEDIUM_CONVICTION,9.37,2040.0,14.0,3,51.8,False,0.09,True,172.1,Neuroscience / CNS,True,0,0,,,,0.0,False,True,False,-6.469005263090467,-0.3552537404548014,6.3,up,3,22.0,2,2026-05-04,True,False,,False,False,Astrazeneca,,False,0,0.0,Deep Phase 3 Pipeline (+25pts) | Strategic Cash Runway (+12pts) | Mid-Cap Acquisition Target (+11pts),Process-evidence cap applied: no real process signal; score capped at 80,PENDING,,,,
2026-04-30T15:35:25.853731,OMER,Omeros Corporation,80,MEDIUM_CONVICTION,14.6,1051.0,5.9,0,0.0,False,0.8,True,174.0,Autoimmune / Inflammation,True,0,0,,,,0.0,True,True,False,-10.839420293354785,-0.4532338253368914,2.9,up,1,67.0,3,2026-05-21,False,False,,False,False,Novo Nordisk,,True,972525,2.0,Mid-Cap Acquisition Target (+11pts) | Large Analyst-to-Market Gap (+10pts) | C-Level Insider Buying (+10pts),Moderate insider selling (0.8% of mcap); Change-of-control provisions in DEF 14A ($1.0M estimated payout); Process-evidence cap applied: no real process signal; score capped at 80,PENDING,,,,
2026-04-30T15:35:45.072093,ORIC,"ORIC Pharmaceuticals, Inc.",80,WATCH,9.88,992.0,11.8,0,0.0,False,0.09,True,120.1,,True,0,0,,,0.35,-2729.9,False,True,False,-5.333699474299793,-0.36303263394387114,,up,4,56.0,2,2026-05-04,True,False,,False,False,,,True,690000,2.0,Bolt-On Acquisition Sweet Spot (+16pts) | Strategic Cash Runway (+12pts) | Large Analyst-to-Market Gap (+10pts),Change-of-control provisions in DEF 14A ($0.7M estimated payout); Process-evidence cap applied: no real process signal; score capped at 80,PENDING,,,,
2026-04-30T15:36:04.014106,PAHC,Phibro Animal Health Corporation,76.5,HIGH_CONVICTION,53.18,2156.0,,0,1296.2,True,0.89,False,-7.9,Neuroscience / CNS,True,0,0,,,,0.0,False,False,True,11.766552942858894,0.0717532421939419,14.2,up,4,100.0,9,2026-05-06,True,True,Unknown,False,False,,,False,0,11.1,SC 13D Filing: Activist investor (+11pts) | Mid-Cap Acquisition Target (+11pts) | Commercial-Stage Company (+10pts),Moderate insider selling (0.9% of mcap); ACTIVIST 13D: Unknown (2026-04-23 00:00:00),PENDING,,,,
2026-04-30T15:36:14.230817,PBYI,"Puma Biotechnology, Inc.",80,MEDIUM_CONVICTION,7.51,382.0,,0,228.4,True,0.0,True,0,ADC / Oncology Platform,True,0,0,,,17.93,58.1,True,True,False,5.558084356604552,0.204108417788538,37.5,down,1,89.0,8,2026-05-07,True,False,,False,False,Astrazeneca,exclusive license agreement,True,0,14.0,Bolt-On Acquisition Sweet Spot (+16pts) | Deep Partnership with Astrazeneca (+12pts) | Commercial-Stage Company (+10pts),Exclusive/co-dev agreement with Astrazeneca detected in 8-K; Change-of-control provisions in DEF 14A (undisclosed estimated payout); Process-evidence cap applied: no real process signal; score capped at 80,PENDING,,,,
2026-04-30T15:36:22.237142,PCRX,"Pacira BioSciences, Inc.",80,MEDIUM_CONVICTION,25.49,1003.0,,1,726.4,True,0.29,True,5.9,,True,0,0,,,694.82,96.3,True,True,True,12.165296240954955,0.010150062725160093,5.2,up,3,67.0,0,2026-04-30,False,False,,False,False,,,False,0,0.0,Phase 3 Program (+15pts) | Mid-Cap Acquisition Target (+11pts) | Commercial-Stage Company (+10pts),Process-evidence cap applied: no real process signal; score capped at 80,PENDING,,,,
2026-04-30T15:36:29.164054,PGEN,"Precigen, Inc.",80,MEDIUM_CONVICTION,4.16,1250.0,3.7,1,9.7,False,1.26,True,44.2,Gene / Cell Therapy,True,0,0,,,,0.0,True,False,False,-12.074931112078218,-0.8850071813434509,4.1,up,1,44.0,1,2026-05-13,True,False,,False,False,,,True,0,2.0,Phase 3 Program (+15pts) | Mid-Cap Acquisition Target (+11pts) | C-Level Insider Buying (+10pts),Only 3.7Q runway — verify solvency before entering; Moderate insider selling (1.3% of mcap); Change-of-control provisions in DEF 14A (undisclosed estimated payout); Process-evidence cap applied: no real process signal; score capped at 80,PENDING,,,,
2026-04-30T15:36:36.192656,PHAT,"Phathom Pharmaceuticals, Inc.",79.0,MEDIUM_CONVICTION,11.2,890.0,17.5,0,175.1,False,0.01,False,117.9,Neuroscience / CNS,True,0,0,,,,0.0,False,False,True,-7.098166510993515,-1.2523071865239954,2.3,up,5,60.0,0,,False,False,,False,False,Takeda,,True,0,2.0,Bolt-On Acquisition Sweet Spot (+16pts) | Commercial-Stage Company (+10pts) | Large Analyst-to-Market Gap (+10pts),Change-of-control provisions in DEF 14A (undisclosed estimated payout),PENDING,,,,
2026-04-30T15:36:55.619333,PRAX,"Praxis Precision Medicines, Inc.",80,MEDIUM_CONVICTION,318.83,6741.0,8.4,7,0.0,False,0.0,True,70.7,Neuroscience / CNS,True,0,0,,,14.95,-2032.6,False,True,False,-20.703495567021193,-0.37141985275196243,5.3,up,13,44.0,0,2026-05-01,True,False,,False,False,Merck,,True,8708648,7.0,Deep Phase 3 Pipeline (+25pts) | Strategic Cash Runway (+12pts) | Large Analyst-to-Market Gap (+10pts),Change-of-control provisions in DEF 14A ($8.7M estimated payout); Process-evidence cap applied: no real process signal; score capped at 80,PENDING,,,,
2026-04-30T15:37:02.886547,PRLD,Prelude Therapeutics Incorporated,95.5,HIGH_CONVICTION,5.23,291.0,5.4,0,12.1,False,0.0,True,53.0,ADC / Oncology Platform,True,0,0,,,5.02,-4.2,True,True,False,-1.4038781421858735,-1.1482567396914292,14.1,up,1,89.0,6,2026-05-05,True,True,Unknown,False,False,,,True,0,13.1,Bolt-On Acquisition Sweet Spot (+16pts) | SC 13D Filing: Activist investor (+11pts) | C-Level Insider Buying (+10pts),ACTIVIST 13D: Unknown (2026-04-23 00:00:00); Change-of-control provisions in DEF 14A (undisclosed estimated payout),PENDING,,,,
2026-04-30T15:37:11.478340,PRME,"Prime Medicine, Inc.",76.1,WATCH,3.545,640.0,4.9,0,4.6,False,0.0,True,386.6,Gene / Cell Therapy,True,0,0,,,,0.0,False,True,False,-2.909649100879658,-0.6647586959434884,,up,6,33.0,1,2026-05-07,True,False,,False,False,,,True,0,2.0,Bolt-On Acquisition Sweet Spot (+16pts) | Large Analyst-to-Market Gap (+10pts) | C-Level Insider Buying (+10pts),Change-of-control provisions in DEF 14A (undisclosed estimated payout),PENDING,,,,
2026-04-30T15:37:21.128090,PRTA,Prothena Corporation plc,80,WATCH,11.06,595.0,9.1,0,9.7,False,0.0,True,71.8,Neuroscience / CNS,True,0,0,,,3.37,-228.2,True,True,False,-1.1180404003510431,-0.6389541868186271,4.8,up,2,33.0,1,2026-05-14,True,False,,False,False,Bms,,True,0,2.0,Bolt-On Acquisition Sweet Spot (+16pts) | Strategic Cash Runway (+12pts) | Large Analyst-to-Market Gap (+10pts),Change-of-control provisions in DEF 14A (undisclosed estimated payout); Process-evidence cap applied: no real process signal; score capped at 80,PENDING,,,,
2026-04-30T15:37:32.103601,PTCT,"PTC Therapeutics, Inc.",80,MEDIUM_CONVICTION,65.06,5394.0,38.7,3,1730.7,True,0.17,True,37.8,Rare Disease (ODD),True,0,0,,,,0.0,False,False,True,6.251304174101912,0.3738746628174066,15.4,up,7,67.0,0,2026-05-07,True,False,,False,False,,,True,0,2.0,Deep Phase 3 Pipeline (+25pts) | Commercial-Stage Company (+10pts) | C-Level Insider Buying (+10pts),Change-of-control provisions in DEF 14A (undisclosed estimated payout); Process-evidence cap applied: no real process signal; score capped at 80,PENDING,,,,
2026-04-30T15:37:39.217715,PTGX,"Protagonist Therapeutics, Inc.",75.2,WATCH,98.97,6315.0,29.2,2,46.0,False,0.27,True,18.0,Autoimmune / Inflammation,True,0,0,,,,0.0,False,False,False,-42.42776737754322,-0.2523028074066392,20.5,up,7,56.0,0,2026-05-06,True,False,,False,False,,,True,0,2.0,Dual Phase 3 Programs (+20pts) | C-Level Insider Buying (+10pts) | Acquisition Pattern Match (+7pts),Change-of-control provisions in DEF 14A (undisclosed estimated payout),PENDING,,,,
2026-04-30T15:37:54.313605,QURE,uniQure N.V.,77.1,WATCH,19.95,1229.0,13.3,0,16.1,False,0.11,True,77.6,Neuroscience / CNS,True,0,0,,,,0.0,True,True,True,-10.260758351896339,-0.24217504449298885,13.1,up,7,67.0,1,2026-05-05,True,False,,False,False,,,True,0,2.0,Strategic Cash Runway (+12pts) | Mid-Cap Acquisition Target (+11pts) | Large Analyst-to-Market Gap (+10pts),Change-of-control provisions in DEF 14A (undisclosed estimated payout),PENDING,,,,
2026-04-30T15:38:01.627177,RAPT,"RAPT Therapeutics, Inc.",81.5,WATCH,58.005,959.0,13.3,0,0.0,False,1.75,False,-0.0,,True,0,0,,,,0.0,True,True,False,0.7475307648742013,-0.7001260320481494,,down,3,50.0,0,,False,False,,False,True,,merger agreement,False,0,35.0,ROFN Clause with major pharma (+35pts) | Bolt-On Acquisition Sweet Spot (+16pts) | Strategic Cash Runway (+12pts),Elevated insider selling (1.7% of mcap); ROFN clause detected in 8-K — major pharma has acquisition option,PENDING,,,,
2026-04-30T15:38:09.835766,RARE,Ultragenyx Pharmaceutical Inc.,80,MEDIUM_CONVICTION,24.69,2427.0,7.2,9,673.0,False,0.11,True,108.6,Rare Disease (ODD),True,0,0,,,,0.0,True,True,False,-6.2196,-0.435313262815297,4.3,up,6,44.0,0,2026-05-05,True,False,,False,False,,,True,0,2.0,Deep Phase 3 Pipeline (+25pts) | Mid-Cap Acquisition Target (+11pts) | Commercial-Stage Company (+10pts),Change-of-control provisions in DEF 14A (undisclosed estimated payout); Process-evidence cap applied: no real process signal; score capped at 80,PENDING,,,,
2026-04-30T15:38:20.223270,RCKT,"Rocket Pharmaceuticals, Inc.",80,MEDIUM_CONVICTION,3.48,380.0,4.4,0,0.0,False,0.03,True,43.7,Rare Disease (ODD),True,0,0,,,0.47,-634.1,False,True,True,-1.60491055340688,-0.7537851549357101,11.0,up,7,78.0,2,2026-05-14,True,False,,False,False,,,True,2500000,4.0,Bolt-On Acquisition Sweet Spot (+16pts) | C-Level Insider Buying (+10pts) | Acquisition Pattern Match (+9pts),Change-of-control provisions in DEF 14A ($2.5M estimated payout); Process-evidence cap applied: no real process signal; score capped at 80,PENDING,,,,
2026-04-30T15:38:28.400596,RCUS,"Arcus Biosciences, Inc.",80,MEDIUM_CONVICTION,25.5,2567.0,9.0,3,247.0,False,0.0,False,17.6,,True,0,0,,,,0.0,True,True,False,-7.272662686567164,-0.4251101321585903,14.7,up,6,78.0,3,2026-05-05,True,False,,False,False,Gilead,,True,1000000.0,4.0,Deep Phase 3 Pipeline (+25pts) | Strategic Cash Runway (+12pts) | Mid-Cap Acquisition Target (+11pts),Change-of-control provisions in DEF 14A ($1.0M estimated payout); Process-evidence cap applied: no real process signal; score capped at 80,PENDING,,,,
2026-04-30T15:38:36.925436,REPL,"Replimune Group, Inc.",80,MEDIUM_CONVICTION,2.57,212.0,3.7,2,0.0,False,0.02,True,386.4,ADC / Oncology Platform,True,0,0,,,0.33,-670.2,True,False,False,-2.955785983207574,-0.5307384739597808,6.3,up,1,44.0,0,2026-05-28,False,False,,False,False,,,True,0,2.0,Dual Phase 3 Programs (+20pts) | Bolt-On Acquisition Sweet Spot (+16pts) | Large Analyst-to-Market Gap (+10pts),Only 3.7Q runway — verify solvency before entering; Change-of-control provisions in DEF 14A (undisclosed estimated payout); Process-evidence cap applied: no real process signal; score capped at 80,PENDING,,,,
2026-04-30T15:38:51.392377,RGNX,REGENXBIO Inc.,80,MEDIUM_CONVICTION,8.97,463.0,4.3,2,170.4,False,0.04,False,187.1,Rare Disease (ODD),True,0,0,,,,0.0,False,True,False,-6.653958223144186,-0.42106720441342416,1.4,up,2,33.0,0,2026-05-11,True,False,,False,False,Abbvie,,True,550000,2.0,Dual Phase 3 Programs (+20pts) | Bolt-On Acquisition Sweet Spot (+16pts) | Commercial-Stage Company (+10pts),Change-of-control provisions in DEF 14A ($0.6M estimated payout); Process-evidence cap applied: no real process signal; score capped at 80,PENDING,,,,
2026-04-30T15:39:00.233012,RLAY,"Relay Therapeutics, Inc.",80,MEDIUM_CONVICTION,12.96,2316.0,10.4,1,15.4,False,0.02,True,66.7,ADC / Oncology Platform,True,0,0,,,,0.0,False,True,True,-5.129898947977811,-0.5049689917567112,,up,6,89.0,1,2026-05-04,True,False,,False,False,Pfizer,,True,0,2.0,Phase 3 Program (+15pts) | Strategic Cash Runway (+12pts) | Mid-Cap Acquisition Target (+11pts),Change-of-control provisions in DEF 14A (undisclosed estimated payout); Process-evidence cap applied: no real process signal; score capped at 80,PENDING,,,,
2026-04-30T15:39:12.531509,RVNC,"Revance Therapeutics, Inc.",80,MEDIUM_CONVICTION,3.65,381.0,4.5,0,234.0,False,0.0,False,469.3,Obesity / Metabolic,True,0,0,,,,0.0,True,True,False,-3.7322632875717816,-0.7917762269923316,4.2,up,1,57.0,0,2025-11-05,False,False,,False,False,,,False,0,0.0,Bolt-On Acquisition Sweet Spot (+16pts) | Commercial-Stage Company (+10pts) | Large Analyst-to-Market Gap (+10pts),Process-evidence cap applied: no real process signal; score capped at 80,PENDING,,,,
2026-04-30T15:39:23.383863,RXRX,"Recursion Pharmaceuticals, Inc.",80,MEDIUM_CONVICTION,3.46,1547.0,9.1,0,74.7,False,0.2,False,217.9,Autoimmune / Inflammation,True,0,0,,,,0.0,False,True,True,-2.0821574907576905,-0.48064558092790466,,down,4,44.0,2,2026-05-04,True,False,,False,False,Roche,,True,0,2.0,Strategic Cash Runway (+12pts) | Mid-Cap Acquisition Target (+11pts) | Commercial-Stage Company (+10pts),Change-of-control provisions in DEF 14A (undisclosed estimated payout); Process-evidence cap applied: no real process signal; score capped at 80,PENDING,,,,
2026-04-30T15:39:33.684771,RYTM,"Rhythm Pharmaceuticals, Inc.",80,MEDIUM_CONVICTION,81.36,5556.0,15.0,4,189.8,False,0.18,True,72.1,Obesity / Metabolic,True,0,0,,,,0.0,False,False,False,-41.05247501128526,-0.5010882102724962,7.5,up,5,33.0,1,2026-05-05,True,False,,False,False,,,True,600000,2.0,Deep Phase 3 Pipeline (+25pts) | Strategic Cash Runway (+12pts) | Commercial-Stage Company (+10pts),Change-of-control provisions in DEF 14A ($0.6M estimated payout); Process-evidence cap applied: no real process signal; score capped at 80,PENDING,,,,
2026-04-30T15:39:41.344310,RZLT,"Rezolute, Inc.",80,MEDIUM_CONVICTION,3.2,306.0,7.0,2,0.0,False,0.05,True,97.8,Rare Disease (ODD),True,0,0,,,1.15,-178.3,False,False,False,-3.0860953557968016,-0.48653553376773645,1.8,up,3,33.0,0,2026-05-12,True,False,,False,False,,,True,0,2.0,Dual Phase 3 Programs (+20pts) | Bolt-On Acquisition Sweet Spot (+16pts) | Large Analyst-to-Market Gap (+10pts),Change-of-control provisions in DEF 14A (undisclosed estimated payout); Process-evidence cap applied: no real process signal; score capped at 80,PENDING,,,,
2026-04-30T15:39:59.303304,SANA,"Sana Biotechnology, Inc.",80,WATCH,3.29,878.0,4.5,0,0.0,False,0.01,True,163.5,Rare Disease (ODD),True,0,0,,,,0.0,False,True,True,-5.822714917399893,-0.5408012415675924,,up,2,67.0,0,2026-05-14,True,False,,False,False,Takeda,collaboration and license,True,1500000,9.0,Bolt-On Acquisition Sweet Spot (+16pts) | Large Analyst-to-Market Gap (+10pts) | C-Level Insider Buying (+10pts),Exclusive/co-dev agreement with Takeda detected in 8-K; Change-of-control provisions in DEF 14A ($1.5M estimated payout); Process-evidence cap applied: no real process signal; score capped at 80,PENDING,,,,
2026-04-30T15:40:19.978476,SDGR,"Schrödinger, Inc.",100,HIGH_CONVICTION,11.96,883.0,10.1,0,255.9,False,0.2,True,50.5,Neuroscience / CNS,True,0,0,,,,0.0,False,True,False,-12.376195882206346,-0.3015633243952327,20.6,up,3,56.0,3,2026-05-05,True,False,,True,False,Lilly,exploring strategic,True,0,32.0,STRATEGIC ALTERNATIVES DISCLOSED (+30pts) | Bolt-On Acquisition Sweet Spot (+16pts) | Strategic Cash Runway (+12pts),STRATEGIC ALTERNATIVES in 8-K — board hired a banker; Change-of-control provisions in DEF 14A (undisclosed estimated payout),PENDING,,,,
2026-04-30T15:40:31.527996,SIGA,"SIGA Technologies, Inc.",80,MEDIUM_CONVICTION,4.6,330.0,14.5,0,94.6,True,0.11,False,0,,True,0,0,,,8.81,47.8,True,False,False,11.668567962522445,0.08989360357367478,3.1,down,1,0,0,2026-05-07,True,False,,False,False,,,True,0,2.0,Bolt-On Acquisition Sweet Spot (+16pts) | Strategic Cash Runway (+12pts) | Commercial-Stage Company (+10pts),Change-of-control provisions in DEF 14A (undisclosed estimated payout); Process-evidence cap applied: no real process signal; score capped at 80,PENDING,,,,
2026-04-30T15:40:43.501734,SMMT,Summit Therapeutics Inc.,80,MEDIUM_CONVICTION,21.46,16640.0,7.3,4,0.0,False,0.0,False,36.7,Neuroscience / CNS,True,0,0,,,0.34,-6162.2,False,True,False,-16.06873098659885,-1.5998095286091814,11.6,up,6,38.0,0,2026-05-07,True,False,,False,False,,,True,1000000,4.0,Deep Phase 3 Pipeline (+25pts) | Strategic Price Discount (+8pts) | Motivated Cash Position (+8pts),Change-of-control provisions in DEF 14A ($1.0M estimated payout); Process-evidence cap applied: no real process signal; score capped at 80,PENDING,,,,
2026-04-30T15:40:51.759329,SNDX,"Syndax Pharmaceuticals, Inc.",80,MEDIUM_CONVICTION,21.43,1890.0,5.9,1,172.4,False,0.03,True,83.5,,True,0,0,,,15.12,-41.7,False,False,True,-8.0729792241602,-0.6659578307670547,7.2,up,5,67.0,0,2026-04-30,False,False,,False,False,,,False,0,0.0,Phase 3 Program (+15pts) | Mid-Cap Acquisition Target (+11pts) | Commercial-Stage Company (+10pts),Process-evidence cap applied: no real process signal; score capped at 80,PENDING,,,,
2026-04-30T15:41:07.150434,SRPT,"Sarepta Therapeutics, Inc.",80,MEDIUM_CONVICTION,20.88,2192.0,64.4,4,2198.2,False,0.02,True,18.0,Rare Disease (ODD),True,0,0,,,,0.0,True,False,False,-3.848017371094166,-0.29032900204757306,18.0,up,13,67.0,0,2026-05-06,True,False,,False,False,Roche,,True,0,2.0,Deep Phase 3 Pipeline (+25pts) | Mid-Cap Acquisition Target (+11pts) | Commercial-Stage Company (+10pts),Change-of-control provisions in DEF 14A (undisclosed estimated payout); Process-evidence cap applied: no real process signal; score capped at 80,PENDING,,,,
2026-04-30T15:41:22.280714,STRO,"Sutro Biopharma, Inc.",80,MEDIUM_CONVICTION,36.62,311.0,4.4,0,102.5,False,0.05,True,36.5,Autoimmune / Inflammation,True,0,0,,,,0.0,True,True,False,-0.5722080024173393,-0.9851704128860336,,up,6,56.0,1,2026-05-14,True,False,,False,False,,,True,0,2.0,Bolt-On Acquisition Sweet Spot (+16pts) | Commercial-Stage Company (+10pts) | C-Level Insider Buying (+10pts),Change-of-control provisions in DEF 14A (undisclosed estimated payout); Process-evidence cap applied: no real process signal; score capped at 80,PENDING,,,,
2026-04-30T15:41:30.538885,SUPN,"Supernus Pharmaceuticals, Inc.",80,MEDIUM_CONVICTION,48,2764.0,5.0,4,719.0,False,0.54,True,25.0,Neuroscience / CNS,True,0,0,,,93.1,48.4,False,False,False,66.2898853575261,-0.02576191054952827,6.8,flat,2,78.0,7,2026-05-05,True,False,,False,False,Biogen,,False,0,0.0,Deep Phase 3 Pipeline (+25pts) | Mid-Cap Acquisition Target (+11pts) | Commercial-Stage Company (+10pts),Moderate insider selling (0.5% of mcap); Process-evidence cap applied: no real process signal; score capped at 80,PENDING,,,,
2026-04-30T15:41:45.874528,TARA,"Protara Therapeutics, Inc.",80,MEDIUM_CONVICTION,5.33,206.0,10.6,1,0.0,False,0.06,False,125.1,Obesity / Metabolic,True,0,0,,,1.03,-417.5,True,True,False,-2.8357543983984295,-0.3231149666367991,5.2,up,3,78.0,0,2026-05-14,True,False,,False,False,,,True,0,2.0,Bolt-On Acquisition Sweet Spot (+16pts) | Phase 3 Program (+15pts) | Strategic Cash Runway (+12pts),Change-of-control provisions in DEF 14A (undisclosed estimated payout); Process-evidence cap applied: no real process signal; score capped at 80,PENDING,,,,
2026-04-30T15:41:54.809527,TARS,"Tarsus Pharmaceuticals, Inc.",75.0,WATCH,63.61,2707.0,,0,451.4,False,0.29,True,40.4,,True,0,0,,,,0.0,True,False,False,-62.141286119982084,-0.16641302996977464,6.9,up,3,78.0,0,2026-05-07,True,False,,False,False,,,True,0,2.0,Mid-Cap Acquisition Target (+11pts) | Commercial-Stage Company (+10pts) | C-Level Insider Buying (+10pts),Change-of-control provisions in DEF 14A (undisclosed estimated payout),PENDING,,,,
2026-04-30T15:42:08.377633,TBPH,"Theravance Biopharma, Inc.",100,HIGH_CONVICTION,16.74,862.0,50.2,1,107.5,False,0.39,False,61.3,Autoimmune / Inflammation,True,0,0,,,,0.0,True,True,False,-109.8335364118484,-0.023684942114271985,14.6,up,2,44.0,0,2026-05-14,True,False,,True,False,,strategic alternatives,True,0,32.0,STRATEGIC ALTERNATIVES DISCLOSED (+30pts) | Bolt-On Acquisition Sweet Spot (+16pts) | Phase 3 Program (+15pts),STRATEGIC ALTERNATIVES in 8-K — board hired a banker; Change-of-control provisions in DEF 14A (undisclosed estimated payout),PENDING,,,,
2026-04-30T15:42:17.204611,TCMD,"Tactile Systems Technology, Inc.",80,MEDIUM_CONVICTION,23.02,524.0,,0,329.5,True,0.27,False,68.3,,True,0,0,,,57.14,59.7,False,False,False,16.586615138355324,0.07549929677659684,10.6,up,1,89.0,3,2026-05-04,True,False,,False,False,,,True,0,2.0,Bolt-On Acquisition Sweet Spot (+16pts) | Commercial-Stage Company (+10pts) | Large Analyst-to-Market Gap (+10pts),Change-of-control provisions in DEF 14A (undisclosed estimated payout); Process-evidence cap applied: no real process signal; score capped at 80,PENDING,,,,
2026-04-30T15:42:29.025947,TERN,"Terns Pharmaceuticals, Inc.",84.3,WATCH,52.93,4768.0,52.4,0,0.0,False,0.03,True,5.0,Obesity / Metabolic,True,0,0,,,5.6,-845.2,True,True,True,-29.422300937125424,-0.10912647489300306,,up,3,89.0,8,2026-05-14,True,False,,False,True,Merck,right of first negotiation,False,0,35.0,ROFN Clause with Merck (+35pts) | C-Level Insider Buying (+10pts) | Acquisition Pattern Match (+7pts),ROFN clause detected in 8-K — Merck has acquisition option,PENDING,,,,
2026-04-30T15:42:37.394839,TGTX,"TG Therapeutics, Inc.",80,MEDIUM_CONVICTION,33.78,5394.0,6.1,3,616.3,True,0.0,False,15.5,Autoimmune / Inflammation,True,0,0,,,,0.0,False,True,False,33.37029637067304,0.13544095407435391,8.8,up,3,44.0,0,2026-05-04,True,False,,False,False,,,True,16700000.0,10.0,Deep Phase 3 Pipeline (+25pts) | Commercial-Stage Company (+10pts) | Acquisition Pattern Match (+10pts),Change-of-control provisions in DEF 14A ($16.7M estimated payout); Process-evidence cap applied: no real process signal; score capped at 80,PENDING,,,,
2026-04-30T15:42:51.275499,TVTX,"Travere Therapeutics, Inc.",80,MEDIUM_CONVICTION,42.12,3891.0,,4,490.7,False,0.58,True,22.3,Rare Disease (ODD),True,0,0,,,,0.0,True,True,False,164.03282810018905,-0.1392493162101418,8.2,up,4,44.0,0,2026-05-04,True,False,,False,False,,,True,0,2.0,Deep Phase 3 Pipeline (+25pts) | Commercial-Stage Company (+10pts) | C-Level Insider Buying (+10pts),Moderate insider selling (0.6% of mcap); Change-of-control provisions in DEF 14A (undisclosed estimated payout); Process-evidence cap applied: no real process signal; score capped at 80,PENDING,,,,
2026-04-30T15:43:08.270340,VERA,"Vera Therapeutics, Inc.",80,MEDIUM_CONVICTION,35.61,2554.0,10.8,1,0.0,False,0.1,True,117.9,,True,0,0,,,4.05,-779.3,False,False,False,-10.20304488750656,-0.46268620496928115,5.2,up,6,11.0,0,2026-05-05,True,False,,False,False,,exclusive license agreement,True,0,10.0,Phase 3 Program (+15pts) | Strategic Cash Runway (+12pts) | Mid-Cap Acquisition Target (+11pts),Exclusive/co-dev agreement with major pharma detected in 8-K; Change-of-control provisions in DEF 14A (undisclosed estimated payout); Process-evidence cap applied: no real process signal; score capped at 80,PENDING,,,,
2026-04-30T15:43:19.895589,VERV,"Verve Therapeutics, Inc.",72.1,WATCH,11.13,994.0,14.5,0,32.3,False,0.0,False,61.7,Gene / Cell Therapy,True,0,0,,,,0.0,True,False,False,-1.6910536498623296,-0.3718502256372728,,down,5,90.0,9,,False,False,,False,False,Eli Lilly,merger agreement,False,0,0.0,Bolt-On Acquisition Sweet Spot (+16pts) | Strategic Cash Runway (+12pts) | Large Analyst-to-Market Gap (+10pts),,PENDING,,,,
2026-04-30T15:43:37.070474,VIR,"Vir Biotechnology, Inc.",80,MEDIUM_CONVICTION,10.215,1647.0,4.8,2,68.6,False,0.15,True,108.4,Neuroscience / CNS,True,0,0,,,,0.0,False,True,False,-1.8495555553286867,-0.509378475978607,,up,3,44.0,1,2026-05-06,True,False,,False,False,,,True,0,2.0,Dual Phase 3 Programs (+20pts) | Mid-Cap Acquisition Target (+11pts) | Commercial-Stage Company (+10pts),Change-of-control provisions in DEF 14A (undisclosed estimated payout); Process-evidence cap applied: no real process signal; score capped at 80,PENDING,,,,
2026-04-30T15:43:49.331964,VNDA,Vanda Pharmaceuticals Inc.,80,MEDIUM_CONVICTION,7.1,420.0,8.6,11,216.1,False,0.67,False,99.6,Neuroscience / CNS,True,0,0,,,,0.0,True,False,False,-3.213872681273384,-0.4327233276368935,6.3,up,1,67.0,1,2026-05-06,True,False,,False,False,,,True,0,2.0,Deep Phase 3 Pipeline (+25pts) | Bolt-On Acquisition Sweet Spot (+16pts) | Strategic Cash Runway (+12pts),Moderate insider selling (0.7% of mcap); Change-of-control provisions in DEF 14A (undisclosed estimated payout); Process-evidence cap applied: no real process signal; score capped at 80,PENDING,,,,
2026-04-30T15:44:05.017052,XENE,Xenon Pharmaceuticals Inc.,80,MEDIUM_CONVICTION,56.04,4424.0,7.2,8,7.5,False,0.44,True,43.1,Neuroscience / CNS,True,0,0,,,2.44,-2196.7,False,False,False,-9.817217183008083,-0.3962881249528633,10.6,up,7,67.0,0,2026-05-11,True,False,,False,False,,,True,0,2.0,Deep Phase 3 Pipeline (+25pts) | C-Level Insider Buying (+10pts) | Acquisition Pattern Match (+10pts),Change-of-control provisions in DEF 14A (undisclosed estimated payout); Process-evidence cap applied: no real process signal; score capped at 80,PENDING,,,,
2026-04-30T15:44:12.624193,XNCR,"Xencor, Inc.",80,MEDIUM_CONVICTION,11.93,875.0,13.3,0,125.6,False,0.07,True,171.0,Autoimmune / Inflammation,True,0,0,,,,0.0,False,True,True,-27.038592805449127,-0.21486276778862098,,up,4,56.0,3,2026-05-06,True,False,,False,False,Roche,collaboration and license,True,0,7.0,Bolt-On Acquisition Sweet Spot (+16pts) | Strategic Cash Runway (+12pts) | Commercial-Stage Company (+10pts),Exclusive/co-dev agreement with Roche detected in 8-K; Change-of-control provisions in DEF 14A (undisclosed estimated payout); Process-evidence cap applied: no real process signal; score capped at 80,PENDING,,,,
2026-04-30T15:44:20.432927,YMAB,"Y-mAbs Therapeutics, Inc.",100,HIGH_CONVICTION,8.61,391.0,9.0,0,87.7,False,0.0,False,47.6,ADC / Oncology Platform,True,0,0,,,,0.0,True,True,False,-9.152865468597144,-0.3206266013822105,11.0,up,3,60.0,2,,False,False,,False,False,,merger agreement,False,0,35.0,FINANCIAL ADVISOR RETAINED / POTENTIAL SALE (+35pts) | Bolt-On Acquisition Sweet Spot (+16pts) | Strategic Cash Runway (+12pts),Financial advisor retained or potential sale language in 8-K,PENDING,,,,
2026-04-30T15:44:27.767586,ZBIO,"Zenas BioPharma, Inc.",80,MEDIUM_CONVICTION,19.32,862.0,7.3,4,10.0,False,0.0,True,73.4,Autoimmune / Inflammation,True,0,0,,,,0.0,False,False,False,-7.54022963303664,-0.6561218981892994,,up,3,33.0,0,2026-05-14,True,False,,False,False,,,True,0,2.0,Deep Phase 3 Pipeline (+25pts) | Bolt-On Acquisition Sweet Spot (+16pts) | Large Analyst-to-Market Gap (+10pts),Change-of-control provisions in DEF 14A (undisclosed estimated payout); Process-evidence cap applied: no real process signal; score capped at 80,PENDING,,,,
2026-04-30T15:44:40.211411,ZYME,Zymeworks Inc.,80,MEDIUM_CONVICTION,27.54,2046.0,11.1,0,106.0,False,0.0,True,39.2,ADC / Oncology Platform,True,0,0,,,,0.0,False,True,False,0.25646712663006527,-0.30079628185127405,29.9,up,7,56.0,0,2026-05-07,True,False,,False,False,Pfizer,,True,0,2.0,Strategic Cash Runway (+12pts) | Mid-Cap Acquisition Target (+11pts) | Commercial-Stage Company (+10pts),Change-of-control provisions in DEF 14A (undisclosed estimated payout); Process-evidence cap applied: no real process signal; score capped at 80,PENDING,,,,
2026-05-01T18:05:13.694036,ABCL,AbCellera Biologics Inc.,72,WATCH,4.43,1343.0,12.8,0,75.1,False,0.0,True,355.3,,False,2,3,4.16,MEDIUM_CONVICTION,,0.0,True,True,False,-6.49695813027589,-0.1378427271740684,,up,3,67.0,1,2026-05-11,True,False,,False,False,,,True,0,2.0,Strategic Cash Runway (+12pts) | Mid-Cap Acquisition Target (+11pts) | Commercial-Stage Company (+10pts),Change-of-control provisions in DEF 14A (undisclosed estimated payout); Process-evidence cap applied: no real process signal; score capped at 80; PRICED-IN: +128% from 52-week low — M&A premium may be partially reflected in price (-8 pts),PENDING,,,,
2026-05-01T18:05:14.124645,ABUS,Arbutus Biopharma Corporation,96.2,HIGH_CONVICTION,4.32,851.0,17.4,0,14.1,False,0.0,True,96.8,Neuroscience / CNS,False,2,3,4.15,HIGH_CONVICTION,,0.0,True,False,False,-34.01431639688249,-0.3034017878172703,12.7,up,1,44.0,3,2026-05-13,True,True,Unknown,False,False,Pfizer,,True,0,13.6,Bolt-On Acquisition Sweet Spot (+16pts) | SC 13D Filing: Activist investor (+12pts) | Large Analyst-to-Market Gap (+10pts),ACTIVIST 13D: Unknown (2026-04-28 00:00:00); Change-of-control provisions in DEF 14A (undisclosed estimated payout),PENDING,,,,
2026-05-01T18:05:12.767678,ACAD,ACADIA Pharmaceuticals Inc.,80,MEDIUM_CONVICTION,21.95,3758.0,16.8,5,1071.5,True,0.02,True,58.5,Neuroscience / CNS,False,2,3,22.67,HIGH_CONVICTION,,0.0,False,True,False,31.65805052410298,0.08070368078014381,8.4,up,15,89.0,8,2026-05-06,True,False,,False,False,,,True,0,2.0,Deep Phase 3 Pipeline (+25pts) | Commercial-Stage Company (+10pts) | C-Level Insider Buying (+10pts),Change-of-control provisions in DEF 14A (undisclosed estimated payout); Process-evidence cap applied: no real process signal; score capped at 80,PENDING,,,,
2026-05-01T17:46:44.620579,ACLX,"Arcellx, Inc.",48.3,MEDIUM_CONVICTION,115.07,6732.0,8.4,0,22.3,False,4.05,True,-2.3,ADC / Oncology Platform,False,2,3,115.05,HIGH_CONVICTION,0.94,-12168.8,True,True,True,-18.62471842561209,-0.49881545544851075,15.5,up,5,56.0,0,2026-05-07,True,True,Unknown,False,False,,,False,0,11.9,Strategic Cash Runway (+12pts) | SC 13D Filing: Activist investor (+12pts) | C-Level Insider Buying (+10pts),"Heavy insider selling (4.1% of mcap) — leadership exiting, not deal prep; ACTIVIST 13D: Unknown (2026-04-30 00:00:00)",PENDING,,,,
2026-05-01T18:05:15.413102,ACRS,"Aclaris Therapeutics, Inc.",72,WATCH,4.41,532.0,7.5,0,7.8,False,0.04,True,126.8,Autoimmune / Inflammation,False,2,3,4.22,WATCH,,0.0,True,True,True,-5.450324212877506,-0.5769986250245531,,up,3,56.0,0,2026-05-14,True,False,,False,False,Eli Lilly,,True,0,2.0,Bolt-On Acquisition Sweet Spot (+16pts) | Large Analyst-to-Market Gap (+10pts) | C-Level Insider Buying (+10pts),Change-of-control provisions in DEF 14A (undisclosed estimated payout); Process-evidence cap applied: no real process signal; score capped at 80; PRICED-IN: +280% from 52-week low — M&A premium may be partially reflected in price (-8 pts),PENDING,,,,
2026-05-01T18:05:15.039969,ADCT,ADC Therapeutics S.A.,72,WATCH,3.83,487.0,8.6,1,81.4,False,0.16,True,95.8,ADC / Oncology Platform,False,2,3,3.77,HIGH_CONVICTION,,0.0,False,False,False,-5.879847668140804,-0.4229114256803973,4.7,up,2,56.0,2,2026-05-04,True,False,,True,False,,strategic alternatives,True,2453150,12.0,Bolt-On Acquisition Sweet Spot (+16pts) | Phase 3 Program (+15pts) | Strategic Cash Runway (+12pts),Strategic alternatives in 8-K (boilerplate — cap not cleared); Change-of-control provisions in DEF 14A ($2.5M estimated payout); Process-evidence cap applied: no real process signal; score capped at 80; PRICED-IN: +213% from 52-week low — M&A premium may be partially reflected in price (-8 pts),PENDING,,,,
2026-05-01T18:05:17.046518,ADMA,"ADMA Biologics, Inc.",80,MEDIUM_CONVICTION,10.52,2444.0,,0,510.2,True,0.18,True,113.9,Rare Disease (ODD),False,2,3,10.9,HIGH_CONVICTION,,0.0,False,True,False,21.928562320000804,0.2756813082731932,4.5,up,1,67.0,1,2026-05-06,True,False,,False,False,,,True,0,2.0,Mid-Cap Acquisition Target (+11pts) | Commercial-Stage Company (+10pts) | Large Analyst-to-Market Gap (+10pts),Change-of-control provisions in DEF 14A (undisclosed estimated payout); Process-evidence cap applied: no real process signal; score capped at 80,PENDING,,,,
2026-05-01T18:05:16.630015,ADPT,Adaptive Biotechnologies Corporation,72,WATCH,14.27,2197.0,31.8,0,277.0,False,0.6,True,48.9,Autoimmune / Inflammation,False,2,3,14.04,HIGH_CONVICTION,,0.0,True,True,False,-89.59503080345773,-0.1309010662651845,,down,3,100.0,9,2026-05-05,True,False,,False,False,Pfizer,,True,0,2.0,Mid-Cap Acquisition Target (+11pts) | Commercial-Stage Company (+10pts) | C-Level Insider Buying (+10pts),Moderate insider selling (0.6% of mcap); Change-of-control provisions in DEF 14A (undisclosed estimated payout); Process-evidence cap applied: no real process signal; score capped at 80; PRICED-IN: +70% from 52-week low — M&A premium may be partially reflected in price (-8 pts),PENDING,,,,
2026-05-01T18:05:18.685036,AGIO,"Agios Pharmaceuticals, Inc.",80,MEDIUM_CONVICTION,28.16,1675.0,6.9,6,54.0,False,0.15,True,34.1,,False,2,3,24.8,HIGH_CONVICTION,,0.0,True,False,True,-3.3212835259928686,-0.3818457671277085,71.8,up,7,56.0,3,2026-07-30,False,False,,False,False,,,True,0,2.0,Deep Phase 3 Pipeline (+25pts) | Mid-Cap Acquisition Target (+11pts) | Commercial-Stage Company (+10pts),Change-of-control provisions in DEF 14A (undisclosed estimated payout); Process-evidence cap applied: no real process signal; score capped at 80,PENDING,,,,
2026-05-01T18:05:20.128509,AHCO,AdaptHealth Corp.,71.4,WATCH,13.17,1790.0,,0,3244.9,True,0.09,True,-8.9,Neuroscience / CNS,False,2,3,13.38,MEDIUM_CONVICTION,29.78,55.8,True,True,False,6.2400090540862525,0.05071321844588296,8.6,up,1,33.0,0,2026-05-05,True,False,,False,False,,,True,1000000,4.0,Mid-Cap Acquisition Target (+11pts) | Commercial-Stage Company (+10pts) | C-Level Insider Buying (+10pts),Change-of-control provisions in DEF 14A ($1.0M estimated payout); PRICED-IN: +66% from 52-week low — M&A premium may be partially reflected in price (-8 pts),PENDING,,,,
2026-05-01T18:05:20.944689,ALKS,Alkermes plc,80,MEDIUM_CONVICTION,33.38,5563.0,,5,1475.9,True,0.12,True,31.8,Neuroscience / CNS,False,2,3,34.14,HIGH_CONVICTION,38.34,12.9,False,False,False,10.754605551055933,0.10562730407367017,10.3,up,5,44.0,0,2026-05-05,True,False,,False,False,Johnson & Johnson,,True,0,2.0,Deep Phase 3 Pipeline (+25pts) | Commercial-Stage Company (+10pts) | C-Level Insider Buying (+10pts),Change-of-control provisions in DEF 14A (undisclosed estimated payout); Process-evidence cap applied: no real process signal; score capped at 80,PENDING,,,,
2026-05-01T18:05:22.417065,ALLO,"Allogene Therapeutics, Inc.",72,WATCH,2.15,524.0,8.7,0,0.0,False,0.1,True,199.1,Renal / Nephrology,False,2,3,2.19,MEDIUM_CONVICTION,,0.0,False,False,False,-1.673451008510901,-0.5397440211168233,2.7,up,5,78.0,3,2026-05-12,True,False,,False,False,,,True,738480,2.0,Bolt-On Acquisition Sweet Spot (+16pts) | Strategic Cash Runway (+12pts) | Large Analyst-to-Market Gap (+10pts),Change-of-control provisions in DEF 14A ($0.7M estimated payout); Process-evidence cap applied: no real process signal; score capped at 80; PRICED-IN: +150% from 52-week low — M&A premium may be partially reflected in price (-8 pts),PENDING,,,,
2026-05-01T18:05:19.892413,ALPN,"Alpine Immune Sciences, Inc.",72,WATCH,64.97,4457.0,13.1,1,58.9,False,0.0,False,-15.3,Autoimmune / Inflammation,False,2,3,64.97,HIGH_CONVICTION,,0.0,True,True,False,-29.260975621358295,-0.13061419665627658,,up,5,50.0,5,,False,False,,False,False,,,False,0,0.0,Phase 3 Program (+15pts) | Strategic Cash Runway (+12pts) | Commercial-Stage Company (+10pts),Process-evidence cap applied: no real process signal; score capped at 80; PRICED-IN: +680% from 52-week low — M&A premium may be partially reflected in price (-8 pts),PENDING,,,,
2026-05-01T18:05:21.880872,ALVO,Alvotech,80,WATCH,3.46,1080.0,2.9,1,586.3,True,0.0,False,148.6,Autoimmune / Inflammation,False,2,3,3.52,WATCH,,0.0,True,False,False,8.377003237586932,0.012998072515744738,3.4,up,3,56.0,0,2026-05-06,True,False,,False,False,,,False,0,0.0,Phase 3 Program (+15pts) | Mid-Cap Acquisition Target (+11pts) | Commercial-Stage Company (+10pts),Only 2.9Q runway — verify solvency before entering; Process-evidence cap applied: no real process signal; score capped at 80,PENDING,,,,
2026-05-01T18:05:23.490680,AMPH,"Amphastar Pharmaceuticals, Inc.",80,MEDIUM_CONVICTION,21.88,974.0,,1,719.9,True,0.14,True,18.8,,False,2,3,21.82,MEDIUM_CONVICTION,89.9,75.7,True,True,False,11.653549780356125,0.07523942087748099,7.3,flat,2,56.0,0,2026-05-07,True,False,,False,False,Eli Lilly,,True,0,2.0,Bolt-On Acquisition Sweet Spot (+16pts) | Phase 3 Program (+15pts) | Commercial-Stage Company (+10pts),Change-of-control provisions in DEF 14A (undisclosed estimated payout); Process-evidence cap applied: no real process signal; score capped at 80,PENDING,,,,
2026-05-01T18:05:24.458602,AMRN,Amarin Corporation plc,78.5,MEDIUM_CONVICTION,14.07,291.0,,0,213.6,False,0.06,True,-84.6,,False,1,1,13.93,WATCH,,0.0,False,False,True,-5.0573359585617785,-0.029268384976647372,74.1,up,1,44.0,0,2026-07-29,False,False,,False,False,,,True,16247909,10.0,Bolt-On Acquisition Sweet Spot (+16pts) | Commercial-Stage Company (+10pts) | C-Level Insider Buying (+10pts),Change-of-control provisions in DEF 14A ($16.2M estimated payout),PENDING,,,,
2026-05-01T18:05:25.004590,ANAB,"AnaptysBio, Inc.",72,WATCH,66.76,2879.0,11.4,0,234.6,True,1.21,True,10.7,,False,1,1,65.73,MEDIUM_CONVICTION,,0.0,True,True,False,13.395665255668833,0.14609120024401404,10.5,up,2,78.0,6,2026-05-04,True,False,,False,False,Biogen,,False,0,0.0,Strategic Cash Runway (+12pts) | Mid-Cap Acquisition Target (+11pts) | Commercial-Stage Company (+10pts),Moderate insider selling (1.2% of mcap); Process-evidence cap applied: no real process signal; score capped at 80; PRICED-IN: +485% from 52-week low — M&A premium may be partially reflected in price (-8 pts),PENDING,,,,
2026-05-01T18:05:26.754528,ANIP,"ANI Pharmaceuticals, Inc.",80,MEDIUM_CONVICTION,80.39,1829.0,,0,883.4,True,0.9,True,54.2,Neuroscience / CNS,False,1,1,79.45,MEDIUM_CONVICTION,1130.46,92.9,True,True,False,7.828482061871586,0.05631817671625445,6.0,up,2,100.0,9,2026-05-08,True,False,,False,False,,,True,1000000.0,4.0,Mid-Cap Acquisition Target (+11pts) | Commercial-Stage Company (+10pts) | C-Level Insider Buying (+10pts),Moderate insider selling (0.9% of mcap); Change-of-control provisions in DEF 14A ($1.0M estimated payout); Process-evidence cap applied: no real process signal; score capped at 80,PENDING,,,,
2026-05-01T18:05:28.102712,ANNX,"Annexon, Inc.",72,WATCH,5.75,688.0,4.9,2,0.0,False,0.05,True,178.3,Autoimmune / Inflammation,False,1,1,5.87,MEDIUM_CONVICTION,0.79,-629.9,False,False,False,-3.0070653903263986,-0.9098503672498097,2.2,up,2,56.0,1,2026-05-11,True,False,,False,False,,,True,0,2.0,Dual Phase 3 Programs (+20pts) | Bolt-On Acquisition Sweet Spot (+16pts) | Large Analyst-to-Market Gap (+10pts),Change-of-control provisions in DEF 14A (undisclosed estimated payout); Process-evidence cap applied: no real process signal; score capped at 80; PRICED-IN: +259% from 52-week low — M&A premium may be partially reflected in price (-8 pts),PENDING,,,,
2026-05-01T18:05:27.934738,APLS,"Apellis Pharmaceuticals, Inc.",98.7,HIGH_CONVICTION,40.96,5244.0,33.0,3,1003.8,True,0.0,True,-24.3,Autoimmune / Inflammation,False,1,1,40.95,HIGH_CONVICTION,,0.0,True,True,False,45.492819201371525,0.06037969637709708,16.7,up,9,50.0,0,2026-07-30,False,False,,False,False,Biogen,merger agreement,False,0,0.0,Deep Phase 3 Pipeline (+25pts) | Commercial-Stage Company (+10pts) | C-Level Insider Buying (+10pts),,PENDING,,,,
2026-05-01T18:05:29.079057,ARCT,Arcturus Therapeutics Holdings Inc.,80,MEDIUM_CONVICTION,8.63,245.0,13.8,0,67.2,False,0.0,False,160.7,Obesity / Metabolic,False,1,1,8.62,MEDIUM_CONVICTION,,0.0,True,True,False,0.5287754761573752,-0.3136415560939481,,up,5,78.0,0,2026-05-07,True,False,,False,False,Abbvie,,True,1691000,4.0,Bolt-On Acquisition Sweet Spot (+16pts) | Strategic Cash Runway (+12pts) | Commercial-Stage Company (+10pts),Change-of-control provisions in DEF 14A ($1.7M estimated payout); Process-evidence cap applied: no real process signal; score capped at 80,PENDING,,,,
2026-05-01T18:05:30.034099,ARDX,"Ardelyx, Inc.",72,WATCH,6.88,1687.0,7.4,3,407.3,False,0.08,True,147.1,Renal / Nephrology,False,1,1,6.33,MEDIUM_CONVICTION,,0.0,True,False,True,-53.09096639015528,-0.09886411341494603,3.0,up,6,56.0,0,2026-08-03,False,False,,False,False,,,True,760246,2.0,Deep Phase 3 Pipeline (+25pts) | Mid-Cap Acquisition Target (+11pts) | Commercial-Stage Company (+10pts),Change-of-control provisions in DEF 14A ($0.8M estimated payout); Process-evidence cap applied: no real process signal; score capped at 80; PRICED-IN: +114% from 52-week low — M&A premium may be partially reflected in price (-8 pts),PENDING,,,,
2026-05-01T18:05:30.628136,ARQT,"Arcutis Biotherapeutics, Inc.",72,WATCH,23.35,2920.0,126.0,0,376.1,False,0.19,True,52.0,Autoimmune / Inflammation,False,1,1,23.22,MEDIUM_CONVICTION,,0.0,True,False,False,1475.0945,-0.04020254163447153,7.8,up,7,89.0,8,2026-05-06,True,False,,False,False,Pfizer,,True,1000000.0,4.0,Mid-Cap Acquisition Target (+11pts) | Commercial-Stage Company (+10pts) | C-Level Insider Buying (+10pts),Change-of-control provisions in DEF 14A ($1.0M estimated payout); Process-evidence cap applied: no real process signal; score capped at 80; PRICED-IN: +88% from 52-week low — M&A premium may be partially reflected in price (-8 pts),PENDING,,,,
2026-05-01T18:05:31.661063,ARVN,"Arvinas, Inc.",72,WATCH,10.51,672.0,15.3,0,262.6,False,0.13,True,23.7,ADC / Oncology Platform,False,1,1,9.9,MEDIUM_CONVICTION,,0.0,True,False,True,-8.437104913678619,-0.19909894299081615,,up,6,78.0,0,2026-05-07,True,False,,False,False,Pfizer,,True,0,2.0,Bolt-On Acquisition Sweet Spot (+16pts) | Strategic Cash Runway (+12pts) | Commercial-Stage Company (+10pts),Change-of-control provisions in DEF 14A (undisclosed estimated payout); Process-evidence cap applied: no real process signal; score capped at 80; PRICED-IN: +78% from 52-week low — M&A premium may be partially reflected in price (-8 pts),PENDING,,,,
2026-05-01T18:05:33.398930,ATRC,"AtriCure, Inc.",75.5,WATCH,29.02,1469.0,,0,534.5,False,0.4,True,74.6,,False,1,1,28.11,WATCH,,0.0,True,False,False,111.38618736919857,-0.005986661572128243,27.6,up,2,78.0,6,2026-05-05,True,False,,False,False,,,True,0,2.0,Mid-Cap Acquisition Target (+11pts) | Commercial-Stage Company (+10pts) | Large Analyst-to-Market Gap (+10pts),Change-of-control provisions in DEF 14A (undisclosed estimated payout),PENDING,,,,
2026-05-01T18:05:33.945641,AUPH,Aurinia Pharmaceuticals Inc.,100,HIGH_CONVICTION,15.35,2041.0,,0,283.1,True,0.31,True,1.0,Autoimmune / Inflammation,False,1,1,15.385,HIGH_CONVICTION,,0.0,False,False,False,16.732959055081132,0.15532390854730085,9.3,up,2,89.0,2,2026-05-11,True,False,,False,False,Astrazeneca,right of first refusal,True,0,35,ROFR Clause with Astrazeneca (+35pts) | Mid-Cap Acquisition Target (+11pts) | Commercial-Stage Company (+10pts),ROFR clause detected in 8-K — Astrazeneca has acquisition option; Change-of-control provisions in DEF 14A (undisclosed estimated payout),PENDING,,,,
2026-05-01T18:05:35.535382,AURA,"Aura Biosciences, Inc.",72,WATCH,7.01,450.0,7.1,1,0.0,False,0.14,True,224.5,,False,1,1,7.05,MEDIUM_CONVICTION,0.67,-940.0,False,True,False,-2.5675875732120153,-0.7310324713202411,,up,1,67.0,3,2026-05-21,False,False,,False,False,,,True,0,2.0,Bolt-On Acquisition Sweet Spot (+16pts) | Phase 3 Program (+15pts) | Large Analyst-to-Market Gap (+10pts),Change-of-control provisions in DEF 14A (undisclosed estimated payout); Process-evidence cap applied: no real process signal; score capped at 80; PRICED-IN: +61% from 52-week low — M&A premium may be partially reflected in price (-8 pts),PENDING,,,,
2026-05-01T18:05:34.997808,AXSM,"Axsome Therapeutics, Inc.",72,WATCH,206.53,10565.0,17.3,6,638.5,False,0.23,True,9.4,Neuroscience / CNS,False,1,1,207.75,MEDIUM_CONVICTION,,0.0,True,True,True,-53.56988267653481,-0.43950416245045043,7.7,up,13,78.0,0,2026-05-04,True,False,,False,False,,,True,0,2.0,Deep Phase 3 Pipeline (+25pts) | Commercial-Stage Company (+10pts) | C-Level Insider Buying (+10pts),Change-of-control provisions in DEF 14A (undisclosed estimated payout); Process-evidence cap applied: no real process signal; score capped at 80; PRICED-IN: +115% from 52-week low — M&A premium may be partially reflected in price (-8 pts),PENDING,,,,
2026-05-01T18:05:36.623501,BBIO,"BridgeBio Pharma, Inc.",72,WATCH,68.56,13291.0,7.1,0,502.1,False,0.26,True,46.7,Renal / Nephrology,False,1,1,71.11,MEDIUM_CONVICTION,,0.0,False,False,False,-25.62899343720463,-1.0845681353425587,7.6,up,14,44.0,0,2026-05-05,True,False,,False,False,Genentech,exclusive license agreement,True,0,14.0,Deep Partnership with Genentech (+12pts) | Commercial-Stage Company (+10pts) | C-Level Insider Buying (+10pts),Exclusive/co-dev agreement with Genentech detected in 8-K; Change-of-control provisions in DEF 14A (undisclosed estimated payout); Process-evidence cap applied: no real process signal; score capped at 80; PRICED-IN: +116% from 52-week low — M&A premium may be partially reflected in price (-8 pts),PENDING,,,,
2026-05-01T18:05:37.183099,BCYC,Bicycle Therapeutics plc,80,MEDIUM_CONVICTION,4.8,332.0,13.2,0,72.6,False,0.02,True,122.3,Rare Disease (ODD),False,1,1,4.72,MEDIUM_CONVICTION,,0.0,False,False,True,0.4337466791200181,-0.3724397739002573,9.8,up,7,67.0,0,2026-08-14,False,False,,False,False,Novartis,,True,0,2.0,Bolt-On Acquisition Sweet Spot (+16pts) | Strategic Cash Runway (+12pts) | Commercial-Stage Company (+10pts),Change-of-control provisions in DEF 14A (undisclosed estimated payout); Process-evidence cap applied: no real process signal; score capped at 80,PENDING,,,,
2026-05-01T18:05:38.632013,BHVN,Biohaven Ltd.,80,WATCH,9.63,1019.0,2.3,5,0.0,False,0.0,True,121.1,,False,1,1,9.59,WATCH,,0.0,False,True,False,-1.7375380457016074,-2.2216069123998174,14.6,up,6,22.0,2,2026-05-11,True,False,,False,False,Regeneron,,True,0,2.0,Deep Phase 3 Pipeline (+25pts) | Mid-Cap Acquisition Target (+11pts) | Large Analyst-to-Market Gap (+10pts),Only 2.3Q runway — verify solvency before entering; Change-of-control provisions in DEF 14A (undisclosed estimated payout); Process-evidence cap applied: no real process signal; score capped at 80,PENDING,,,,
2026-05-01T18:05:40.416689,BMRN,BioMarin Pharmaceutical Inc.,100,HIGH_CONVICTION,54.06,10397.0,,7,3221.3,True,0.05,True,65.8,Rare Disease (ODD),False,1,1,53.91,HIGH_CONVICTION,10.2,-430.0,True,False,True,18.726516417191448,0.05637025140139638,6.4,up,6,89.0,0,2026-05-04,True,False,,False,False,,merger agreement,False,0,0.0,Deep Phase 3 Pipeline (+25pts) | Commercial-Stage Company (+10pts) | Large Analyst-to-Market Gap (+10pts),,PENDING,,,,
2026-05-01T18:05:39.295331,BPMC,Blueprint Medicines Corporation,76.8,WATCH,129.46,8361.0,13.7,2,508.8,False,0.0,False,-12.7,ADC / Oncology Platform,False,1,1,129.46,WATCH,,0.0,True,True,False,304.12184361027346,-0.21719588642602533,15.7,up,11,80.0,0,,False,False,,False,False,Sanofi,merger agreement,False,0,0.0,Dual Phase 3 Programs (+20pts) | Strategic Cash Runway (+12pts) | Commercial-Stage Company (+10pts),,PENDING,,,,
2026-05-01T18:05:41.073201,CABA,"Cabaletta Bio, Inc.",72,WATCH,2.94,283.0,3.8,1,0.0,False,0.0,True,455.4,Autoimmune / Inflammation,False,1,1,2.99,MEDIUM_CONVICTION,0.49,-497.9,False,False,False,-0.9852091782291391,-1.2378170162918885,2.9,up,7,22.0,2,2026-05-21,False,False,,False,False,,,True,0,2.0,Bolt-On Acquisition Sweet Spot (+16pts) | Phase 3 Program (+15pts) | Large Analyst-to-Market Gap (+10pts),Only 3.8Q runway — verify solvency before entering; Change-of-control provisions in DEF 14A (undisclosed estimated payout); Process-evidence cap applied: no real process signal; score capped at 80; PRICED-IN: +165% from 52-week low — M&A premium may be partially reflected in price (-8 pts),PENDING,,,,
2026-05-01T18:05:42.033977,CAPR,"Capricor Therapeutics, Inc.",72,WATCH,30.91,1413.0,14.7,1,0.0,False,0.43,True,54.5,Rare Disease (ODD),False,1,1,33.58,MEDIUM_CONVICTION,5.71,-441.3,False,True,False,-9.935670055324413,-0.33097618293451736,4.4,up,3,33.0,0,2026-05-12,True,False,,False,False,,,True,0,2.0,Phase 3 Program (+15pts) | Strategic Cash Runway (+12pts) | Mid-Cap Acquisition Target (+11pts),Change-of-control provisions in DEF 14A (undisclosed estimated payout); Process-evidence cap applied: no real process signal; score capped at 80; PRICED-IN: +619% from 52-week low — M&A premium may be partially reflected in price (-8 pts),PENDING,,,,
2026-05-01T18:05:42.591420,CCCC,"C4 Therapeutics, Inc.",72,WATCH,2.92,242.0,9.3,0,35.9,False,0.08,True,139.7,ADC / Oncology Platform,False,1,1,2.83,MEDIUM_CONVICTION,,0.0,True,True,False,-1.3963835502458364,-0.31433771547185707,0.8,up,3,67.0,4,2026-05-06,True,False,,False,False,Roche,collaboration and license,True,0,7.0,Bolt-On Acquisition Sweet Spot (+16pts) | Strategic Cash Runway (+12pts) | Large Analyst-to-Market Gap (+10pts),Exclusive/co-dev agreement with Roche detected in 8-K; Change-of-control provisions in DEF 14A (undisclosed estimated payout); Process-evidence cap applied: no real process signal; score capped at 80; PRICED-IN: +141% from 52-week low — M&A premium may be partially reflected in price (-8 pts),PENDING,,,,
2026-05-01T18:05:43.856003,CGEN,Compugen Ltd.,72,WATCH,2.71,256.0,,0,72.8,True,0.06,True,47.6,ADC / Oncology Platform,False,1,1,2.66,MEDIUM_CONVICTION,,0.0,False,True,False,1.7390576312065655,0.2319928983438838,,up,3,44.0,2,2026-05-18,False,False,,False,False,,,False,0,0.0,Bolt-On Acquisition Sweet Spot (+16pts) | Commercial-Stage Company (+10pts) | C-Level Insider Buying (+10pts),Process-evidence cap applied: no real process signal; score capped at 80; PRICED-IN: +120% from 52-week low — M&A premium may be partially reflected in price (-8 pts),PENDING,,,,
2026-05-01T18:05:47.997950,CHRS,"Coherus Oncology, Inc.",72,WATCH,1.8,211.0,5.2,1,42.2,False,0.0,False,234.4,Autoimmune / Inflammation,False,1,1,1.775,MEDIUM_CONVICTION,,0.0,False,True,False,-0.7190517333239325,-1.5312058835960944,6.0,up,2,38.0,1,2026-07-30,True,False,,False,False,Janssen,,True,2000000,4.0,Bolt-On Acquisition Sweet Spot (+16pts) | Phase 3 Program (+15pts) | Large Analyst-to-Market Gap (+10pts),Change-of-control provisions in DEF 14A ($2.0M estimated payout); Process-evidence cap applied: no real process signal; score capped at 80; PRICED-IN: +154% from 52-week low — M&A premium may be partially reflected in price (-8 pts),PENDING,,,,
2026-05-01T18:05:47.997248,CLDX,"Celldex Therapeutics, Inc.",72,WATCH,32.31,2151.0,9.2,4,1.5,False,0.0,False,39.3,ADC / Oncology Platform,False,1,1,32.88,MEDIUM_CONVICTION,0.24,-13094.2,False,True,False,-6.967367473181427,-0.5386622284197742,7.8,up,4,67.0,0,2026-05-14,True,False,,False,False,,,True,0,2.0,Deep Phase 3 Pipeline (+25pts) | Strategic Cash Runway (+12pts) | Mid-Cap Acquisition Target (+11pts),Change-of-control provisions in DEF 14A (undisclosed estimated payout); Process-evidence cap applied: no real process signal; score capped at 80; PRICED-IN: +81% from 52-week low — M&A premium may be partially reflected in price (-8 pts),PENDING,,,,
2026-05-01T18:05:46.396947,CLLS,Cellectis S.A.,72,WATCH,3.95,396.0,34.6,0,73.2,False,0.0,False,51.9,Renal / Nephrology,False,1,1,3.9,WATCH,,0.0,True,True,False,-26.606170100398842,-0.18592362141644322,,up,3,38.0,0,2026-07-30,False,False,,False,False,,,False,0,0.0,Bolt-On Acquisition Sweet Spot (+16pts) | Commercial-Stage Company (+10pts) | Acquisition Pattern Match (+10pts),Process-evidence cap applied: no real process signal; score capped at 80; PRICED-IN: +198% from 52-week low — M&A premium may be partially reflected in price (-8 pts),PENDING,,,,
2026-05-01T18:05:48.417471,CMPS,COMPASS Pathways plc,72,WATCH,9.01,866.0,4.1,2,0.0,False,0.03,True,97.9,Neuroscience / CNS,False,1,1,9.06,MEDIUM_CONVICTION,1.38,-552.9,True,True,False,-2.884880602333596,9.965306696051274,4.5,up,3,33.0,0,2026-05-07,True,False,,False,False,,,True,0,2.0,Dual Phase 3 Programs (+20pts) | Bolt-On Acquisition Sweet Spot (+16pts) | Large Analyst-to-Market Gap (+10pts),Change-of-control provisions in DEF 14A (undisclosed estimated payout); Process-evidence cap applied: no real process signal; score capped at 80; PRICED-IN: +300% from 52-week low — M&A premium may be partially reflected in price (-8 pts),PENDING,,,,
2026-05-01T18:05:49.663665,CNMD,CONMED Corporation,80,MEDIUM_CONVICTION,36.8,1135.0,,0,1374.5,True,0.0,True,112.0,,False,1,1,36.66,MEDIUM_CONVICTION,175.1,79.0,False,True,True,11.639440179052045,0.03375748318098078,6.7,up,4,100.0,9,2026-07-29,False,False,,False,False,,,True,0,2.0,Mid-Cap Acquisition Target (+11pts) | Commercial-Stage Company (+10pts) | Large Analyst-to-Market Gap (+10pts),Change-of-control provisions in DEF 14A (undisclosed estimated payout); Process-evidence cap applied: no real process signal; score capped at 80,PENDING,,,,
2026-05-01T18:05:50.819966,COLL,"Collegium Pharmaceutical, Inc.",80,MEDIUM_CONVICTION,34.32,1112.0,,1,780.6,True,0.68,False,69.0,,False,1,1,33.73,MEDIUM_CONVICTION,662.08,94.8,True,False,False,5.380144042343611,0.10182147655665276,3.4,up,1,78.0,0,2026-05-07,True,False,,False,False,,,True,0,2.0,Phase 3 Program (+15pts) | Mid-Cap Acquisition Target (+11pts) | Commercial-Stage Company (+10pts),Moderate insider selling (0.7% of mcap); Change-of-control provisions in DEF 14A (undisclosed estimated payout); Process-evidence cap applied: no real process signal; score capped at 80,PENDING,,,,
2026-05-01T18:05:51.420780,CORT,Corcept Therapeutics Incorporated,72,WATCH,51.42,5520.0,20.2,0,761.4,True,0.17,True,39.4,Obesity / Metabolic,False,1,1,46.52,MEDIUM_CONVICTION,76.78,33.0,True,True,True,74.9675412855827,0.0666969403707288,6.1,up,2,44.0,0,2026-07-30,False,False,,False,False,,,True,0,2.0,Commercial-Stage Company (+10pts) | C-Level Insider Buying (+10pts) | Strategic Price Discount (+8pts),Change-of-control provisions in DEF 14A (undisclosed estimated payout); Process-evidence cap applied: no real process signal; score capped at 80; PRICED-IN: +79% from 52-week low — M&A premium may be partially reflected in price (-8 pts),PENDING,,,,
2026-05-01T18:05:51.618606,CRBU,"Caribou Biosciences, Inc.",72,WATCH,1.87,181.0,6.1,0,11.2,False,0.03,True,274.3,ADC / Oncology Platform,False,1,1,1.88,MEDIUM_CONVICTION,,0.0,False,True,False,-1.2324194069363028,-0.8976948775093587,,down,2,67.0,3,2026-05-14,True,False,,False,False,,,True,0,2.0,Bolt-On Acquisition Sweet Spot (+16pts) | Large Analyst-to-Market Gap (+10pts) | C-Level Insider Buying (+10pts),Change-of-control provisions in DEF 14A (undisclosed estimated payout); Process-evidence cap applied: no real process signal; score capped at 80; PRICED-IN: +156% from 52-week low — M&A premium may be partially reflected in price (-8 pts),PENDING,,,,
2026-05-01T18:05:52.901921,CRNX,"Crinetics Pharmaceuticals, Inc.",80,MEDIUM_CONVICTION,39.02,4086.0,10.1,5,7.7,False,0.18,True,121.9,Renal / Nephrology,False,1,1,38.78,MEDIUM_CONVICTION,,0.0,True,False,False,-9.377531669582675,-0.48894139020671634,7.9,up,6,22.0,1,2026-05-07,True,False,,False,False,,collaboration and license,True,0,7.0,Deep Phase 3 Pipeline (+25pts) | Strategic Cash Runway (+12pts) | Large Analyst-to-Market Gap (+10pts),Exclusive/co-dev agreement with major pharma detected in 8-K; Change-of-control provisions in DEF 14A (undisclosed estimated payout); Process-evidence cap applied: no real process signal; score capped at 80,PENDING,,,,
2026-05-01T18:05:55.382989,CRVS,"Corvus Pharmaceuticals, Inc.",72,WATCH,15.46,1299.0,6.1,1,0.0,False,0.0,True,114.6,Renal / Nephrology,False,1,1,15.19,MEDIUM_CONVICTION,0.02,-72878.3,False,True,False,-14.06507373344814,-0.6914968942100351,27.1,up,3,33.0,0,2026-05-07,True,False,,False,False,,,True,0,2.0,Phase 3 Program (+15pts) | Mid-Cap Acquisition Target (+11pts) | Large Analyst-to-Market Gap (+10pts),Change-of-control provisions in DEF 14A (undisclosed estimated payout); Process-evidence cap applied: no real process signal; score capped at 80; PRICED-IN: +388% from 52-week low — M&A premium may be partially reflected in price (-8 pts),PENDING,,,,
2026-05-01T18:05:56.173264,CTMX,"CytomX Therapeutics, Inc.",72,WATCH,4.18,712.0,7.1,0,76.2,False,0.17,True,177.5,ADC / Oncology Platform,False,1,1,4.22,MEDIUM_CONVICTION,,0.0,False,False,False,-31.844063062458766,-0.17917227610334185,,up,2,78.0,0,2026-05-07,True,False,,False,False,Merck,,True,0,2.0,Bolt-On Acquisition Sweet Spot (+16pts) | Commercial-Stage Company (+10pts) | Large Analyst-to-Market Gap (+10pts),Change-of-control provisions in DEF 14A (undisclosed estimated payout); Process-evidence cap applied: no real process signal; score capped at 80; PRICED-IN: +450% from 52-week low — M&A premium may be partially reflected in price (-8 pts),PENDING,,,,
2026-05-01T18:05:54.156981,CVAC,CureVac N.V.,72,WATCH,4.66,1049.0,10.0,0,535.2,True,0.0,False,350.6,,False,1,1,4.66,MEDIUM_CONVICTION,,0.0,True,False,False,1.412078606271162,0.20517994172162643,,up,2,40.0,1,,False,False,,False,False,,,False,0,0.0,Strategic Cash Runway (+12pts) | Mid-Cap Acquisition Target (+11pts) | Commercial-Stage Company (+10pts),Process-evidence cap applied: no real process signal; score capped at 80; PRICED-IN: +88% from 52-week low — M&A premium may be partially reflected in price (-8 pts),PENDING,,,,
2026-05-01T18:05:57.059508,CYTK,"Cytokinetics, Incorporated",72,WATCH,63.35,7802.0,7.1,4,88.0,False,0.17,True,46.0,Rare Disease (ODD),False,1,1,63.97,MEDIUM_CONVICTION,,0.0,False,False,False,-10.355529461581451,-0.47743994160843495,15.7,up,13,44.0,0,2026-05-05,True,False,,False,False,,,True,0,2.0,Deep Phase 3 Pipeline (+25pts) | Commercial-Stage Company (+10pts) | C-Level Insider Buying (+10pts),Change-of-control provisions in DEF 14A (undisclosed estimated payout); Process-evidence cap applied: no real process signal; score capped at 80; PRICED-IN: +116% from 52-week low — M&A premium may be partially reflected in price (-8 pts),PENDING,,,,
2026-05-01T18:05:57.947985,DAWN,"Day One Biopharmaceuticals, Inc.",100,HIGH_CONVICTION,21.53,2225.0,44.2,1,158.2,False,0.98,False,10.3,,False,1,1,21.53,HIGH_CONVICTION,55.67,61.3,True,True,False,-7.269082570731984,-0.28032691153295747,11.7,up,2,56.0,0,2026-05-05,True,True,Unknown,False,False,,merger agreement,False,0,35,ROFR Clause with major pharma (+35pts) | Phase 3 Program (+15pts) | SC 13D Filing: Activist investor (+12pts),Moderate insider selling (1.0% of mcap); ACTIVIST 13D: Unknown (2026-04-27 00:00:00); ROFR clause detected in 8-K — major pharma has acquisition option,PENDING,,,,
2026-05-01T18:05:57.315624,DCPH,"Deciphera Pharmaceuticals, Inc.",70.0,WATCH,25.59,2213.0,6.5,3,163.4,False,0.0,False,2.9,,False,1,1,25.59,MEDIUM_CONVICTION,,0.0,True,True,False,-6.293219254517423,-0.55987473294497,,down,5,70.0,4,,False,False,,False,False,,,False,0,0.0,Deep Phase 3 Pipeline (+25pts) | Mid-Cap Acquisition Target (+11pts) | Commercial-Stage Company (+10pts),PRICED-IN: +158% from 52-week low — M&A premium may be partially reflected in price (-8 pts),PENDING,,,,
2026-05-01T18:05:59.278463,DMAC,DiaMedica Therapeutics Inc.,70.0,WATCH,6.18,333.0,8.3,1,0.0,False,0.0,False,34.8,Renal / Nephrology,False,1,1,6.05,MEDIUM_CONVICTION,0.3,-1931.0,False,False,False,-10.437212112708856,-0.6104062039715356,,up,1,22.0,0,2026-05-06,True,False,,False,False,,,True,0,2.0,Bolt-On Acquisition Sweet Spot (+16pts) | Phase 3 Program (+15pts) | Strategic Cash Runway (+12pts),Change-of-control provisions in DEF 14A (undisclosed estimated payout); PRICED-IN: +78% from 52-week low — M&A premium may be partially reflected in price (-8 pts),PENDING,,,,
2026-05-01T18:05:59.893100,DNLI,Denali Therapeutics Inc.,80,MEDIUM_CONVICTION,18.3,2903.0,8.4,2,0.0,False,0.0,False,88.5,Autoimmune / Inflammation,False,1,1,18.72,MEDIUM_CONVICTION,0.92,-1882.3,False,False,False,-5.493662834377625,-0.5258676443990762,17.6,up,12,56.0,3,2026-05-11,True,False,,False,False,Takeda,,True,0,2.0,Dual Phase 3 Programs (+20pts) | Strategic Cash Runway (+12pts) | Mid-Cap Acquisition Target (+11pts),Change-of-control provisions in DEF 14A (undisclosed estimated payout); Process-evidence cap applied: no real process signal; score capped at 80,PENDING,,,,
2026-05-01T18:06:00.998658,EDIT,"Editas Medicine, Inc.",72,WATCH,2.9,284.0,4.4,0,40.5,False,0.0,True,106.9,ADC / Oncology Platform,False,1,1,3,MEDIUM_CONVICTION,,0.0,False,True,False,-0.753580541275267,-0.6564674627773115,,up,2,56.0,2,2026-05-11,True,False,,False,False,,,True,0,2.0,Bolt-On Acquisition Sweet Spot (+16pts) | Large Analyst-to-Market Gap (+10pts) | C-Level Insider Buying (+10pts),Change-of-control provisions in DEF 14A (undisclosed estimated payout); Process-evidence cap applied: no real process signal; score capped at 80; PRICED-IN: +125% from 52-week low — M&A premium may be partially reflected in price (-8 pts),PENDING,,,,
2026-05-01T18:06:01.310717,EOLS,"Evolus, Inc.",80,MEDIUM_CONVICTION,5.33,347.0,3.7,0,297.2,False,0.23,True,181.4,,False,1,1,5.39,MEDIUM_CONVICTION,9.87,46.0,True,True,False,-18.362575804830715,-0.24560395056567294,3.3,up,6,11.0,0,2026-05-04,True,False,,False,False,,,True,0,2.0,Bolt-On Acquisition Sweet Spot (+16pts) | Commercial-Stage Company (+10pts) | Large Analyst-to-Market Gap (+10pts),Only 3.7Q runway — verify solvency before entering; Change-of-control provisions in DEF 14A (undisclosed estimated payout); Process-evidence cap applied: no real process signal; score capped at 80,PENDING,,,,
2026-05-01T18:06:02.626324,ESPR,"Esperion Therapeutics, Inc.",96.3,HIGH_CONVICTION,3.11,647.0,39.2,0,403.1,True,0.02,True,2.6,,False,1,1,2,HIGH_CONVICTION,,0.0,True,False,False,19.06738997561097,0.23657437572122744,1.9,up,3,56.0,0,2026-05-07,True,False,,False,False,,merger agreement,True,1000000.0,4.0,Bolt-On Acquisition Sweet Spot (+16pts) | Commercial-Stage Company (+10pts) | C-Level Insider Buying (+10pts),Change-of-control provisions in DEF 14A ($1.0M estimated payout),PENDING,,,,
2026-05-01T18:06:03.204962,EXEL,"Exelixis, Inc.",80,MEDIUM_CONVICTION,43.68,11095.0,,9,2320.1,True,0.54,True,4.6,ADC / Oncology Platform,False,1,1,44.46,MEDIUM_CONVICTION,224.96,80.6,False,True,False,12.503786099575159,0.29735665472438116,10.1,down,11,89.0,7,2026-05-05,True,False,,False,False,,,True,0,2.0,Deep Phase 3 Pipeline (+25pts) | Commercial-Stage Company (+10pts) | C-Level Insider Buying (+10pts),Moderate insider selling (0.5% of mcap); Change-of-control provisions in DEF 14A (undisclosed estimated payout); Process-evidence cap applied: no real process signal; score capped at 80,PENDING,,,,
2026-05-01T18:06:04.343743,FATE,"Fate Therapeutics, Inc.",100,HIGH_CONVICTION,1.53,178.0,8.5,0,6.6,False,1.33,True,2481.7,ADC / Oncology Platform,True,0,0,,,,0.0,True,True,False,-1.1647301877846008,-0.5138817373394381,,up,3,78.0,0,2026-05-12,True,True,Unknown,False,False,,,True,1000000.0,14.8,Bolt-On Acquisition Sweet Spot (+16pts) | Strategic Cash Runway (+12pts) | SC 13D Filing: Activist investor (+11pts),Moderate insider selling (1.3% of mcap); ACTIVIST 13D: Unknown (2026-04-22 00:00:00); Change-of-control provisions in DEF 14A ($1.0M estimated payout),PENDING,,,,
2026-05-01T18:06:04.660861,EYPT,"EyePoint Pharmaceuticals, Inc.",72,WATCH,13.34,1113.0,4.9,5,31.4,False,0.35,True,181.1,,False,1,1,13.2,MEDIUM_CONVICTION,,0.0,False,False,False,-5.164630947197187,-0.7445102332921474,4.6,up,7,11.0,0,2026-05-06,True,False,,False,False,,,False,0,0.0,Deep Phase 3 Pipeline (+25pts) | Mid-Cap Acquisition Target (+11pts) | Large Analyst-to-Market Gap (+10pts),Process-evidence cap applied: no real process signal; score capped at 80; PRICED-IN: +152% from 52-week low — M&A premium may be partially reflected in price (-8 pts),PENDING,,,,
2026-05-01T18:06:05.758327,FDMT,"4D Molecular Therapeutics, Inc.",72,WATCH,9.09,464.0,8.7,2,85.2,False,0.0,True,263.0,Rare Disease (ODD),False,1,1,8.87,MEDIUM_CONVICTION,,0.0,False,False,False,-2.6042860810152577,-0.3019904678621588,,up,3,44.0,2,2026-05-07,True,False,,False,False,,,True,0,2.0,Dual Phase 3 Programs (+20pts) | Bolt-On Acquisition Sweet Spot (+16pts) | Strategic Cash Runway (+12pts),Change-of-control provisions in DEF 14A (undisclosed estimated payout); Process-evidence cap applied: no real process signal; score capped at 80; PRICED-IN: +203% from 52-week low — M&A premium may be partially reflected in price (-8 pts),PENDING,,,,
2026-05-01T18:06:07.015832,FHTX,Foghorn Therapeutics Inc.,80,MEDIUM_CONVICTION,4.76,279.0,7.7,0,30.9,False,0.0,True,145.2,,False,1,1,4.75,MEDIUM_CONVICTION,,0.0,False,True,False,-3.8145500298318,-0.5894764803859629,142.8,up,4,67.0,0,2026-05-13,True,False,,False,False,,,True,0,2.0,Bolt-On Acquisition Sweet Spot (+16pts) | Large Analyst-to-Market Gap (+10pts) | C-Level Insider Buying (+10pts),Change-of-control provisions in DEF 14A (undisclosed estimated payout); Process-evidence cap applied: no real process signal; score capped at 80,PENDING,,,,
2026-05-01T18:06:07.959101,FLGT,"Fulgent Genetics, Inc.",100,HIGH_CONVICTION,14.13,420.0,4.3,0,322.7,False,0.97,False,154.8,ADC / Oncology Platform,False,1,1,15.19,HIGH_CONVICTION,3.31,-326.9,False,False,False,-16.557810679293866,-0.07101308566559637,,up,2,89.0,0,2026-08-07,False,False,,False,False,,right of first offer,True,1000000,18.0,Bolt-On Acquisition Sweet Spot (+16pts) | ROFO Clause with major pharma (+14pts) | Commercial-Stage Company (+10pts),Moderate insider selling (1.0% of mcap); ROFO clause detected in 8-K — major pharma has acquisition option; Change-of-control provisions in DEF 14A ($1.0M estimated payout),PENDING,,,,
2026-05-01T18:06:06.240517,FOLD,"Amicus Therapeutics, Inc.",76.0,WATCH,14.49,4550.0,,4,634.2,True,1.64,False,0.1,Rare Disease (ODD),False,1,1,14.49,WATCH,,0.0,True,True,True,86.6087168987177,-6.791995685494817,8.7,up,1,56.0,0,2026-05-07,True,False,,False,False,,merger agreement,False,0,0.0,Deep Phase 3 Pipeline (+25pts) | Commercial-Stage Company (+10pts) | Acquisition Pattern Match (+10pts),Elevated insider selling (1.6% of mcap),PENDING,,,,
2026-05-01T18:06:09.235488,FULC,"Fulcrum Therapeutics, Inc.",72,WATCH,7.36,398.0,18.8,0,0.0,False,0.08,True,180.8,,False,1,1,7.13,WATCH,3.01,-144.5,False,False,True,-7.150021091304939,-0.2383562029018108,9.2,up,2,67.0,1,2026-08-04,False,False,,False,False,,,False,0,0.0,Bolt-On Acquisition Sweet Spot (+16pts) | Large Analyst-to-Market Gap (+10pts) | C-Level Insider Buying (+10pts),Process-evidence cap applied: no real process signal; score capped at 80; PRICED-IN: +68% from 52-week low — M&A premium may be partially reflected in price (-8 pts),PENDING,,,,
2026-05-01T18:06:10.127499,GERN,Geron Corporation,80,MEDIUM_CONVICTION,1.58,1013.0,20.2,2,183.9,False,0.0,True,272.8,,False,1,1,1.54,MEDIUM_CONVICTION,,0.0,True,False,False,-20.264038548564166,-0.11252053546799541,2.5,up,2,78.0,0,2026-05-06,True,False,,False,False,Pfizer,,True,0,2.0,Dual Phase 3 Programs (+20pts) | Mid-Cap Acquisition Target (+11pts) | Commercial-Stage Company (+10pts),Change-of-control provisions in DEF 14A (undisclosed estimated payout); Process-evidence cap applied: no real process signal; score capped at 80,PENDING,,,,
2026-05-01T18:06:08.508185,GLPG,Galapagos N.V.,80,MEDIUM_CONVICTION,28,1845.0,57.5,0,1112.2,True,0.0,False,17.9,Autoimmune / Inflammation,False,1,1,27.83,MEDIUM_CONVICTION,5.41,-417.6,False,False,False,3.1617029326669015,0.15408454797398757,,up,2,56.0,1,2026-05-06,True,False,,False,False,,,False,0,0.0,Mid-Cap Acquisition Target (+11pts) | Commercial-Stage Company (+10pts) | Acquisition Pattern Match (+10pts),Process-evidence cap applied: no real process signal; score capped at 80,PENDING,,,,
2026-05-01T18:06:10.964009,GTHX,"G1 Therapeutics, Inc.",72,WATCH,7.16,378.0,8.6,0,82.5,False,0.0,False,-37.2,ADC / Oncology Platform,False,1,1,7.16,MEDIUM_CONVICTION,,0.0,True,True,False,-5.325767043234891,-0.4304648022303537,4.8,up,1,70.0,1,,False,False,,False,False,,,False,0,0.0,Bolt-On Acquisition Sweet Spot (+16pts) | Strategic Cash Runway (+12pts) | Commercial-Stage Company (+10pts),Process-evidence cap applied: no real process signal; score capped at 80; PRICED-IN: +563% from 52-week low — M&A premium may be partially reflected in price (-8 pts),PENDING,,,,
2026-05-01T18:06:12.587784,HALO,"Halozyme Therapeutics, Inc.",80,MEDIUM_CONVICTION,63.96,7578.0,,1,1396.6,True,0.27,True,22.5,Autoimmune / Inflammation,False,1,1,63.66,MEDIUM_CONVICTION,129.03,50.4,False,False,True,8.770348451474218,0.23594555502308032,7.2,down,3,78.0,0,2026-05-11,True,False,,False,False,Johnson & Johnson,exclusive license agreement,True,0,14.0,Phase 3 Program (+15pts) | Deep Partnership with Johnson & Johnson (+12pts) | Commercial-Stage Company (+10pts),Exclusive/co-dev agreement with Johnson & Johnson detected in 8-K; Change-of-control provisions in DEF 14A (undisclosed estimated payout); Process-evidence cap applied: no real process signal; score capped at 80,PENDING,,,,
2026-05-01T18:06:13.119041,HRMY,"Harmony Biosciences Holdings, Inc.",80,MEDIUM_CONVICTION,31.83,1842.0,,3,868.5,True,0.0,True,47.0,,False,1,1,31.26,MEDIUM_CONVICTION,126.02,74.7,True,True,False,6.424037849110756,0.13902934593019767,7.0,down,4,56.0,0,2026-05-07,True,False,,False,False,Eli Lilly,,True,0,2.0,Deep Phase 3 Pipeline (+25pts) | Mid-Cap Acquisition Target (+11pts) | Commercial-Stage Company (+10pts),Change-of-control provisions in DEF 14A (undisclosed estimated payout); Process-evidence cap applied: no real process signal; score capped at 80,PENDING,,,,
2026-05-01T18:06:14.125180,IDYA,"IDEAYA Biosciences, Inc.",72,WATCH,28.19,2475.0,7.1,2,218.7,False,0.0,True,108.1,ADC / Oncology Platform,False,1,1,29.1,MEDIUM_CONVICTION,,0.0,False,False,False,-19.221973097595654,-0.1516042282042693,11.8,up,6,33.0,2,2026-05-11,True,False,,False,False,Astrazeneca,,True,0,2.0,Dual Phase 3 Programs (+20pts) | Mid-Cap Acquisition Target (+11pts) | Commercial-Stage Company (+10pts),Change-of-control provisions in DEF 14A (undisclosed estimated payout); Process-evidence cap applied: no real process signal; score capped at 80; PRICED-IN: +68% from 52-week low — M&A premium may be partially reflected in price (-8 pts),PENDING,,,,
2026-05-01T18:06:14.631760,IMCR,Immunocore Holdings plc,80,MEDIUM_CONVICTION,28.16,1427.0,46.6,2,297.6,False,0.04,True,52.7,Autoimmune / Inflammation,False,1,1,27.91,MEDIUM_CONVICTION,,0.0,False,False,False,3417.948552884082,-0.04101475969452137,4.6,up,5,56.0,0,2026-05-06,True,False,,False,False,,,True,0,2.0,Dual Phase 3 Programs (+20pts) | Mid-Cap Acquisition Target (+11pts) | Commercial-Stage Company (+10pts),Change-of-control provisions in DEF 14A (undisclosed estimated payout); Process-evidence cap applied: no real process signal; score capped at 80,PENDING,,,,
2026-05-01T18:06:15.643205,IMNM,"Immunome, Inc.",72,WATCH,22.73,1997.0,14.8,1,6.9,False,0.15,True,62.0,,False,1,1,22.94,MEDIUM_CONVICTION,7.38,-208.0,False,True,False,-5.809259108724273,-0.33549619397115,16.8,up,7,33.0,0,2026-05-11,True,False,,False,False,,,True,0,2.0,Phase 3 Program (+15pts) | Strategic Cash Runway (+12pts) | Mid-Cap Acquisition Target (+11pts),Change-of-control provisions in DEF 14A (undisclosed estimated payout); Process-evidence cap applied: no real process signal; score capped at 80; PRICED-IN: +218% from 52-week low — M&A premium may be partially reflected in price (-8 pts),PENDING,,,,
2026-05-01T18:06:16.155332,IMVT,"Immunovant, Inc.",72,WATCH,27.12,5520.0,10.2,2,0.0,False,0.29,True,67.8,Autoimmune / Inflammation,False,1,1,27.145,MEDIUM_CONVICTION,4.62,-487.0,False,True,False,-4.286509416937925,-0.6192567257206255,52.5,up,4,44.0,1,2026-06-04,False,False,,False,False,,,False,0,0.0,Dual Phase 3 Programs (+20pts) | Strategic Cash Runway (+12pts) | Large Analyst-to-Market Gap (+10pts),Process-evidence cap applied: no real process signal; score capped at 80; PRICED-IN: +103% from 52-week low — M&A premium may be partially reflected in price (-8 pts),PENDING,,,,
2026-05-01T18:06:20.380784,INZY,"Inozyme Pharma, Inc.",81.3,MEDIUM_CONVICTION,4,258.0,3.5,2,0.0,False,0.0,False,200.0,Rare Disease (ODD),False,1,1,4,MEDIUM_CONVICTION,,0.0,True,True,False,-1.9204145417667982,-0.9936102541571553,,up,5,40.0,0,,False,False,,False,False,,merger agreement,False,0,0.0,Dual Phase 3 Programs (+20pts) | Bolt-On Acquisition Sweet Spot (+16pts) | Large Analyst-to-Market Gap (+10pts),Only 3.5Q runway — verify solvency before entering,PENDING,,,,
2026-05-01T18:06:20.835932,IONS,"Ionis Pharmaceuticals, Inc.",72,WATCH,75.28,12441.0,4.1,11,944.0,False,0.48,True,42.5,Rare Disease (ODD),False,1,1,74.76,MEDIUM_CONVICTION,,0.0,True,False,True,-51.96137683307468,-0.1195700486792737,10.6,up,7,89.0,1,2026-07-29,False,False,,False,False,,,True,0,2.0,Deep Phase 3 Pipeline (+25pts) | Commercial-Stage Company (+10pts) | C-Level Insider Buying (+10pts),Change-of-control provisions in DEF 14A (undisclosed estimated payout); Process-evidence cap applied: no real process signal; score capped at 80; PRICED-IN: +138% from 52-week low — M&A premium may be partially reflected in price (-8 pts),PENDING,,,,
2026-05-01T18:06:21.553662,IOVA,"Iovance Biotherapeutics, Inc.",72,WATCH,3.4,1128.0,4.5,1,263.5,False,0.06,False,-41.2,,False,1,1,3.36,MEDIUM_CONVICTION,4.01,15.2,False,False,False,-2.4107917728431016,-0.5151545432284143,18.6,up,6,56.0,2,2026-05-07,True,False,,False,False,,,True,0,2.0,Phase 3 Program (+15pts) | Mid-Cap Acquisition Target (+11pts) | Commercial-Stage Company (+10pts),Change-of-control provisions in DEF 14A (undisclosed estimated payout); Process-evidence cap applied: no real process signal; score capped at 80; PRICED-IN: +107% from 52-week low — M&A premium may be partially reflected in price (-8 pts),PENDING,,,,
2026-05-01T18:06:22.561472,JANX,"Janux Therapeutics, Inc.",80,WATCH,14.34,872.0,46.7,0,10.0,False,0.0,True,98.0,ADC / Oncology Platform,False,1,1,14.37,WATCH,,0.0,False,False,True,-7.392286338220008,-0.16008134687354683,,up,5,78.0,2,2026-05-14,True,False,,False,False,Bristol-Myers Squibb,exclusive worldwide license,True,0,14.0,Bolt-On Acquisition Sweet Spot (+16pts) | Deep Partnership with Bristol-Myers Squibb (+12pts) | Large Analyst-to-Market Gap (+10pts),Exclusive/co-dev agreement with Bristol-Myers Squibb detected in 8-K; Change-of-control provisions in DEF 14A (undisclosed estimated payout); Process-evidence cap applied: no real process signal; score capped at 80,PENDING,,,,
2026-05-01T18:06:23.303468,JAZZ,Jazz Pharmaceuticals plc,72,WATCH,202.72,12718.0,,5,4267.6,True,0.24,True,6.6,ADC / Oncology Platform,False,1,1,203.02,MEDIUM_CONVICTION,578.42,65.0,True,True,False,132.76128360685968,0.01215442497976173,6.2,up,6,56.0,2,2026-05-05,True,False,,False,False,,,False,0,0.0,Deep Phase 3 Pipeline (+25pts) | Commercial-Stage Company (+10pts) | C-Level Insider Buying (+10pts),Process-evidence cap applied: no real process signal; score capped at 80; PRICED-IN: +108% from 52-week low — M&A premium may be partially reflected in price (-8 pts),PENDING,,,,
2026-05-01T18:06:24.702234,KMPH,"KemPharm, Inc.",79.2,MEDIUM_CONVICTION,5.81,200.0,,0,106.5,False,0.0,False,72.1,Rare Disease (ODD),False,1,1,5.81,MEDIUM_CONVICTION,,0.0,True,True,False,-5.118260958009627,-0.25599801523550775,,,,17.0,0,2023-05-10,False,False,,False,False,,collaboration and license,True,0,7.0,Bolt-On Acquisition Sweet Spot (+16pts) | Commercial-Stage Company (+10pts) | Large Analyst-to-Market Gap (+10pts),Exclusive/co-dev agreement with major pharma detected in 8-K; Change-of-control provisions in DEF 14A (undisclosed estimated payout),PENDING,,,,
2026-05-01T18:06:24.761900,KNSA,"Kiniksa Pharmaceuticals, Ltd.",72,WATCH,55.27,4101.0,,1,677.6,True,0.99,True,15.8,Neuroscience / CNS,False,1,1,53.78,MEDIUM_CONVICTION,,0.0,True,True,True,32.123699044480325,0.08171643213269279,12.5,up,6,44.0,1,2026-07-28,False,False,,False,False,Regeneron,,True,0,2.0,Phase 3 Program (+15pts) | Commercial-Stage Company (+10pts) | C-Level Insider Buying (+10pts),Moderate insider selling (1.0% of mcap); Change-of-control provisions in DEF 14A (undisclosed estimated payout); Process-evidence cap applied: no real process signal; score capped at 80; PRICED-IN: +122% from 52-week low — M&A premium may be partially reflected in price (-8 pts),PENDING,,,,
2026-05-01T18:06:25.373280,KROS,"Keros Therapeutics, Inc.",80,MEDIUM_CONVICTION,11.49,428.0,10.5,0,244.1,True,0.08,True,793.0,,False,1,1,11.12,MEDIUM_CONVICTION,,0.0,True,False,False,6.75555725558698,0.20896022448140864,,down,7,67.0,0,2026-05-05,True,False,,False,False,Takeda,,True,0,2.0,Bolt-On Acquisition Sweet Spot (+16pts) | Strategic Cash Runway (+12pts) | Commercial-Stage Company (+10pts),Change-of-control provisions in DEF 14A (undisclosed estimated payout); Process-evidence cap applied: no real process signal; score capped at 80,PENDING,,,,
2026-05-01T18:06:27.457844,KRYS,"Krystal Biotech, Inc.",72,WATCH,266.04,7831.0,,1,389.1,True,0.65,True,25.1,Rare Disease (ODD),False,1,1,262.26,MEDIUM_CONVICTION,552.97,51.9,False,True,False,39.613030754381995,0.13085509519131153,9.8,up,3,78.0,3,2026-05-04,True,False,,False,False,,,True,0,2.0,Phase 3 Program (+15pts) | Commercial-Stage Company (+10pts) | C-Level Insider Buying (+10pts),Moderate insider selling (0.6% of mcap); Change-of-control provisions in DEF 14A (undisclosed estimated payout); Process-evidence cap applied: no real process signal; score capped at 80; PRICED-IN: +117% from 52-week low — M&A premium may be partially reflected in price (-8 pts),PENDING,,,,
2026-05-01T18:06:27.831487,KYMR,"Kymera Therapeutics, Inc.",71.1,WATCH,80.71,6589.0,8.4,0,39.2,False,0.42,True,45.0,Autoimmune / Inflammation,False,1,1,81.07,MEDIUM_CONVICTION,0.36,-22396.9,False,False,True,-20.760328144597953,-0.20880195260829254,,up,12,56.0,1,2026-08-10,False,False,,False,False,,,True,0,2.0,Strategic Cash Runway (+12pts) | C-Level Insider Buying (+10pts) | Acquisition Pattern Match (+9pts),Change-of-control provisions in DEF 14A (undisclosed estimated payout); PRICED-IN: +188% from 52-week low — M&A premium may be partially reflected in price (-8 pts),PENDING,,,,
2026-05-01T18:06:29.702378,KURA,"Kura Oncology, Inc.",72,WATCH,8.77,778.0,8.3,1,67.5,False,0.0,True,211.6,ADC / Oncology Platform,False,1,1,8.83,MEDIUM_CONVICTION,23.21,62.2,False,True,False,-2.5765209744723037,-0.48763060774155004,2.6,up,5,38.0,0,2026-07-30,True,False,,False,False,,collaboration and license,True,0,7.0,Bolt-On Acquisition Sweet Spot (+16pts) | Phase 3 Program (+15pts) | Strategic Cash Runway (+12pts),Exclusive/co-dev agreement with major pharma detected in 8-K; Change-of-control provisions in DEF 14A (undisclosed estimated payout); Process-evidence cap applied: no real process signal; score capped at 80; PRICED-IN: +61% from 52-week low — M&A premium may be partially reflected in price (-8 pts),PENDING,,,,
2026-05-01T18:06:26.829973,LEGN,Legend Biotech Corporation,80,MEDIUM_CONVICTION,23.59,4363.0,9.0,0,1031.6,False,0.0,False,145.4,ADC / Oncology Platform,False,1,1,23.52,MEDIUM_CONVICTION,,0.0,False,True,False,-32.64786375259872,-0.09612334768588018,11.1,up,6,89.0,2,2026-05-12,True,False,,False,False,,,False,0,0.0,Strategic Cash Runway (+12pts) | Commercial-Stage Company (+10pts) | Large Analyst-to-Market Gap (+10pts),Process-evidence cap applied: no real process signal; score capped at 80,PENDING,,,,
2026-05-01T18:06:31.390467,LENZ,"LENZ Therapeutics, Inc.",74.4,WATCH,8.88,278.0,14.1,0,19.1,False,0.0,True,481.9,Neuroscience / CNS,False,1,1,8.98,WATCH,2.13,-316.9,False,False,False,-4.785946849832123,-0.3201317929389615,2.5,up,2,56.0,0,2026-05-06,True,False,,False,False,,,True,1000000,4.0,Bolt-On Acquisition Sweet Spot (+16pts) | Strategic Cash Runway (+12pts) | Large Analyst-to-Market Gap (+10pts),Change-of-control provisions in DEF 14A ($1.0M estimated payout),PENDING,,,,
2026-05-01T18:06:32.713194,LGND,Ligand Pharmaceuticals Incorporated,78.0,MEDIUM_CONVICTION,227.44,4535.0,,0,268.1,True,0.4,True,17.7,Autoimmune / Inflammation,False,1,1,229.45,MEDIUM_CONVICTION,47.8,-375.8,False,True,True,20.405217837964045,0.024242875844605282,13.9,up,1,78.0,4,2026-05-14,True,False,,False,False,Janssen,merger agreement,True,0,2.0,Commercial-Stage Company (+10pts) | C-Level Insider Buying (+10pts) | Acquisition Pattern Match (+10pts),Change-of-control provisions in DEF 14A (undisclosed estimated payout),PENDING,,,,
2026-05-01T18:06:31.666724,LNTH,"Lantheus Holdings, Inc.",72,WATCH,85.5,5566.0,,1,1541.6,True,0.1,False,18.1,Rare Disease (ODD),False,1,1,84.62,MEDIUM_CONVICTION,699.92,87.8,True,True,True,10.239372186533016,0.12210568427880247,10.1,up,4,56.0,1,2026-05-07,True,False,,False,False,,collaboration and license,True,0,7.0,Phase 3 Program (+15pts) | Commercial-Stage Company (+10pts) | Acquisition Pattern Match (+10pts),Exclusive/co-dev agreement with major pharma detected in 8-K; Change-of-control provisions in DEF 14A (undisclosed estimated payout); Process-evidence cap applied: no real process signal; score capped at 80; PRICED-IN: +81% from 52-week low — M&A premium may be partially reflected in price (-8 pts),PENDING,,,,
2026-05-01T18:06:33.131709,LYEL,"Lyell Immunopharma, Inc.",72,WATCH,20.83,486.0,5.5,1,0.0,False,0.05,True,120.8,ADC / Oncology Platform,False,1,1,19.73,MEDIUM_CONVICTION,0.88,-2256.9,False,False,False,-2.6418838400915545,-0.7011216625378475,,up,1,67.0,0,2026-05-12,True,False,,False,False,Gilead,,True,0,2.0,Bolt-On Acquisition Sweet Spot (+16pts) | Phase 3 Program (+15pts) | Large Analyst-to-Market Gap (+10pts),Change-of-control provisions in DEF 14A (undisclosed estimated payout); Process-evidence cap applied: no real process signal; score capped at 80; PRICED-IN: +172% from 52-week low — M&A premium may be partially reflected in price (-8 pts),PENDING,,,,
2026-05-01T18:06:34.369637,MDGL,"Madrigal Pharmaceuticals, Inc.",72,WATCH,513.72,11785.0,7.4,3,958.4,False,0.02,True,37.4,Obesity / Metabolic,False,1,1,517.39,MEDIUM_CONVICTION,3073.62,83.3,False,False,True,-49.98719731008172,-0.31578554148659554,7.1,up,5,56.0,0,2026-05-06,True,False,,False,False,Roche,,True,0,2.0,Deep Phase 3 Pipeline (+25pts) | Commercial-Stage Company (+10pts) | C-Level Insider Buying (+10pts),Change-of-control provisions in DEF 14A (undisclosed estimated payout); Process-evidence cap applied: no real process signal; score capped at 80; PRICED-IN: +94% from 52-week low — M&A premium may be partially reflected in price (-8 pts),PENDING,,,,
2026-05-01T18:06:35.159371,MGNX,"MacroGenics, Inc.",72,WATCH,3.13,199.0,6.3,0,149.5,False,0.06,True,91.7,Autoimmune / Inflammation,False,1,1,3.08,MEDIUM_CONVICTION,,0.0,False,False,False,-2.302832456105621,-0.3297772387955516,,up,1,44.0,3,2026-05-12,True,False,,False,False,,,True,625000,2.0,Bolt-On Acquisition Sweet Spot (+16pts) | Commercial-Stage Company (+10pts) | Large Analyst-to-Market Gap (+10pts),Change-of-control provisions in DEF 14A ($0.6M estimated payout); Process-evidence cap applied: no real process signal; score capped at 80; PRICED-IN: +164% from 52-week low — M&A premium may be partially reflected in price (-8 pts),PENDING,,,,
2026-05-01T18:06:36.867002,MGTX,MeiraGTx Holdings plc,100,HIGH_CONVICTION,9.41,871.0,5.4,0,81.4,False,1.61,True,147.9,Autoimmune / Inflammation,False,1,1,9.22,HIGH_CONVICTION,,0.0,False,False,True,-6.248820197606825,-0.7092335287660965,7.9,up,1,22.0,1,2026-05-12,True,True,Unknown,False,False,Johnson & Johnson,collaboration and license,True,0,18.1,Bolt-On Acquisition Sweet Spot (+16pts) | SC 13D Filing: Activist investor (+11pts) | Commercial-Stage Company (+10pts),Elevated insider selling (1.6% of mcap); ACTIVIST 13D: Unknown (2026-04-24 00:00:00); Exclusive/co-dev agreement with Johnson & Johnson detected in 8-K; Change-of-control provisions in DEF 14A (undisclosed estimated payout),PENDING,,,,
2026-05-01T18:06:36.143323,MIRM,"Mirum Pharmaceuticals, Inc.",80.9,MEDIUM_CONVICTION,96.53,4846.0,,6,521.3,False,0.19,True,24.7,,False,1,1,97.31,MEDIUM_CONVICTION,,0.0,True,False,True,231.77571968848073,-0.034633335054361,12.5,up,6,44.0,0,2026-05-06,True,False,,False,False,Biogen,merger agreement,True,0,2.0,Deep Phase 3 Pipeline (+25pts) | Commercial-Stage Company (+10pts) | C-Level Insider Buying (+10pts),Change-of-control provisions in DEF 14A (undisclosed estimated payout),PENDING,,,,
2026-05-01T18:06:38.125838,MNKD,MannKind Corporation,100,HIGH_CONVICTION,2.84,877.0,21.5,0,349.0,True,0.0,True,146.5,Neuroscience / CNS,False,1,1,2.83,HIGH_CONVICTION,,0.0,True,True,False,77.44900730351368,0.05787833630921749,8.4,up,7,50.0,0,2026-05-06,True,False,,False,False,,merger agreement,True,1000000.0,4.0,Bolt-On Acquisition Sweet Spot (+16pts) | Commercial-Stage Company (+10pts) | Large Analyst-to-Market Gap (+10pts),Change-of-control provisions in DEF 14A ($1.0M estimated payout),PENDING,,,,
2026-05-01T18:06:37.456293,MRTX,"Mirati Therapeutics, Inc.",71.0,WATCH,58.7,4118.0,7.1,4,12.4,False,0.0,False,73.9,ADC / Oncology Platform,False,1,1,58.7,MEDIUM_CONVICTION,,0.0,False,False,False,-3.1244111225649567,-0.7227002130264889,,up,13,70.0,0,,False,False,,False,False,,,False,0,0.0,Deep Phase 3 Pipeline (+25pts) | Large Analyst-to-Market Gap (+10pts) | Acquisition Pattern Match (+10pts),PRICED-IN: +115% from 52-week low — M&A premium may be partially reflected in price (-8 pts),PENDING,,,,
2026-05-01T18:06:39.158020,NBIX,"Neurocrine Biosciences, Inc.",100,HIGH_CONVICTION,131.78,13226.0,,14,2860.5,True,0.07,True,35.1,Neuroscience / CNS,False,1,1,131.67,HIGH_CONVICTION,507.66,74.0,True,False,False,20.723649864986502,0.10803403990454921,9.3,up,5,44.0,3,2026-05-05,True,False,,False,False,,merger agreement,True,0,2.0,Deep Phase 3 Pipeline (+25pts) | Commercial-Stage Company (+10pts) | C-Level Insider Buying (+10pts),Change-of-control provisions in DEF 14A (undisclosed estimated payout),PENDING,,,,
2026-05-01T18:06:40.213870,NKTR,Nektar Therapeutics,72.0,WATCH,86.46,1755.0,4.3,0,55.2,False,0.0,False,53.6,Autoimmune / Inflammation,False,1,1,85.04,MEDIUM_CONVICTION,,0.0,False,True,False,-6.528921553269271,-0.5282117655651235,,up,4,56.0,3,2026-05-07,True,False,,False,False,,,True,1000000.0,4.0,Mid-Cap Acquisition Target (+11pts) | Commercial-Stage Company (+10pts) | Acquisition Pattern Match (+10pts),Change-of-control provisions in DEF 14A ($1.0M estimated payout); PRICED-IN: +982% from 52-week low — M&A premium may be partially reflected in price (-8 pts),PENDING,,,,
2026-05-01T18:06:40.717616,NMRA,"Neumora Therapeutics, Inc. Common Stock",72,WATCH,2.44,446.0,3.9,3,0.0,False,0.02,False,186.9,Autoimmune / Inflammation,False,1,1,2.47,MEDIUM_CONVICTION,1.1,-121.8,True,True,False,-0.47313886472612277,-1.5178499496475328,17.6,up,7,33.0,0,2026-05-11,True,False,,False,False,,,True,0,2.0,Deep Phase 3 Pipeline (+25pts) | Bolt-On Acquisition Sweet Spot (+16pts) | Large Analyst-to-Market Gap (+10pts),Only 3.9Q runway — verify solvency before entering; Change-of-control provisions in DEF 14A (undisclosed estimated payout); Process-evidence cap applied: no real process signal; score capped at 80; PRICED-IN: +299% from 52-week low — M&A premium may be partially reflected in price (-8 pts),PENDING,,,,
2026-05-01T18:06:41.745501,NRIX,"Nurix Therapeutics, Inc.",72,WATCH,16.81,1457.0,7.7,0,84.0,False,0.05,True,89.4,Autoimmune / Inflammation,False,1,1,16.7,MEDIUM_CONVICTION,,0.0,True,True,False,-5.20463238334266,-0.4725751379679994,,up,10,44.0,0,2026-07-09,False,False,,False,False,Pfizer,co-development agreement,True,0,7.0,Mid-Cap Acquisition Target (+11pts) | Commercial-Stage Company (+10pts) | Large Analyst-to-Market Gap (+10pts),Exclusive/co-dev agreement with Pfizer detected in 8-K; Change-of-control provisions in DEF 14A (undisclosed estimated payout); Process-evidence cap applied: no real process signal; score capped at 80; PRICED-IN: +105% from 52-week low — M&A premium may be partially reflected in price (-8 pts),PENDING,,,,
2026-05-01T18:06:42.221850,NTLA,"Intellia Therapeutics, Inc.",72,WATCH,13.26,1566.0,6.2,3,67.7,False,0.0,True,57.5,Autoimmune / Inflammation,False,1,1,13.48,MEDIUM_CONVICTION,,0.0,False,True,True,-2.298971547819775,-0.5766663223154005,1.4,up,13,89.0,6,2026-05-14,True,False,,False,False,Regeneron,,True,0,2.0,Deep Phase 3 Pipeline (+25pts) | Mid-Cap Acquisition Target (+11pts) | Commercial-Stage Company (+10pts),Change-of-control provisions in DEF 14A (undisclosed estimated payout); Process-evidence cap applied: no real process signal; score capped at 80; PRICED-IN: +94% from 52-week low — M&A premium may be partially reflected in price (-8 pts),PENDING,,,,
2026-05-01T18:06:43.456227,NUVB,Nuvation Bio Inc.,72,WATCH,4.49,1556.0,12.8,3,62.9,False,0.12,True,176.2,,True,0,0,,,3.3,-36.1,False,True,False,-15.2204475634345,-0.40958486721325654,12.1,up,3,33.0,0,2026-05-04,True,False,,False,False,,collaboration and license,True,0,7.0,Deep Phase 3 Pipeline (+25pts) | Strategic Cash Runway (+12pts) | Mid-Cap Acquisition Target (+11pts),Exclusive/co-dev agreement with major pharma detected in 8-K; Change-of-control provisions in DEF 14A (undisclosed estimated payout); Process-evidence cap applied: no real process signal; score capped at 80; PRICED-IN: +186% from 52-week low — M&A premium may be partially reflected in price (-8 pts),PENDING,,,,
2026-05-01T18:06:43.928813,NVAX,"Novavax, Inc.",80,MEDIUM_CONVICTION,8.04,1310.0,18.6,3,1123.5,True,0.17,True,123.9,,False,1,1,7.925,MEDIUM_CONVICTION,,0.0,False,False,False,2.227699313667542,0.7800297327133369,9.0,up,3,67.0,6,2026-05-06,True,False,,False,False,Pfizer,,True,0,2.0,Deep Phase 3 Pipeline (+25pts) | Mid-Cap Acquisition Target (+11pts) | Commercial-Stage Company (+10pts),Change-of-control provisions in DEF 14A (undisclosed estimated payout); Process-evidence cap applied: no real process signal; score capped at 80,PENDING,,,,
2026-05-01T18:06:44.696284,OBIO,"Orchestra BioMed Holdings, Inc.",100,HIGH_CONVICTION,3.97,232.0,12.7,0,33.5,False,0.13,True,202.3,,False,1,1,3.99,HIGH_CONVICTION,,0.0,False,False,False,-3094.3428205128207,-0.5239805000404564,12.0,up,3,67.0,1,2026-05-11,True,True,Unknown,False,False,,,True,100000000.0,21.7,Bolt-On Acquisition Sweet Spot (+16pts) | Strategic Cash Runway (+12pts) | SC 13D Filing: Activist investor (+12pts),ACTIVIST 13D: Unknown (2026-04-29 00:00:00); Change-of-control provisions in DEF 14A ($100.0M estimated payout),PENDING,,,,
2026-05-01T18:06:45.395716,OCUL,"Ocular Therapeutix, Inc.",80,MEDIUM_CONVICTION,9.43,2053.0,14.0,3,51.8,False,0.09,True,170.4,Neuroscience / CNS,False,1,1,9.37,MEDIUM_CONVICTION,,0.0,False,True,False,-6.469005263090467,-0.3552537404548014,6.4,up,3,22.0,2,2026-05-05,True,False,,False,False,Astrazeneca,,True,0,2.0,Deep Phase 3 Pipeline (+25pts) | Strategic Cash Runway (+12pts) | Mid-Cap Acquisition Target (+11pts),Change-of-control provisions in DEF 14A (undisclosed estimated payout); Process-evidence cap applied: no real process signal; score capped at 80,PENDING,,,,
2026-05-01T18:06:46.665690,OMER,Omeros Corporation,72,WATCH,15.06,1084.0,5.9,0,0.0,False,0.77,True,165.6,Autoimmune / Inflammation,False,1,1,14.6,MEDIUM_CONVICTION,,0.0,True,True,False,-10.839420293354785,-0.4532338253368914,3.0,up,1,67.0,3,2026-05-21,False,False,,False,False,Novo Nordisk,,True,972525,2.0,Mid-Cap Acquisition Target (+11pts) | Large Analyst-to-Market Gap (+10pts) | C-Level Insider Buying (+10pts),Moderate insider selling (0.8% of mcap); Change-of-control provisions in DEF 14A ($1.0M estimated payout); Process-evidence cap applied: no real process signal; score capped at 80; PRICED-IN: +411% from 52-week low — M&A premium may be partially reflected in price (-8 pts),PENDING,,,,
2026-05-01T18:06:47.042964,ORIC,"ORIC Pharmaceuticals, Inc.",72,WATCH,9.77,980.0,11.8,0,0.0,False,0.09,True,122.6,,False,1,1,9.88,WATCH,0.35,-2698.4,False,True,False,-5.333699474299793,-0.36303263394387114,,up,4,56.0,2,2026-05-04,True,False,,False,False,,,True,690000,2.0,Bolt-On Acquisition Sweet Spot (+16pts) | Strategic Cash Runway (+12pts) | Large Analyst-to-Market Gap (+10pts),Change-of-control provisions in DEF 14A ($0.7M estimated payout); Process-evidence cap applied: no real process signal; score capped at 80; PRICED-IN: +116% from 52-week low — M&A premium may be partially reflected in price (-8 pts),PENDING,,,,
2026-05-01T18:06:47.732076,PAHC,Phibro Animal Health Corporation,78.3,HIGH_CONVICTION,54.89,2225.0,,0,1296.2,True,0.91,False,-10.7,Neuroscience / CNS,False,1,1,53.18,HIGH_CONVICTION,,0.0,True,False,True,11.766552942858894,0.0717532421939419,14.7,up,4,100.0,9,2026-05-06,True,True,Unknown,False,False,,,False,0,10.9,Mid-Cap Acquisition Target (+11pts) | SC 13D Filing: Activist investor (+11pts) | Commercial-Stage Company (+10pts),Moderate insider selling (0.9% of mcap); ACTIVIST 13D: Unknown (2026-04-23 00:00:00),PENDING,,,,
2026-05-01T18:06:48.820471,PBYI,"Puma Biotechnology, Inc.",72,WATCH,7.49,381.0,,0,228.4,True,0.0,True,0,ADC / Oncology Platform,False,1,1,7.51,MEDIUM_CONVICTION,17.93,58.2,True,True,False,5.558084356604552,0.204108417788538,37.4,down,1,89.0,8,2026-05-07,True,False,,False,False,Astrazeneca,exclusive license agreement,True,0,14.0,Bolt-On Acquisition Sweet Spot (+16pts) | Deep Partnership with Astrazeneca (+12pts) | Commercial-Stage Company (+10pts),Exclusive/co-dev agreement with Astrazeneca detected in 8-K; Change-of-control provisions in DEF 14A (undisclosed estimated payout); Process-evidence cap applied: no real process signal; score capped at 80; PRICED-IN: +163% from 52-week low — M&A premium may be partially reflected in price (-8 pts),PENDING,,,,
2026-05-01T18:06:49.939055,PCRX,"Pacira BioSciences, Inc.",80,MEDIUM_CONVICTION,24.44,961.0,,1,726.4,True,0.3,True,20.7,,False,1,1,25.49,MEDIUM_CONVICTION,361.05,93.2,False,True,True,12.165296240954955,0.010150062725160093,5.0,up,3,78.0,1,2026-08-04,False,False,,False,False,,,False,0,0.0,Bolt-On Acquisition Sweet Spot (+16pts) | Phase 3 Program (+15pts) | Commercial-Stage Company (+10pts),Process-evidence cap applied: no real process signal; score capped at 80,PENDING,,,,
2026-05-01T18:06:50.074194,PGEN,"Precigen, Inc.",72,WATCH,4.08,1226.0,3.7,1,9.7,False,1.28,True,47.1,Gene / Cell Therapy,False,1,1,4.16,MEDIUM_CONVICTION,,0.0,True,False,False,-12.074931112078218,-0.8850071813434509,4.0,up,1,44.0,1,2026-05-13,True,False,,False,False,,,True,0,2.0,Phase 3 Program (+15pts) | Mid-Cap Acquisition Target (+11pts) | C-Level Insider Buying (+10pts),Only 3.7Q runway — verify solvency before entering; Moderate insider selling (1.3% of mcap); Change-of-control provisions in DEF 14A (undisclosed estimated payout); Process-evidence cap applied: no real process signal; score capped at 80; PRICED-IN: +232% from 52-week low — M&A premium may be partially reflected in price (-8 pts),PENDING,,,,
2026-05-01T18:06:51.454196,PHAT,"Phathom Pharmaceuticals, Inc.",72,WATCH,12.01,954.0,17.5,0,175.1,False,0.01,False,105.4,Neuroscience / CNS,False,1,1,11.2,MEDIUM_CONVICTION,,0.0,True,False,True,-7.098166510993515,-1.2523071865239954,2.4,up,5,56.0,0,2026-08-06,False,False,,False,False,Takeda,,True,0,2.0,Bolt-On Acquisition Sweet Spot (+16pts) | Commercial-Stage Company (+10pts) | Large Analyst-to-Market Gap (+10pts),Change-of-control provisions in DEF 14A (undisclosed estimated payout); Process-evidence cap applied: no real process signal; score capped at 80; PRICED-IN: +443% from 52-week low — M&A premium may be partially reflected in price (-8 pts),PENDING,,,,
2026-05-01T18:06:52.902384,PRAX,"Praxis Precision Medicines, Inc.",72,WATCH,324.2,6854.0,8.4,7,0.0,False,0.0,True,67.9,Neuroscience / CNS,False,1,1,318.83,MEDIUM_CONVICTION,14.95,-2068.6,False,True,False,-20.703495567021193,-0.37141985275196243,5.4,up,13,44.0,0,2026-05-01,False,False,,False,False,Merck,,True,8708648,7.0,Deep Phase 3 Pipeline (+25pts) | Strategic Cash Runway (+12pts) | Large Analyst-to-Market Gap (+10pts),Change-of-control provisions in DEF 14A ($8.7M estimated payout); Process-evidence cap applied: no real process signal; score capped at 80; PRICED-IN: +829% from 52-week low — M&A premium may be partially reflected in price (-8 pts),PENDING,,,,
2026-05-01T18:06:53.946739,PRLD,Prelude Therapeutics Incorporated,100,HIGH_CONVICTION,4.7,262.0,5.4,0,12.1,False,0.0,True,70.2,ADC / Oncology Platform,False,1,1,5.23,HIGH_CONVICTION,5.04,6.7,True,True,False,-1.4038781421858735,-1.1482567396914292,12.7,up,1,89.0,6,2026-05-05,True,True,Unknown,False,False,,,True,0,12.9,Bolt-On Acquisition Sweet Spot (+16pts) | SC 13D Filing: Activist investor (+11pts) | Large Analyst-to-Market Gap (+10pts),ACTIVIST 13D: Unknown (2026-04-23 00:00:00); Change-of-control provisions in DEF 14A (undisclosed estimated payout),PENDING,,,,
2026-05-01T18:06:55.915893,PTCT,"PTC Therapeutics, Inc.",72,WATCH,65.15,5402.0,38.7,3,1730.7,True,0.17,True,37.6,Rare Disease (ODD),False,1,1,65.06,MEDIUM_CONVICTION,,0.0,False,False,True,6.251304174101912,0.3738746628174066,15.5,up,7,67.0,0,2026-05-07,True,False,,False,False,,,True,0,2.0,Deep Phase 3 Pipeline (+25pts) | Commercial-Stage Company (+10pts) | C-Level Insider Buying (+10pts),Change-of-control provisions in DEF 14A (undisclosed estimated payout); Process-evidence cap applied: no real process signal; score capped at 80; PRICED-IN: +81% from 52-week low — M&A premium may be partially reflected in price (-8 pts),PENDING,,,,
2026-05-01T18:06:59.848174,RARE,Ultragenyx Pharmaceutical Inc.,80,MEDIUM_CONVICTION,24.77,2435.0,7.2,9,673.0,False,0.11,True,107.9,Rare Disease (ODD),False,1,1,24.69,MEDIUM_CONVICTION,,0.0,True,True,False,-6.2196,-0.435313262815297,4.3,up,6,44.0,0,2026-05-05,True,False,,False,False,,,True,0,2.0,Deep Phase 3 Pipeline (+25pts) | Mid-Cap Acquisition Target (+11pts) | Commercial-Stage Company (+10pts),Change-of-control provisions in DEF 14A (undisclosed estimated payout); Process-evidence cap applied: no real process signal; score capped at 80,PENDING,,,,
2026-05-01T18:07:00.424079,RCKT,"Rocket Pharmaceuticals, Inc.",72,WATCH,3.56,388.0,4.4,0,0.0,False,0.03,True,40.4,Rare Disease (ODD),False,1,1,3.48,MEDIUM_CONVICTION,0.47,-650.9,False,False,True,-1.60491055340688,-0.7537851549357101,11.3,up,7,78.0,2,2026-05-14,True,False,,False,False,,,True,2500000,4.0,Bolt-On Acquisition Sweet Spot (+16pts) | C-Level Insider Buying (+10pts) | Acquisition Pattern Match (+9pts),Change-of-control provisions in DEF 14A ($2.5M estimated payout); Process-evidence cap applied: no real process signal; score capped at 80; PRICED-IN: +63% from 52-week low — M&A premium may be partially reflected in price (-8 pts),PENDING,,,,
2026-05-01T18:07:02.682365,RCUS,"Arcus Biosciences, Inc.",72,WATCH,25.68,2585.0,9.0,3,247.0,False,0.0,False,16.8,,False,1,1,25.5,MEDIUM_CONVICTION,,0.0,True,True,False,-7.272662686567164,-0.4251101321585903,14.8,up,6,78.0,3,2026-05-05,True,False,,False,False,Gilead,,True,1000000.0,4.0,Deep Phase 3 Pipeline (+25pts) | Strategic Cash Runway (+12pts) | Mid-Cap Acquisition Target (+11pts),Change-of-control provisions in DEF 14A ($1.0M estimated payout); Process-evidence cap applied: no real process signal; score capped at 80; PRICED-IN: +264% from 52-week low — M&A premium may be partially reflected in price (-8 pts),PENDING,,,,
2026-05-01T18:07:03.458183,REPL,"Replimune Group, Inc.",72,WATCH,2.5,206.0,3.7,2,0.0,False,0.03,True,400.0,ADC / Oncology Platform,False,1,1,2.57,MEDIUM_CONVICTION,0.33,-649.2,True,False,False,-2.955785983207574,-0.5307384739597808,6.1,up,1,44.0,0,2026-05-28,False,False,,False,False,,,True,0,2.0,Dual Phase 3 Programs (+20pts) | Bolt-On Acquisition Sweet Spot (+16pts) | Large Analyst-to-Market Gap (+10pts),Only 3.7Q runway — verify solvency before entering; Change-of-control provisions in DEF 14A (undisclosed estimated payout); Process-evidence cap applied: no real process signal; score capped at 80; PRICED-IN: +67% from 52-week low — M&A premium may be partially reflected in price (-8 pts),PENDING,,,,
2026-05-01T18:07:04.008834,RGNX,REGENXBIO Inc.,80,MEDIUM_CONVICTION,9.12,471.0,4.3,2,170.4,False,0.03,False,182.3,Rare Disease (ODD),False,1,1,8.97,MEDIUM_CONVICTION,,0.0,True,False,False,-6.653958223144186,-0.42106720441342416,1.4,up,2,33.0,0,2026-05-11,True,False,,False,False,Abbvie,,True,550000,2.0,Dual Phase 3 Programs (+20pts) | Bolt-On Acquisition Sweet Spot (+16pts) | Commercial-Stage Company (+10pts),Change-of-control provisions in DEF 14A ($0.6M estimated payout); Process-evidence cap applied: no real process signal; score capped at 80,PENDING,,,,
2026-05-01T18:07:05.417608,RLAY,"Relay Therapeutics, Inc.",72,WATCH,12.72,2273.0,10.4,1,15.4,False,0.02,True,69.8,ADC / Oncology Platform,False,1,1,12.96,MEDIUM_CONVICTION,,0.0,False,False,True,-5.129898947977811,-0.5049689917567112,,up,6,89.0,1,2026-05-04,True,False,,False,False,Pfizer,,True,0,2.0,Phase 3 Program (+15pts) | Strategic Cash Runway (+12pts) | Mid-Cap Acquisition Target (+11pts),Change-of-control provisions in DEF 14A (undisclosed estimated payout); Process-evidence cap applied: no real process signal; score capped at 80; PRICED-IN: +376% from 52-week low — M&A premium may be partially reflected in price (-8 pts),PENDING,,,,
2026-05-01T18:07:05.072264,RVNC,"Revance Therapeutics, Inc.",72,WATCH,3.65,381.0,4.5,0,234.0,False,0.0,False,469.3,Obesity / Metabolic,False,1,1,3.65,MEDIUM_CONVICTION,,0.0,True,True,False,-3.7322632875717816,-0.7917762269923316,4.2,up,1,57.0,0,2025-11-05,False,False,,False,False,,,False,0,0.0,Bolt-On Acquisition Sweet Spot (+16pts) | Commercial-Stage Company (+10pts) | Large Analyst-to-Market Gap (+10pts),Process-evidence cap applied: no real process signal; score capped at 80; PRICED-IN: +59% from 52-week low — M&A premium may be partially reflected in price (-8 pts),PENDING,,,,
2026-05-01T18:07:08.018197,RYTM,"Rhythm Pharmaceuticals, Inc.",80,MEDIUM_CONVICTION,81.81,5586.0,15.0,4,189.8,False,0.18,True,71.1,Obesity / Metabolic,False,1,1,81.36,MEDIUM_CONVICTION,,0.0,False,False,False,-41.05247501128526,-0.5010882102724962,7.5,up,5,33.0,1,2026-05-05,True,False,,False,False,,,True,600000,2.0,Deep Phase 3 Pipeline (+25pts) | Strategic Cash Runway (+12pts) | Commercial-Stage Company (+10pts),Change-of-control provisions in DEF 14A ($0.6M estimated payout); Process-evidence cap applied: no real process signal; score capped at 80,PENDING,,,,
2026-05-01T18:07:12.518042,RXRX,"Recursion Pharmaceuticals, Inc.",80,MEDIUM_CONVICTION,3.39,1516.0,9.1,0,74.7,False,0.2,False,224.5,Autoimmune / Inflammation,False,1,1,3.46,MEDIUM_CONVICTION,,0.0,False,True,True,-2.0821574907576905,-0.48064558092790466,,down,4,44.0,2,2026-05-06,True,False,,False,False,Roche,,True,0,2.0,Strategic Cash Runway (+12pts) | Mid-Cap Acquisition Target (+11pts) | Commercial-Stage Company (+10pts),Change-of-control provisions in DEF 14A (undisclosed estimated payout); Process-evidence cap applied: no real process signal; score capped at 80,PENDING,,,,
2026-05-01T18:07:11.643768,RZLT,"Rezolute, Inc.",72,WATCH,3.3,316.0,7.0,2,0.0,False,0.05,True,91.8,Rare Disease (ODD),False,1,1,3.2,MEDIUM_CONVICTION,1.15,-187.0,True,False,False,-3.0860953557968016,-0.48653553376773645,1.9,up,3,33.0,0,2026-05-12,True,False,,False,False,,,True,0,2.0,Dual Phase 3 Programs (+20pts) | Bolt-On Acquisition Sweet Spot (+16pts) | Large Analyst-to-Market Gap (+10pts),Change-of-control provisions in DEF 14A (undisclosed estimated payout); Process-evidence cap applied: no real process signal; score capped at 80; PRICED-IN: +208% from 52-week low — M&A premium may be partially reflected in price (-8 pts),PENDING,,,,
2026-05-01T18:07:12.777978,SANA,"Sana Biotechnology, Inc.",72,WATCH,3.27,873.0,4.5,0,0.0,False,0.01,True,165.1,Rare Disease (ODD),False,1,1,3.29,WATCH,,0.0,False,True,True,-5.822714917399893,-0.5408012415675924,,up,2,67.0,0,2026-05-14,True,False,,False,False,Takeda,collaboration and license,True,1500000,9.0,Bolt-On Acquisition Sweet Spot (+16pts) | Large Analyst-to-Market Gap (+10pts) | C-Level Insider Buying (+10pts),Exclusive/co-dev agreement with Takeda detected in 8-K; Change-of-control provisions in DEF 14A ($1.5M estimated payout); Process-evidence cap applied: no real process signal; score capped at 80; PRICED-IN: +104% from 52-week low — M&A premium may be partially reflected in price (-8 pts),PENDING,,,,
2026-05-01T18:07:13.024233,SDGR,"Schrödinger, Inc.",100,HIGH_CONVICTION,12.39,926.0,10.1,0,255.9,False,0.19,True,45.3,Neuroscience / CNS,False,1,1,11.96,HIGH_CONVICTION,,0.0,True,True,False,-12.376195882206346,-0.3015633243952327,21.4,up,3,56.0,3,2026-05-05,True,False,,True,False,Lilly,exploring strategic,True,0,32.0,STRATEGIC ALTERNATIVES DISCLOSED (+30pts) | Bolt-On Acquisition Sweet Spot (+16pts) | Strategic Cash Runway (+12pts),STRATEGIC ALTERNATIVES in 8-K — board hired a banker; Change-of-control provisions in DEF 14A (undisclosed estimated payout),PENDING,,,,
2026-05-01T18:07:14.820114,SIGA,"SIGA Technologies, Inc.",80,MEDIUM_CONVICTION,4.6,330.0,14.5,0,94.6,True,0.11,False,0,,False,1,1,4.6,MEDIUM_CONVICTION,8.81,47.8,True,False,False,11.668567962522445,0.08989360357367478,3.1,down,1,0,0,2026-05-07,True,False,,False,False,,,True,0,2.0,Bolt-On Acquisition Sweet Spot (+16pts) | Strategic Cash Runway (+12pts) | Commercial-Stage Company (+10pts),Change-of-control provisions in DEF 14A (undisclosed estimated payout); Process-evidence cap applied: no real process signal; score capped at 80,PENDING,,,,
2026-05-01T18:07:15.828305,SNDX,"Syndax Pharmaceuticals, Inc.",72,WATCH,19.11,1686.0,5.9,1,172.4,False,0.04,True,109.3,,False,1,1,21.43,MEDIUM_CONVICTION,14.81,-29.0,False,False,True,-8.0729792241602,-0.6659578307670547,6.5,up,5,78.0,1,2026-08-03,False,False,,False,False,,,True,0,2.0,Phase 3 Program (+15pts) | Mid-Cap Acquisition Target (+11pts) | Commercial-Stage Company (+10pts),Change-of-control provisions in DEF 14A (undisclosed estimated payout); Process-evidence cap applied: no real process signal; score capped at 80; PRICED-IN: +123% from 52-week low — M&A premium may be partially reflected in price (-8 pts),PENDING,,,,
2026-05-01T18:07:16.292206,SMMT,Summit Therapeutics Inc.,80,MEDIUM_CONVICTION,16.115,12495.0,5.4,4,0.0,False,0.0,False,32.4,Neuroscience / CNS,False,1,1,21.46,MEDIUM_CONVICTION,0.34,-4687.7,False,True,True,-16.06873098659885,-1.5998095286091814,8.7,up,6,44.0,1,2026-08-10,False,False,,False,False,,,True,1000000,4.0,Deep Phase 3 Pipeline (+25pts) | Strategic Price Discount (+8pts) | Motivated Cash Position (+8pts),Change-of-control provisions in DEF 14A ($1.0M estimated payout); Process-evidence cap applied: no real process signal; score capped at 80,PENDING,,,,
2026-05-01T18:07:16.585892,SRPT,"Sarepta Therapeutics, Inc.",72,WATCH,21.49,2256.0,64.4,4,2198.2,False,0.02,True,14.6,Rare Disease (ODD),False,1,1,20.88,MEDIUM_CONVICTION,,0.0,True,False,False,-3.848017371094166,-0.29032900204757306,18.5,up,13,67.0,0,2026-05-06,True,False,,False,False,Roche,,True,0,2.0,Deep Phase 3 Pipeline (+25pts) | Mid-Cap Acquisition Target (+11pts) | Commercial-Stage Company (+10pts),Change-of-control provisions in DEF 14A (undisclosed estimated payout); Process-evidence cap applied: no real process signal; score capped at 80; PRICED-IN: +106% from 52-week low — M&A premium may be partially reflected in price (-8 pts),PENDING,,,,
2026-05-01T18:07:17.944307,STRO,"Sutro Biopharma, Inc.",72,WATCH,35.59,302.0,4.4,0,102.5,False,0.05,True,40.5,Autoimmune / Inflammation,False,1,1,36.62,MEDIUM_CONVICTION,,0.0,True,True,False,-0.5722080024173393,-0.9851704128860336,,up,6,56.0,1,2026-05-14,True,False,,False,False,,,True,0,2.0,Bolt-On Acquisition Sweet Spot (+16pts) | Commercial-Stage Company (+10pts) | C-Level Insider Buying (+10pts),Change-of-control provisions in DEF 14A (undisclosed estimated payout); Process-evidence cap applied: no real process signal; score capped at 80; PRICED-IN: +431% from 52-week low — M&A premium may be partially reflected in price (-8 pts),PENDING,,,,
2026-05-01T18:07:19.264938,SUPN,"Supernus Pharmaceuticals, Inc.",72,WATCH,47.85,2755.0,5.0,4,719.0,False,0.54,True,25.4,Neuroscience / CNS,False,1,1,48,MEDIUM_CONVICTION,93.11,48.6,False,False,False,66.2898853575261,-0.02576191054952827,6.8,flat,2,78.0,7,2026-05-05,True,False,,False,False,Biogen,,True,0,2.0,Deep Phase 3 Pipeline (+25pts) | Mid-Cap Acquisition Target (+11pts) | Commercial-Stage Company (+10pts),Moderate insider selling (0.5% of mcap); Change-of-control provisions in DEF 14A (undisclosed estimated payout); Process-evidence cap applied: no real process signal; score capped at 80; PRICED-IN: +64% from 52-week low — M&A premium may be partially reflected in price (-8 pts),PENDING,,,,
2026-05-01T18:07:19.473704,TARA,"Protara Therapeutics, Inc.",72,WATCH,5.32,205.0,10.6,1,0.0,False,0.06,False,125.6,Obesity / Metabolic,False,1,1,5.33,MEDIUM_CONVICTION,1.03,-416.5,True,True,False,-2.8357543983984295,-0.3231149666367991,5.2,up,3,78.0,0,2026-05-14,True,False,,False,False,,,True,0,2.0,Bolt-On Acquisition Sweet Spot (+16pts) | Phase 3 Program (+15pts) | Strategic Cash Runway (+12pts),Change-of-control provisions in DEF 14A (undisclosed estimated payout); Process-evidence cap applied: no real process signal; score capped at 80; PRICED-IN: +92% from 52-week low — M&A premium may be partially reflected in price (-8 pts),PENDING,,,,
2026-05-01T18:07:20.896378,TBPH,"Theravance Biopharma, Inc.",100,HIGH_CONVICTION,16.79,865.0,50.2,1,107.5,False,0.39,False,60.8,Autoimmune / Inflammation,False,1,1,16.74,HIGH_CONVICTION,,0.0,True,True,False,-109.8335364118484,-0.023684942114271985,14.7,up,2,44.0,0,2026-05-14,True,False,,True,False,,strategic alternatives,True,0,32.0,STRATEGIC ALTERNATIVES DISCLOSED (+30pts) | Bolt-On Acquisition Sweet Spot (+16pts) | Phase 3 Program (+15pts),STRATEGIC ALTERNATIVES in 8-K — board hired a banker; Change-of-control provisions in DEF 14A (undisclosed estimated payout),PENDING,,,,
2026-05-01T18:07:22.501847,TCMD,"Tactile Systems Technology, Inc.",72,WATCH,22.89,521.0,,0,329.5,True,0.28,False,69.3,,False,1,1,23.02,MEDIUM_CONVICTION,57.15,59.9,False,False,False,16.586615138355324,0.07549929677659684,10.5,up,1,89.0,3,2026-05-04,True,False,,False,False,,,True,0,2.0,Bolt-On Acquisition Sweet Spot (+16pts) | Commercial-Stage Company (+10pts) | Large Analyst-to-Market Gap (+10pts),Change-of-control provisions in DEF 14A (undisclosed estimated payout); Process-evidence cap applied: no real process signal; score capped at 80; PRICED-IN: +166% from 52-week low — M&A premium may be partially reflected in price (-8 pts),PENDING,,,,
2026-05-01T18:07:23.044995,TGTX,"TG Therapeutics, Inc.",80,MEDIUM_CONVICTION,33.85,5405.0,6.1,3,616.3,True,0.0,False,15.2,Autoimmune / Inflammation,False,1,1,33.78,MEDIUM_CONVICTION,,0.0,False,True,False,33.37029637067304,0.13544095407435391,8.8,up,3,44.0,0,2026-05-06,True,False,,False,False,,,True,16700000.0,10.0,Deep Phase 3 Pipeline (+25pts) | Commercial-Stage Company (+10pts) | Acquisition Pattern Match (+10pts),Change-of-control provisions in DEF 14A ($16.7M estimated payout); Process-evidence cap applied: no real process signal; score capped at 80,PENDING,,,,
2026-05-01T18:07:24.051114,TVTX,"Travere Therapeutics, Inc.",72,WATCH,44.12,4075.0,,4,490.7,False,0.55,True,16.7,Rare Disease (ODD),False,1,1,42.12,MEDIUM_CONVICTION,,0.0,True,True,False,164.03282810018905,-0.1392493162101418,8.6,up,4,44.0,0,2026-05-04,True,False,,False,False,,,True,0,2.0,Deep Phase 3 Pipeline (+25pts) | Commercial-Stage Company (+10pts) | C-Level Insider Buying (+10pts),Moderate insider selling (0.6% of mcap); Change-of-control provisions in DEF 14A (undisclosed estimated payout); Process-evidence cap applied: no real process signal; score capped at 80; PRICED-IN: +218% from 52-week low — M&A premium may be partially reflected in price (-8 pts),PENDING,,,,
2026-05-01T18:07:24.509504,VERA,"Vera Therapeutics, Inc.",72,WATCH,35.2,2524.0,10.8,1,0.0,False,0.1,True,120.5,,False,1,1,35.61,MEDIUM_CONVICTION,4.05,-769.1,False,False,False,-10.20304488750656,-0.46268620496928115,5.2,up,6,11.0,0,2026-05-05,True,False,,False,False,,exclusive license agreement,True,0,10.0,Phase 3 Program (+15pts) | Strategic Cash Runway (+12pts) | Mid-Cap Acquisition Target (+11pts),Exclusive/co-dev agreement with major pharma detected in 8-K; Change-of-control provisions in DEF 14A (undisclosed estimated payout); Process-evidence cap applied: no real process signal; score capped at 80; PRICED-IN: +88% from 52-week low — M&A premium may be partially reflected in price (-8 pts),PENDING,,,,
2026-05-01T18:07:25.555540,VERV,"Verve Therapeutics, Inc.",72.1,WATCH,11.13,994.0,14.5,0,32.3,False,0.0,False,61.7,Gene / Cell Therapy,False,1,1,11.13,WATCH,,0.0,True,False,False,-1.6910536498623296,-0.3718502256372728,,down,5,90.0,9,,False,False,,False,False,Eli Lilly,merger agreement,False,0,0.0,Bolt-On Acquisition Sweet Spot (+16pts) | Strategic Cash Runway (+12pts) | Large Analyst-to-Market Gap (+10pts),,PENDING,,,,
2026-05-01T18:07:26.405305,VIR,"Vir Biotechnology, Inc.",72,WATCH,10,1612.0,4.8,2,68.6,False,0.15,True,112.9,Neuroscience / CNS,False,1,1,10.215,MEDIUM_CONVICTION,,0.0,False,True,False,-1.8495555553286867,-0.509378475978607,,up,3,44.0,1,2026-05-06,True,False,,False,False,,,True,1000000.0,4.0,Dual Phase 3 Programs (+20pts) | Mid-Cap Acquisition Target (+11pts) | Commercial-Stage Company (+10pts),Change-of-control provisions in DEF 14A ($1.0M estimated payout); Process-evidence cap applied: no real process signal; score capped at 80; PRICED-IN: +141% from 52-week low — M&A premium may be partially reflected in price (-8 pts),PENDING,,,,
2026-05-01T18:07:27.109413,VKTX,"Viking Therapeutics, Inc.",80,MEDIUM_CONVICTION,30,3477.0,6.1,2,0.0,False,0.0,True,235.8,Obesity / Metabolic,True,0,0,,,1.03,-2812.6,False,False,True,-9.655597571578932,-0.6153670453176554,12.5,up,13,33.0,0,2026-07-29,False,False,,False,False,,,True,0,2.0,Dual Phase 3 Programs (+20pts) | Large Analyst-to-Market Gap (+10pts) | C-Level Insider Buying (+10pts),Change-of-control provisions in DEF 14A (undisclosed estimated payout); Process-evidence cap applied: no real process signal; score capped at 80,PENDING,,,,
2026-05-01T18:07:28.014317,VNDA,Vanda Pharmaceuticals Inc.,72,WATCH,7,414.0,8.6,11,216.1,False,0.68,False,102.4,Neuroscience / CNS,False,1,1,7.1,MEDIUM_CONVICTION,,0.0,True,False,False,-3.213872681273384,-0.4327233276368935,6.2,up,1,67.0,1,2026-05-06,True,False,,False,False,,,True,0,2.0,Deep Phase 3 Pipeline (+25pts) | Bolt-On Acquisition Sweet Spot (+16pts) | Strategic Cash Runway (+12pts),Moderate insider selling (0.7% of mcap); Change-of-control provisions in DEF 14A (undisclosed estimated payout); Process-evidence cap applied: no real process signal; score capped at 80; PRICED-IN: +84% from 52-week low — M&A premium may be partially reflected in price (-8 pts),PENDING,,,,
2026-05-01T18:07:28.609378,XENE,Xenon Pharmaceuticals Inc.,72,WATCH,56.13,4431.0,7.2,8,7.5,False,0.44,True,42.9,Neuroscience / CNS,False,1,1,56.04,MEDIUM_CONVICTION,2.44,-2200.4,True,False,False,-9.817217183008083,-0.3962881249528633,10.6,up,7,67.0,0,2026-05-11,True,False,,False,False,,,True,0,2.0,Deep Phase 3 Pipeline (+25pts) | C-Level Insider Buying (+10pts) | Acquisition Pattern Match (+10pts),Change-of-control provisions in DEF 14A (undisclosed estimated payout); Process-evidence cap applied: no real process signal; score capped at 80; PRICED-IN: +99% from 52-week low — M&A premium may be partially reflected in price (-8 pts),PENDING,,,,
2026-05-01T18:07:29.614280,XNCR,"Xencor, Inc.",72,WATCH,12.69,931.0,13.3,0,125.6,False,0.06,True,154.8,Autoimmune / Inflammation,False,1,1,11.93,MEDIUM_CONVICTION,,0.0,True,True,True,-27.038592805449127,-0.21486276778862098,,up,4,56.0,3,2026-05-06,True,False,,False,False,Roche,collaboration and license,True,0,7.0,Bolt-On Acquisition Sweet Spot (+16pts) | Strategic Cash Runway (+12pts) | Commercial-Stage Company (+10pts),Exclusive/co-dev agreement with Roche detected in 8-K; Change-of-control provisions in DEF 14A (undisclosed estimated payout); Process-evidence cap applied: no real process signal; score capped at 80; PRICED-IN: +83% from 52-week low — M&A premium may be partially reflected in price (-8 pts),PENDING,,,,
2026-05-01T18:07:30.021245,YMAB,"Y-mAbs Therapeutics, Inc.",100,HIGH_CONVICTION,8.61,391.0,9.0,0,87.7,False,0.0,False,47.6,ADC / Oncology Platform,False,1,1,8.61,HIGH_CONVICTION,,0.0,True,True,False,-9.152865468597144,-0.3206266013822105,11.0,up,3,60.0,2,,False,False,,False,False,,merger agreement,False,0,35.0,FINANCIAL ADVISOR RETAINED / POTENTIAL SALE (+35pts) | Bolt-On Acquisition Sweet Spot (+16pts) | Strategic Cash Runway (+12pts),Financial advisor retained or potential sale language in 8-K,PENDING,,,,
2026-05-01T18:07:30.844930,ZBIO,"Zenas BioPharma, Inc.",72,WATCH,19.36,864.0,7.3,4,10.0,False,0.0,True,73.0,Autoimmune / Inflammation,False,1,1,19.32,MEDIUM_CONVICTION,,0.0,True,False,False,-7.54022963303664,-0.6561218981892994,,up,3,33.0,0,2026-05-14,True,False,,False,False,,,True,0,2.0,Deep Phase 3 Pipeline (+25pts) | Bolt-On Acquisition Sweet Spot (+16pts) | Large Analyst-to-Market Gap (+10pts),Change-of-control provisions in DEF 14A (undisclosed estimated payout); Process-evidence cap applied: no real process signal; score capped at 80; PRICED-IN: +127% from 52-week low — M&A premium may be partially reflected in price (-8 pts),PENDING,,,,
2026-05-01T18:07:31.368317,ZYME,Zymeworks Inc.,72,WATCH,26.61,1977.0,11.1,0,106.0,False,0.0,True,44.0,ADC / Oncology Platform,False,1,1,27.54,MEDIUM_CONVICTION,,0.0,False,True,False,0.25646712663006527,-0.30079628185127405,28.9,up,7,56.0,0,2026-05-07,True,False,,False,False,Pfizer,,True,0,2.0,Strategic Cash Runway (+12pts) | Mid-Cap Acquisition Target (+11pts) | Commercial-Stage Company (+10pts),Change-of-control provisions in DEF 14A (undisclosed estimated payout); Process-evidence cap applied: no real process signal; score capped at 80; PRICED-IN: +145% from 52-week low — M&A premium may be partially reflected in price (-8 pts),PENDING,,,,
2026-05-05T09:53:48.033926,ABUS,Arbutus Biopharma Corporation,81.7,HIGH_CONVICTION,4.435,873.0,17.4,0,14.1,False,0.0,False,91.7,Neuroscience / CNS,False,6,4,4.15,HIGH_CONVICTION,,0.0,True,False,False,-34.01431639688249,-0.3034017878172703,13.0,up,1,50.0,3,2026-07-30,True,True,Unknown,False,False,Pfizer,,True,0,13.1,Bolt-On Acquisition Sweet Spot (+16pts) | SC 13D Filing: Activist investor (+11pts) | Large Analyst-to-Market Gap (+10pts),ACTIVIST 13D: Unknown (2026-04-28 00:00:00); Change-of-control provisions in DEF 14A (undisclosed estimated payout),PENDING,,,,
2026-05-05T09:53:47.597039,ABCL,AbCellera Biologics Inc.,72,WATCH,4.855,1472.0,12.8,0,75.1,False,0.0,True,44.2,,False,6,4,4.16,MEDIUM_CONVICTION,,0.0,True,True,False,-6.49695813027589,-0.1378427271740684,,up,3,67.0,1,2026-05-11,True,False,,False,False,,,True,0,2.0,Strategic Cash Runway (+12pts) | Mid-Cap Acquisition Target (+11pts) | Commercial-Stage Company (+10pts),Change-of-control provisions in DEF 14A (undisclosed estimated payout); Process-evidence cap applied: no real process signal; score capped at 80; PRICED-IN: +150% from 52-week low — M&A premium may be partially reflected in price (-8 pts),PENDING,,,,
2026-05-05T09:53:46.858981,ACAD,ACADIA Pharmaceuticals Inc.,72,WATCH,22.525,3857.0,16.8,5,1071.5,True,0.02,True,54.4,Neuroscience / CNS,False,6,4,22.67,HIGH_CONVICTION,,0.0,True,True,False,31.65805052410298,0.08070368078014381,8.6,up,15,89.0,8,2026-05-06,True,False,,False,False,,,True,0,2.0,Deep Phase 3 Pipeline (+25pts) | Commercial-Stage Company (+10pts) | C-Level Insider Buying (+10pts),Change-of-control provisions in DEF 14A (undisclosed estimated payout); Process-evidence cap applied: no real process signal; score capped at 80; PRICED-IN: +56% from 52-week low — M&A premium may be partially reflected in price (-8 pts),PENDING,,,,
2026-05-05T09:35:13.126432,ACLX,"Arcellx, Inc.",47.7,MEDIUM_CONVICTION,115.07,6732.0,8.4,0,22.3,False,4.05,True,-2.3,ADC / Oncology Platform,False,6,4,115.05,HIGH_CONVICTION,0.92,-12448.0,True,True,True,-18.62471842561209,-0.49881545544851075,15.5,up,6,56.0,0,2026-05-07,True,True,Unknown,False,False,,,False,0,11.3,Strategic Cash Runway (+12pts) | SC 13D Filing: Activist investor (+11pts) | C-Level Insider Buying (+10pts),"Heavy insider selling (4.1% of mcap) — leadership exiting, not deal prep; ACTIVIST 13D: Unknown (2026-04-30 00:00:00)",PENDING,,,,
2026-05-05T09:53:48.817977,ACRS,"Aclaris Therapeutics, Inc.",72,WATCH,4.64,560.0,7.5,0,7.8,False,0.03,True,128.4,Autoimmune / Inflammation,False,6,4,4.22,WATCH,,0.0,True,True,True,-5.450324212877506,-0.5769986250245531,,up,3,56.0,0,2026-05-14,True,False,,False,False,Eli Lilly,,True,0,2.0,Bolt-On Acquisition Sweet Spot (+16pts) | Large Analyst-to-Market Gap (+10pts) | C-Level Insider Buying (+10pts),Change-of-control provisions in DEF 14A (undisclosed estimated payout); Process-evidence cap applied: no real process signal; score capped at 80; PRICED-IN: +300% from 52-week low — M&A premium may be partially reflected in price (-8 pts),PENDING,,,,
2026-05-05T09:53:49.959631,ADCT,ADC Therapeutics S.A.,72,WATCH,3.705,471.0,7.6,1,81.4,False,0.16,True,102.4,ADC / Oncology Platform,False,6,4,3.77,HIGH_CONVICTION,,0.0,False,False,True,-5.879847668140804,-0.4229114256803973,4.5,up,2,56.0,0,2026-08-11,False,False,,True,False,,strategic alternatives,True,2453150,12.0,Bolt-On Acquisition Sweet Spot (+16pts) | Phase 3 Program (+15pts) | Commercial-Stage Company (+10pts),Strategic alternatives in 8-K (boilerplate — cap not cleared); Change-of-control provisions in DEF 14A ($2.5M estimated payout); Process-evidence cap applied: no real process signal; score capped at 80; PRICED-IN: +202% from 52-week low — M&A premium may be partially reflected in price (-8 pts),PENDING,,,,
2026-05-05T09:53:51.144048,ADMA,"ADMA Biologics, Inc.",80,MEDIUM_CONVICTION,10.2398,2379.0,,0,510.2,True,0.18,True,119.7,Rare Disease (ODD),False,6,4,10.9,HIGH_CONVICTION,,0.0,False,True,True,21.928562320000804,0.2756813082731932,4.4,up,1,67.0,1,2026-05-06,True,False,,False,False,,,True,0,2.0,Mid-Cap Acquisition Target (+11pts) | Commercial-Stage Company (+10pts) | Large Analyst-to-Market Gap (+10pts),Change-of-control provisions in DEF 14A (undisclosed estimated payout); Process-evidence cap applied: no real process signal; score capped at 80,PENDING,,,,
2026-05-05T09:53:50.607586,ADPT,Adaptive Biotechnologies Corporation,72,WATCH,13.98,2153.0,31.8,0,277.0,False,0.61,True,52.0,Autoimmune / Inflammation,False,6,4,14.04,HIGH_CONVICTION,,0.0,True,False,False,-89.59503080345773,-0.1309010662651845,,down,3,100.0,9,2026-05-05,False,False,,False,False,Pfizer,,True,0,2.0,Mid-Cap Acquisition Target (+11pts) | Commercial-Stage Company (+10pts) | C-Level Insider Buying (+10pts),Moderate insider selling (0.6% of mcap); Change-of-control provisions in DEF 14A (undisclosed estimated payout); Process-evidence cap applied: no real process signal; score capped at 80; PRICED-IN: +67% from 52-week low — M&A premium may be partially reflected in price (-8 pts),PENDING,,,,
2026-05-05T09:53:52.218773,ADUS,Addus HomeCare Corporation,75.5,WATCH,94.2459,1757.0,,0,1422.5,True,0.17,False,36.5,Neuroscience / CNS,False,6,3,98.84,WATCH,140.49,32.9,False,True,True,13.738447145464026,0.08018362860927082,11.9,up,3,100.0,9,2026-08-03,False,False,,False,False,,,True,3100000,4.0,Mid-Cap Acquisition Target (+11pts) | Commercial-Stage Company (+10pts) | Profitable Operations (+8pts),Change-of-control provisions in DEF 14A ($3.1M estimated payout),PENDING,,,,
2026-05-05T09:53:52.755195,AGIO,"Agios Pharmaceuticals, Inc.",80,MEDIUM_CONVICTION,27.7421,1650.0,6.9,6,54.0,False,0.15,True,36.1,,False,6,4,24.8,HIGH_CONVICTION,,0.0,True,False,True,-3.3212835259928686,-0.3818457671277085,70.8,up,7,56.0,3,2026-07-30,False,False,,False,False,,,True,0,2.0,Deep Phase 3 Pipeline (+25pts) | Mid-Cap Acquisition Target (+11pts) | Commercial-Stage Company (+10pts),Change-of-control provisions in DEF 14A (undisclosed estimated payout); Process-evidence cap applied: no real process signal; score capped at 80,PENDING,,,,
2026-05-05T09:53:54.284276,AHCO,AdaptHealth Corp.,76.4,WATCH,11.52,1566.0,,0,3244.9,True,0.1,True,4.2,Neuroscience / CNS,False,6,4,13.38,MEDIUM_CONVICTION,30.33,62.0,False,True,True,6.2400090540862525,0.05071321844588296,7.5,up,1,33.0,0,2026-05-05,False,False,,False,False,,,True,1000000,4.0,Mid-Cap Acquisition Target (+11pts) | Commercial-Stage Company (+10pts) | C-Level Insider Buying (+10pts),Change-of-control provisions in DEF 14A ($1.0M estimated payout),PENDING,,,,
2026-05-05T09:53:55.237457,ALKS,Alkermes plc,80,MEDIUM_CONVICTION,35.0475,5841.0,,5,1475.9,True,0.11,True,25.5,Neuroscience / CNS,False,6,4,34.14,HIGH_CONVICTION,43.55,19.5,True,False,True,10.754605551055933,0.10562730407367017,10.8,up,5,50.0,1,,False,False,,False,False,Johnson & Johnson,,True,0,2.0,Deep Phase 3 Pipeline (+25pts) | Commercial-Stage Company (+10pts) | C-Level Insider Buying (+10pts),Change-of-control provisions in DEF 14A (undisclosed estimated payout); Process-evidence cap applied: no real process signal; score capped at 80,PENDING,,,,
2026-05-05T09:53:56.038868,ALLO,"Allogene Therapeutics, Inc.",72,WATCH,2.245,547.0,8.7,0,0.0,False,0.03,False,186.4,Renal / Nephrology,False,6,4,2.19,MEDIUM_CONVICTION,,0.0,True,False,False,-1.673451008510901,-0.5397440211168233,2.8,up,5,78.0,3,2026-05-12,True,False,,False,False,,,True,738480,2.0,Bolt-On Acquisition Sweet Spot (+16pts) | Strategic Cash Runway (+12pts) | Large Analyst-to-Market Gap (+10pts),Change-of-control provisions in DEF 14A ($0.7M estimated payout); Process-evidence cap applied: no real process signal; score capped at 80; PRICED-IN: +161% from 52-week low — M&A premium may be partially reflected in price (-8 pts),PENDING,,,,
2026-05-05T09:53:54.111529,ALPN,"Alpine Immune Sciences, Inc.",72,WATCH,64.97,4457.0,13.1,1,58.9,False,0.0,False,-15.3,Autoimmune / Inflammation,False,6,4,64.97,HIGH_CONVICTION,,0.0,True,True,False,-29.260975621358295,-0.13061419665627658,,up,5,50.0,5,,False,False,,False,False,,,False,0,0.0,Phase 3 Program (+15pts) | Strategic Cash Runway (+12pts) | Commercial-Stage Company (+10pts),Process-evidence cap applied: no real process signal; score capped at 80; PRICED-IN: +680% from 52-week low — M&A premium may be partially reflected in price (-8 pts),PENDING,,,,
2026-05-05T09:53:56.337904,ALVO,Alvotech,80,WATCH,3.5552,1109.0,2.9,1,586.3,True,0.0,False,134.3,Autoimmune / Inflammation,False,6,4,3.52,WATCH,,0.0,True,False,False,8.377003237586932,0.012998072515744738,3.5,up,3,56.0,0,2026-05-06,True,False,,False,False,,,False,0,0.0,Phase 3 Program (+15pts) | Mid-Cap Acquisition Target (+11pts) | Commercial-Stage Company (+10pts),Only 2.9Q runway — verify solvency before entering; Process-evidence cap applied: no real process signal; score capped at 80,PENDING,,,,
2026-05-05T09:53:57.654263,AMPH,"Amphastar Pharmaceuticals, Inc.",80,MEDIUM_CONVICTION,23.0029,1024.0,,1,719.9,True,0.13,True,13.0,,False,6,4,21.82,MEDIUM_CONVICTION,85.23,73.0,True,True,False,11.653549780356125,0.07523942087748099,7.7,flat,2,56.0,0,2026-05-07,True,False,,False,False,Eli Lilly,,True,0,2.0,Phase 3 Program (+15pts) | Mid-Cap Acquisition Target (+11pts) | Commercial-Stage Company (+10pts),Change-of-control provisions in DEF 14A (undisclosed estimated payout); Process-evidence cap applied: no real process signal; score capped at 80,PENDING,,,,
2026-05-05T09:53:58.612079,AMRN,Amarin Corporation plc,71.5,WATCH,14.48,299.0,,0,213.6,False,0.01,False,-85.0,,False,4,2,13.93,WATCH,,0.0,True,False,True,-5.0573359585617785,-0.029268384976647372,76.2,up,1,44.0,0,2026-07-29,False,False,,False,False,,,True,16247909,10.0,Bolt-On Acquisition Sweet Spot (+16pts) | Commercial-Stage Company (+10pts) | Change-of-Control Provisions in Proxy (+10pts),Change-of-control provisions in DEF 14A ($16.2M estimated payout),PENDING,,,,
2026-05-05T09:53:59.220333,ANAB,"AnaptysBio, Inc.",72,WATCH,70.27,3030.0,11.4,0,234.6,True,1.15,True,5.1,,False,4,2,65.73,MEDIUM_CONVICTION,,0.0,True,True,False,13.395665255668833,0.14609120024401404,9.7,up,3,78.0,6,2026-05-04,False,False,,False,False,Biogen,,False,0,0.0,Strategic Cash Runway (+12pts) | Commercial-Stage Company (+10pts) | C-Level Insider Buying (+10pts),Moderate insider selling (1.2% of mcap); Process-evidence cap applied: no real process signal; score capped at 80; PRICED-IN: +516% from 52-week low — M&A premium may be partially reflected in price (-8 pts),PENDING,,,,
2026-05-05T09:54:00.658598,ANIP,"ANI Pharmaceuticals, Inc.",80,MEDIUM_CONVICTION,83.52,1900.0,,0,883.4,True,0.86,True,48.5,Neuroscience / CNS,False,4,2,79.45,MEDIUM_CONVICTION,1088.81,92.3,True,True,False,7.828482061871586,0.05631817671625445,6.2,up,2,100.0,9,2026-05-08,True,False,,False,False,,,True,1000000.0,4.0,Mid-Cap Acquisition Target (+11pts) | Commercial-Stage Company (+10pts) | C-Level Insider Buying (+10pts),Moderate insider selling (0.9% of mcap); Change-of-control provisions in DEF 14A ($1.0M estimated payout); Process-evidence cap applied: no real process signal; score capped at 80,PENDING,,,,
2026-05-05T09:54:01.722293,ANNX,"Annexon, Inc.",72,WATCH,5.78,691.0,4.9,2,0.0,False,0.05,True,176.8,Autoimmune / Inflammation,False,4,2,5.87,MEDIUM_CONVICTION,0.79,-633.7,False,False,False,-3.0070653903263986,-0.9098503672498097,2.2,up,2,56.0,1,2026-05-11,True,False,,False,False,,,True,0,2.0,Dual Phase 3 Programs (+20pts) | Bolt-On Acquisition Sweet Spot (+16pts) | Large Analyst-to-Market Gap (+10pts),Change-of-control provisions in DEF 14A (undisclosed estimated payout); Process-evidence cap applied: no real process signal; score capped at 80; PRICED-IN: +261% from 52-week low — M&A premium may be partially reflected in price (-8 pts),PENDING,,,,
2026-05-05T09:54:02.590251,APLS,"Apellis Pharmaceuticals, Inc.",97.7,HIGH_CONVICTION,40.9429,5242.0,33.0,3,1003.8,True,0.0,True,-18.4,Autoimmune / Inflammation,False,4,2,40.95,HIGH_CONVICTION,,0.0,False,True,True,45.492819201371525,0.06037969637709708,16.7,up,9,50.0,0,2026-07-30,False,False,,False,False,Biogen,merger agreement,False,0,0.0,Deep Phase 3 Pipeline (+25pts) | Commercial-Stage Company (+10pts) | C-Level Insider Buying (+10pts),,PENDING,,,,
2026-05-05T09:54:03.417447,ARCT,Arcturus Therapeutics Holdings Inc.,80,MEDIUM_CONVICTION,8.6934,247.0,13.8,0,67.2,False,0.0,False,158.8,Obesity / Metabolic,False,4,2,8.62,MEDIUM_CONVICTION,,0.0,True,False,False,0.5287754761573752,-0.3136415560939481,,up,5,78.0,0,2026-05-07,True,False,,False,False,Abbvie,,True,1691000,4.0,Bolt-On Acquisition Sweet Spot (+16pts) | Strategic Cash Runway (+12pts) | Commercial-Stage Company (+10pts),Change-of-control provisions in DEF 14A ($1.7M estimated payout); Process-evidence cap applied: no real process signal; score capped at 80,PENDING,,,,
2026-05-05T09:54:03.903552,ARDX,"Ardelyx, Inc.",72,WATCH,7.355,1804.0,7.4,3,407.3,False,0.07,True,131.1,Renal / Nephrology,False,4,2,6.33,MEDIUM_CONVICTION,,0.0,True,True,True,-40.84663649190358,-0.09886411341494603,3.3,up,6,56.0,0,2026-08-03,False,False,,False,False,,,True,760246,2.0,Deep Phase 3 Pipeline (+25pts) | Mid-Cap Acquisition Target (+11pts) | Commercial-Stage Company (+10pts),Change-of-control provisions in DEF 14A ($0.8M estimated payout); Process-evidence cap applied: no real process signal; score capped at 80; PRICED-IN: +129% from 52-week low — M&A premium may be partially reflected in price (-8 pts),PENDING,,,,
2026-05-05T09:54:04.734617,ARQT,"Arcutis Biotherapeutics, Inc.",72,WATCH,23.671,2961.0,126.0,0,376.1,False,0.11,True,50.0,Autoimmune / Inflammation,False,4,2,23.22,MEDIUM_CONVICTION,,0.0,True,False,False,1475.0945,-0.04020254163447153,7.9,up,7,89.0,8,2026-05-06,True,False,,False,False,Pfizer,,True,1000000.0,4.0,Mid-Cap Acquisition Target (+11pts) | Commercial-Stage Company (+10pts) | C-Level Insider Buying (+10pts),Change-of-control provisions in DEF 14A ($1.0M estimated payout); Process-evidence cap applied: no real process signal; score capped at 80; PRICED-IN: +91% from 52-week low — M&A premium may be partially reflected in price (-8 pts),PENDING,,,,
2026-05-05T09:54:05.743326,ARVN,"Arvinas, Inc.",72,WATCH,10.5333,674.0,15.3,0,262.6,False,0.13,True,23.4,ADC / Oncology Platform,False,4,2,9.9,MEDIUM_CONVICTION,,0.0,True,False,True,-8.437104913678619,-0.19909894299081615,,up,6,88.0,0,2026-07-30,True,False,,False,False,Pfizer,,True,0,2.0,Bolt-On Acquisition Sweet Spot (+16pts) | Strategic Cash Runway (+12pts) | Commercial-Stage Company (+10pts),Change-of-control provisions in DEF 14A (undisclosed estimated payout); Process-evidence cap applied: no real process signal; score capped at 80; PRICED-IN: +79% from 52-week low — M&A premium may be partially reflected in price (-8 pts),PENDING,,,,
2026-05-05T09:54:10.065722,ATRC,"AtriCure, Inc.",73.5,WATCH,28.5381,1445.0,,0,534.5,False,0.41,True,77.6,,False,4,2,28.11,WATCH,,0.0,True,False,False,111.38618736919857,-0.005986661572128243,27.2,up,2,78.0,6,2026-05-05,False,False,,False,False,,,True,0,2.0,Mid-Cap Acquisition Target (+11pts) | Commercial-Stage Company (+10pts) | Large Analyst-to-Market Gap (+10pts),Change-of-control provisions in DEF 14A (undisclosed estimated payout),PENDING,,,,
2026-05-05T09:54:12.685707,AUPH,Aurinia Pharmaceuticals Inc.,100,HIGH_CONVICTION,15.8887,2113.0,,0,283.1,True,0.29,True,0.7,Autoimmune / Inflammation,False,4,2,15.385,HIGH_CONVICTION,,0.0,False,False,False,16.732959055081132,0.15532390854730085,9.7,up,2,89.0,2,2026-05-11,True,False,,False,False,Astrazeneca,right of first refusal,True,0,35,ROFR Clause with Astrazeneca (+35pts) | Mid-Cap Acquisition Target (+11pts) | Commercial-Stage Company (+10pts),ROFR clause detected in 8-K — Astrazeneca has acquisition option; Change-of-control provisions in DEF 14A (undisclosed estimated payout),PENDING,,,,
2026-05-05T09:54:12.010576,AURA,"Aura Biosciences, Inc.",72,WATCH,9.12,586.0,7.1,1,0.0,False,0.1,True,149.5,,False,4,2,7.05,MEDIUM_CONVICTION,0.67,-1253.0,True,True,True,-2.5675875732120153,-0.7310324713202411,,up,1,67.0,3,2026-05-21,False,False,,False,False,Roche,,True,0,2.0,Bolt-On Acquisition Sweet Spot (+16pts) | Phase 3 Program (+15pts) | Large Analyst-to-Market Gap (+10pts),Change-of-control provisions in DEF 14A (undisclosed estimated payout); Process-evidence cap applied: no real process signal; score capped at 80; PRICED-IN: +110% from 52-week low — M&A premium may be partially reflected in price (-8 pts),PENDING,,,,
2026-05-05T09:54:14.103735,AUTL,Autolus Therapeutics plc,80,MEDIUM_CONVICTION,1.6583,441.0,4.4,0,75.6,False,0.0,False,434.9,,True,0,0,,,,0.0,True,False,True,-2.861080458353394,-0.5308201881201751,8.0,up,3,25.0,0,2026-07-30,True,False,,False,False,,,False,0,0.0,Bolt-On Acquisition Sweet Spot (+16pts) | Commercial-Stage Company (+10pts) | Large Analyst-to-Market Gap (+10pts),Process-evidence cap applied: no real process signal; score capped at 80,PENDING,,,,
2026-05-05T09:54:13.348619,AXSM,"Axsome Therapeutics, Inc.",72,WATCH,228.96,11712.0,15.5,6,638.5,False,0.1,True,11.7,Neuroscience / CNS,False,4,2,207.75,MEDIUM_CONVICTION,,0.0,True,True,True,-53.56988267653481,-0.43950416245045043,7.8,up,12,67.0,0,2026-08-03,False,False,,False,False,,,True,0,2.0,Deep Phase 3 Pipeline (+25pts) | Strategic Cash Runway (+12pts) | Commercial-Stage Company (+10pts),Change-of-control provisions in DEF 14A (undisclosed estimated payout); Process-evidence cap applied: no real process signal; score capped at 80; PRICED-IN: +138% from 52-week low — M&A premium may be partially reflected in price (-8 pts),PENDING,,,,
2026-05-05T09:54:15.129129,BBIO,"BridgeBio Pharma, Inc.",72,WATCH,68.51,13282.0,7.1,0,502.1,False,0.26,True,46.8,Renal / Nephrology,False,4,2,71.11,MEDIUM_CONVICTION,,0.0,False,False,False,-25.62899343720463,-1.0845681353425587,7.6,up,14,50.0,0,2026-07-30,False,False,,False,False,Genentech,exclusive license agreement,True,0,14.0,Deep Partnership with Genentech (+12pts) | Commercial-Stage Company (+10pts) | C-Level Insider Buying (+10pts),Exclusive/co-dev agreement with Genentech detected in 8-K; Change-of-control provisions in DEF 14A (undisclosed estimated payout); Process-evidence cap applied: no real process signal; score capped at 80; PRICED-IN: +116% from 52-week low — M&A premium may be partially reflected in price (-8 pts),PENDING,,,,
2026-05-05T09:54:16.707560,BCYC,Bicycle Therapeutics plc,80,MEDIUM_CONVICTION,4.975,345.0,13.2,0,72.6,False,0.02,False,114.5,Rare Disease (ODD),False,4,2,4.72,MEDIUM_CONVICTION,,0.0,True,False,True,0.5659710998209067,-0.3734241430839007,19.3,up,6,67.0,0,2026-08-14,False,False,,False,False,Novartis,,True,0,2.0,Bolt-On Acquisition Sweet Spot (+16pts) | Strategic Cash Runway (+12pts) | Commercial-Stage Company (+10pts),Change-of-control provisions in DEF 14A (undisclosed estimated payout); Process-evidence cap applied: no real process signal; score capped at 80,PENDING,,,,
2026-05-05T09:54:17.488649,BHVN,Biohaven Ltd.,80,WATCH,9.76,1033.0,2.5,5,0.0,False,0.0,True,82.7,,False,4,2,9.59,WATCH,,0.0,False,False,True,-1.7375380457016074,-2.2216069123998174,15.3,up,6,22.0,2,2026-05-11,True,False,,False,False,Regeneron,,True,0,2.0,Deep Phase 3 Pipeline (+25pts) | Mid-Cap Acquisition Target (+11pts) | Large Analyst-to-Market Gap (+10pts),Only 2.5Q runway — verify solvency before entering; Change-of-control provisions in DEF 14A (undisclosed estimated payout); Process-evidence cap applied: no real process signal; score capped at 80,PENDING,,,,
2026-05-05T09:54:18.762333,BMRN,BioMarin Pharmaceutical Inc.,100,HIGH_CONVICTION,54.73,10526.0,,7,3221.3,True,0.05,True,67.2,Rare Disease (ODD),False,4,2,53.91,HIGH_CONVICTION,11.51,-375.5,True,False,True,18.726516417191448,0.05637025140139638,6.6,up,6,78.0,0,2026-08-03,False,False,,False,False,,merger agreement,False,0,0.0,Deep Phase 3 Pipeline (+25pts) | Commercial-Stage Company (+10pts) | Large Analyst-to-Market Gap (+10pts),,PENDING,,,,
2026-05-05T09:54:17.958895,BPMC,Blueprint Medicines Corporation,76.8,WATCH,129.46,8361.0,13.7,2,508.8,False,0.0,False,-12.7,ADC / Oncology Platform,False,4,2,129.46,WATCH,,0.0,True,True,False,304.12184361027346,-0.21719588642602533,15.7,up,11,80.0,0,,False,False,,False,False,Sanofi,merger agreement,False,0,0.0,Dual Phase 3 Programs (+20pts) | Strategic Cash Runway (+12pts) | Commercial-Stage Company (+10pts),,PENDING,,,,
2026-05-05T09:54:19.798283,CABA,"Cabaletta Bio, Inc.",72,WATCH,3.99,384.0,3.8,1,0.0,False,0.0,True,309.3,Autoimmune / Inflammation,False,4,2,2.99,MEDIUM_CONVICTION,0.49,-711.6,True,False,True,-0.9852091782291391,-1.2378170162918885,6.2,up,7,22.0,2,2026-05-21,False,False,,False,False,,,True,0,2.0,Bolt-On Acquisition Sweet Spot (+16pts) | Phase 3 Program (+15pts) | Large Analyst-to-Market Gap (+10pts),Only 3.8Q runway — verify solvency before entering; Change-of-control provisions in DEF 14A (undisclosed estimated payout); Process-evidence cap applied: no real process signal; score capped at 80; PRICED-IN: +259% from 52-week low — M&A premium may be partially reflected in price (-8 pts),PENDING,,,,
2026-05-05T09:54:20.410314,CAPR,"Capricor Therapeutics, Inc.",72,WATCH,33.6056,1536.0,14.7,1,0.0,False,0.51,True,42.1,Rare Disease (ODD),False,4,2,33.58,MEDIUM_CONVICTION,5.71,-488.5,False,False,False,-9.935670055324413,-0.33097618293451736,4.7,up,3,33.0,0,2026-05-12,True,False,,False,False,,,True,0,2.0,Phase 3 Program (+15pts) | Strategic Cash Runway (+12pts) | Mid-Cap Acquisition Target (+11pts),Moderate insider selling (0.5% of mcap); Change-of-control provisions in DEF 14A (undisclosed estimated payout); Process-evidence cap applied: no real process signal; score capped at 80; PRICED-IN: +682% from 52-week low — M&A premium may be partially reflected in price (-8 pts),PENDING,,,,
2026-05-05T09:54:21.650016,CCCC,"C4 Therapeutics, Inc.",72,WATCH,2.975,246.0,9.3,0,35.9,False,0.08,True,135.3,ADC / Oncology Platform,False,4,2,2.83,MEDIUM_CONVICTION,,0.0,True,True,False,-1.3963835502458364,-0.31433771547185707,0.8,up,3,67.0,4,2026-05-06,True,False,,False,False,Roche,collaboration and license,True,0,7.0,Bolt-On Acquisition Sweet Spot (+16pts) | Strategic Cash Runway (+12pts) | Large Analyst-to-Market Gap (+10pts),Exclusive/co-dev agreement with Roche detected in 8-K; Change-of-control provisions in DEF 14A (undisclosed estimated payout); Process-evidence cap applied: no real process signal; score capped at 80; PRICED-IN: +146% from 52-week low — M&A premium may be partially reflected in price (-8 pts),PENDING,,,,
2026-05-05T09:54:22.127502,CGEN,Compugen Ltd.,72,WATCH,2.79,264.0,,0,72.8,True,0.06,True,43.4,ADC / Oncology Platform,False,4,2,2.66,MEDIUM_CONVICTION,,0.0,False,True,False,1.7390576312065655,0.2319928983438838,,up,2,44.0,2,2026-05-18,True,False,,False,False,,,False,0,0.0,Bolt-On Acquisition Sweet Spot (+16pts) | Commercial-Stage Company (+10pts) | C-Level Insider Buying (+10pts),Process-evidence cap applied: no real process signal; score capped at 80; PRICED-IN: +127% from 52-week low — M&A premium may be partially reflected in price (-8 pts),PENDING,,,,
2026-05-05T09:54:25.116801,CGON,"CG Oncology, Inc. Common stock",71.2,WATCH,68.745,5804.0,19.8,2,4.0,False,0.04,True,16.2,,False,4,1,66.74,WATCH,,0.0,True,False,False,-19.957191029771234,-0.2504677216278419,10.4,up,5,29.0,1,2026-05-07,True,False,,False,False,,,True,0,2.0,Dual Phase 3 Programs (+20pts) | C-Level Insider Buying (+10pts) | Patent Cliff Alignment: Pfizer (+8pts),Change-of-control provisions in DEF 14A (undisclosed estimated payout); PRICED-IN: +227% from 52-week low — M&A premium may be partially reflected in price (-8 pts),PENDING,,,,
2026-05-05T09:54:26.190085,CHRS,"Coherus Oncology, Inc.",72,WATCH,1.7752,208.0,5.2,1,42.2,False,0.0,False,239.1,Autoimmune / Inflammation,False,4,2,1.775,MEDIUM_CONVICTION,,0.0,True,False,False,-0.7190517333239325,-1.5312058835960944,5.9,up,2,38.0,1,2026-07-30,True,False,,False,False,Janssen,,True,2000000,4.0,Bolt-On Acquisition Sweet Spot (+16pts) | Phase 3 Program (+15pts) | Large Analyst-to-Market Gap (+10pts),Change-of-control provisions in DEF 14A ($2.0M estimated payout); Process-evidence cap applied: no real process signal; score capped at 80; PRICED-IN: +150% from 52-week low — M&A premium may be partially reflected in price (-8 pts),PENDING,,,,
2026-05-05T09:54:26.689494,CLDX,"Celldex Therapeutics, Inc.",72,WATCH,33.14,2206.0,9.2,4,1.5,False,0.0,False,35.8,ADC / Oncology Platform,False,4,2,32.88,MEDIUM_CONVICTION,0.22,-14809.8,True,False,False,-6.967367473181427,-0.5386622284197742,8.0,up,4,67.0,0,2026-05-14,True,False,,False,False,,,True,0,2.0,Deep Phase 3 Pipeline (+25pts) | Strategic Cash Runway (+12pts) | Mid-Cap Acquisition Target (+11pts),Change-of-control provisions in DEF 14A (undisclosed estimated payout); Process-evidence cap applied: no real process signal; score capped at 80; PRICED-IN: +86% from 52-week low — M&A premium may be partially reflected in price (-8 pts),PENDING,,,,
2026-05-05T09:54:24.712022,CLLS,Cellectis S.A.,72,WATCH,3.7699,378.0,34.6,0,73.2,False,0.0,False,59.2,Renal / Nephrology,False,4,2,3.9,WATCH,,0.0,False,False,False,-26.606170100398842,-0.18592362141644322,,up,3,38.0,0,2026-07-30,True,False,,False,False,,,False,0,0.0,Bolt-On Acquisition Sweet Spot (+16pts) | Commercial-Stage Company (+10pts) | Acquisition Pattern Match (+10pts),Process-evidence cap applied: no real process signal; score capped at 80; PRICED-IN: +184% from 52-week low — M&A premium may be partially reflected in price (-8 pts),PENDING,,,,
2026-05-05T09:54:27.933022,CMPS,COMPASS Pathways plc,72,WATCH,9.42,905.0,4.1,2,0.0,False,0.01,True,89.6,Neuroscience / CNS,False,4,2,9.06,MEDIUM_CONVICTION,1.38,-582.6,True,True,False,-2.884880602333596,9.965306696051274,4.7,up,3,33.0,0,2026-05-07,True,False,,False,False,,,True,0,2.0,Dual Phase 3 Programs (+20pts) | Bolt-On Acquisition Sweet Spot (+16pts) | Large Analyst-to-Market Gap (+10pts),Change-of-control provisions in DEF 14A (undisclosed estimated payout); Process-evidence cap applied: no real process signal; score capped at 80; PRICED-IN: +319% from 52-week low — M&A premium may be partially reflected in price (-8 pts),PENDING,,,,
2026-05-05T09:54:28.612993,CNMD,CONMED Corporation,80,MEDIUM_CONVICTION,36.05,1112.0,,0,1374.5,True,0.0,True,116.4,,False,4,2,36.66,MEDIUM_CONVICTION,173.76,79.3,False,False,True,10.61737804562887,0.04642500983039697,6.6,up,4,100.0,9,2026-07-29,False,False,,False,False,,,True,0,2.0,Mid-Cap Acquisition Target (+11pts) | Commercial-Stage Company (+10pts) | Large Analyst-to-Market Gap (+10pts),Change-of-control provisions in DEF 14A (undisclosed estimated payout); Process-evidence cap applied: no real process signal; score capped at 80,PENDING,,,,
2026-05-05T09:54:29.728447,COLL,"Collegium Pharmaceutical, Inc.",80,MEDIUM_CONVICTION,35.015,1135.0,,1,780.6,True,0.67,False,65.6,,False,4,2,33.73,MEDIUM_CONVICTION,649.09,94.6,True,False,False,5.380144042343611,0.10182147655665276,3.5,up,1,78.0,0,2026-05-07,True,False,,False,False,,,True,0,2.0,Phase 3 Program (+15pts) | Mid-Cap Acquisition Target (+11pts) | Commercial-Stage Company (+10pts),Moderate insider selling (0.7% of mcap); Change-of-control provisions in DEF 14A (undisclosed estimated payout); Process-evidence cap applied: no real process signal; score capped at 80,PENDING,,,,
2026-05-05T09:54:30.043885,CORT,Corcept Therapeutics Incorporated,72,WATCH,51.99,5581.0,20.2,0,761.4,True,0.17,True,40.4,Obesity / Metabolic,False,4,2,46.52,MEDIUM_CONVICTION,74.73,30.4,True,True,True,74.9675412855827,0.0666969403707288,5.9,up,2,44.0,0,2026-07-30,False,False,,False,False,,,True,0,2.0,Commercial-Stage Company (+10pts) | C-Level Insider Buying (+10pts) | Strategic Price Discount (+8pts),Change-of-control provisions in DEF 14A (undisclosed estimated payout); Process-evidence cap applied: no real process signal; score capped at 80; PRICED-IN: +81% from 52-week low — M&A premium may be partially reflected in price (-8 pts),PENDING,,,,
2026-05-05T09:54:30.997242,CRBU,"Caribou Biosciences, Inc.",72,WATCH,1.9241,187.0,6.1,0,11.2,False,0.03,True,159.9,ADC / Oncology Platform,False,4,2,1.88,MEDIUM_CONVICTION,,0.0,False,False,False,-1.2324194069363028,-0.8976948775093587,,down,3,67.0,3,2026-05-14,True,False,,False,False,,,True,0,2.0,Bolt-On Acquisition Sweet Spot (+16pts) | Large Analyst-to-Market Gap (+10pts) | C-Level Insider Buying (+10pts),Change-of-control provisions in DEF 14A (undisclosed estimated payout); Process-evidence cap applied: no real process signal; score capped at 80; PRICED-IN: +164% from 52-week low — M&A premium may be partially reflected in price (-8 pts),PENDING,,,,
2026-05-05T09:54:31.649008,CRNX,"Crinetics Pharmaceuticals, Inc.",72,WATCH,41.93,4390.0,10.1,5,7.7,False,0.17,True,106.5,Renal / Nephrology,False,4,2,38.78,MEDIUM_CONVICTION,,0.0,True,False,False,-9.377531669582675,-0.48894139020671634,8.5,up,6,22.0,1,2026-05-07,True,False,,False,False,,collaboration and license,True,0,7.0,Deep Phase 3 Pipeline (+25pts) | Strategic Cash Runway (+12pts) | Large Analyst-to-Market Gap (+10pts),Exclusive/co-dev agreement with major pharma detected in 8-K; Change-of-control provisions in DEF 14A (undisclosed estimated payout); Process-evidence cap applied: no real process signal; score capped at 80; PRICED-IN: +62% from 52-week low — M&A premium may be partially reflected in price (-8 pts),PENDING,,,,
2026-05-05T09:54:32.650070,CRSP,CRISPR Therapeutics AG,73.4,WATCH,50.9973,4918.0,24.2,0,3.5,False,0.07,True,23.5,ADC / Oncology Platform,False,4,1,52.34,WATCH,,0.0,False,False,True,-8.664469390768513,-0.26622838514621017,2.7,up,6,67.0,0,2026-05-11,True,False,,False,False,Lilly,,True,0,2.0,C-Level Insider Buying (+10pts) | Acquisition Pattern Match (+9pts) | Strategic Price Discount (+8pts),Change-of-control provisions in DEF 14A (undisclosed estimated payout),PENDING,,,,
2026-05-05T09:54:33.375746,CRVS,"Corvus Pharmaceuticals, Inc.",72,WATCH,15.89,1336.0,6.1,1,0.0,False,0.0,True,108.7,Renal / Nephrology,False,4,2,15.19,MEDIUM_CONVICTION,0.02,-74860.3,False,True,False,-14.06507373344814,-0.6914968942100351,27.9,up,3,33.0,0,2026-05-07,True,False,,False,False,,,True,0,2.0,Phase 3 Program (+15pts) | Mid-Cap Acquisition Target (+11pts) | Large Analyst-to-Market Gap (+10pts),Change-of-control provisions in DEF 14A (undisclosed estimated payout); Process-evidence cap applied: no real process signal; score capped at 80; PRICED-IN: +402% from 52-week low — M&A premium may be partially reflected in price (-8 pts),PENDING,,,,
2026-05-05T09:54:34.774633,CTMX,"CytomX Therapeutics, Inc.",72,WATCH,4.205,716.0,7.1,0,76.2,False,0.17,False,175.9,ADC / Oncology Platform,False,4,2,4.22,MEDIUM_CONVICTION,,0.0,False,False,False,-31.844063062458766,-0.17917227610334185,,up,2,78.0,0,2026-05-07,True,False,,False,False,Merck,,True,0,2.0,Bolt-On Acquisition Sweet Spot (+16pts) | Commercial-Stage Company (+10pts) | Large Analyst-to-Market Gap (+10pts),Change-of-control provisions in DEF 14A (undisclosed estimated payout); Process-evidence cap applied: no real process signal; score capped at 80; PRICED-IN: +365% from 52-week low — M&A premium may be partially reflected in price (-8 pts),PENDING,,,,
2026-05-05T09:54:33.902971,CVAC,CureVac N.V.,72,WATCH,4.66,1049.0,10.0,0,535.2,True,0.0,False,350.6,,False,4,2,4.66,MEDIUM_CONVICTION,,0.0,True,False,False,1.412078606271162,0.20517994172162643,,up,2,40.0,1,,False,False,,False,False,,,False,0,0.0,Strategic Cash Runway (+12pts) | Mid-Cap Acquisition Target (+11pts) | Commercial-Stage Company (+10pts),Process-evidence cap applied: no real process signal; score capped at 80; PRICED-IN: +88% from 52-week low — M&A premium may be partially reflected in price (-8 pts),PENDING,,,,
2026-05-05T09:54:35.896974,CYTK,"Cytokinetics, Incorporated",72,WATCH,78.93,9721.0,7.1,4,88.0,False,0.15,True,17.2,Rare Disease (ODD),False,4,2,63.97,MEDIUM_CONVICTION,,0.0,True,False,False,-10.355529461581451,-0.47743994160843495,19.5,up,13,44.0,0,2026-05-05,False,False,,False,False,,,True,0,2.0,Deep Phase 3 Pipeline (+25pts) | Commercial-Stage Company (+10pts) | C-Level Insider Buying (+10pts),Change-of-control provisions in DEF 14A (undisclosed estimated payout); Process-evidence cap applied: no real process signal; score capped at 80; PRICED-IN: +169% from 52-week low — M&A premium may be partially reflected in price (-8 pts),PENDING,,,,
2026-05-05T09:54:36.713019,DAWN,"Day One Biopharmaceuticals, Inc.",100,HIGH_CONVICTION,21.53,2225.0,44.2,1,158.2,False,0.98,False,-0.1,,False,4,2,21.53,HIGH_CONVICTION,54.59,60.6,True,True,False,-7.269082570731984,-0.28032691153295747,11.7,up,2,56.0,0,2026-05-05,False,True,Unknown,False,False,,merger agreement,False,0,35,ROFR Clause with major pharma (+35pts) | Phase 3 Program (+15pts) | Mid-Cap Acquisition Target (+11pts),Moderate insider selling (1.0% of mcap); ACTIVIST 13D: Unknown (2026-04-27 00:00:00); ROFR clause detected in 8-K — major pharma has acquisition option,PENDING,,,,
2026-05-05T09:54:36.124281,DCPH,"Deciphera Pharmaceuticals, Inc.",70.0,WATCH,25.59,2213.0,6.5,3,163.4,False,0.0,False,2.9,,False,4,2,25.59,MEDIUM_CONVICTION,,0.0,True,True,False,-6.293219254517423,-0.55987473294497,,down,5,70.0,4,,False,False,,False,False,,,False,0,0.0,Deep Phase 3 Pipeline (+25pts) | Mid-Cap Acquisition Target (+11pts) | Commercial-Stage Company (+10pts),PRICED-IN: +158% from 52-week low — M&A premium may be partially reflected in price (-8 pts),PENDING,,,,
2026-05-05T09:54:38.015228,DMAC,DiaMedica Therapeutics Inc.,72.0,WATCH,6.29,339.0,8.3,1,0.0,False,0.0,False,32.4,Renal / Nephrology,False,4,2,6.05,MEDIUM_CONVICTION,0.3,-1967.1,True,False,False,-10.437212112708856,-0.6104062039715356,,up,1,22.0,0,2026-05-06,True,False,,False,False,,,True,0,2.0,Bolt-On Acquisition Sweet Spot (+16pts) | Phase 3 Program (+15pts) | Strategic Cash Runway (+12pts),Change-of-control provisions in DEF 14A (undisclosed estimated payout); PRICED-IN: +81% from 52-week low — M&A premium may be partially reflected in price (-8 pts),PENDING,,,,
2026-05-05T09:54:38.593929,DNLI,Denali Therapeutics Inc.,80,MEDIUM_CONVICTION,18.886,2996.0,8.4,2,0.0,False,0.0,False,82.7,Autoimmune / Inflammation,False,4,2,18.72,MEDIUM_CONVICTION,0.92,-1945.7,False,False,False,-5.493662834377625,-0.5258676443990762,18.1,up,12,56.0,3,2026-05-11,True,False,,False,False,Takeda,,True,0,2.0,Dual Phase 3 Programs (+20pts) | Strategic Cash Runway (+12pts) | Mid-Cap Acquisition Target (+11pts),Change-of-control provisions in DEF 14A (undisclosed estimated payout); Process-evidence cap applied: no real process signal; score capped at 80,PENDING,,,,
2026-05-05T09:54:39.960809,EDIT,"Editas Medicine, Inc.",72,WATCH,3.015,295.0,4.4,0,40.5,False,0.0,True,99.0,ADC / Oncology Platform,False,4,2,3,MEDIUM_CONVICTION,,0.0,False,False,True,-0.753580541275267,-0.6564674627773115,,up,2,56.0,2,2026-05-11,True,False,,False,False,,,True,0,2.0,Bolt-On Acquisition Sweet Spot (+16pts) | Large Analyst-to-Market Gap (+10pts) | C-Level Insider Buying (+10pts),Change-of-control provisions in DEF 14A (undisclosed estimated payout); Process-evidence cap applied: no real process signal; score capped at 80; PRICED-IN: +134% from 52-week low — M&A premium may be partially reflected in price (-8 pts),PENDING,,,,
2026-05-05T09:54:40.275842,EOLS,"Evolus, Inc.",72,WATCH,6.5,423.0,5.0,0,297.2,False,0.19,True,130.8,,False,4,2,5.39,MEDIUM_CONVICTION,8.5,23.5,True,True,True,-18.362575804830715,-0.24560395056567294,4.0,up,6,22.0,1,2026-08-04,False,False,,False,False,,,True,0,2.0,Bolt-On Acquisition Sweet Spot (+16pts) | Commercial-Stage Company (+10pts) | Large Analyst-to-Market Gap (+10pts),Change-of-control provisions in DEF 14A (undisclosed estimated payout); Process-evidence cap applied: no real process signal; score capped at 80; PRICED-IN: +68% from 52-week low — M&A premium may be partially reflected in price (-8 pts),PENDING,,,,
2026-05-05T09:54:41.261429,ESPR,"Esperion Therapeutics, Inc.",96.3,HIGH_CONVICTION,3.1101,647.0,39.2,0,403.1,True,0.02,True,2.6,,False,4,2,2,HIGH_CONVICTION,,0.0,True,True,False,19.06738997561097,0.23657437572122744,1.9,up,3,56.0,0,2026-05-07,True,False,,False,False,,merger agreement,True,1000000.0,4.0,Bolt-On Acquisition Sweet Spot (+16pts) | Commercial-Stage Company (+10pts) | C-Level Insider Buying (+10pts),Change-of-control provisions in DEF 14A ($1.0M estimated payout),PENDING,,,,
2026-05-05T09:54:41.707160,EXEL,"Exelixis, Inc.",80,MEDIUM_CONVICTION,45.192,11479.0,,9,2320.1,True,0.52,True,4.7,ADC / Oncology Platform,False,4,2,44.46,MEDIUM_CONVICTION,236.3,80.9,True,True,False,12.503786099575159,0.29735665472438116,10.5,down,11,89.0,7,2026-05-05,False,False,,False,False,,,True,0,2.0,Deep Phase 3 Pipeline (+25pts) | Commercial-Stage Company (+10pts) | C-Level Insider Buying (+10pts),Moderate insider selling (0.5% of mcap); Change-of-control provisions in DEF 14A (undisclosed estimated payout); Process-evidence cap applied: no real process signal; score capped at 80,PENDING,,,,
2026-05-05T09:54:42.822821,EYPT,"EyePoint Pharmaceuticals, Inc.",72,WATCH,13.7166,1149.0,4.9,5,31.4,False,0.34,True,173.4,,False,4,2,13.2,MEDIUM_CONVICTION,,0.0,True,False,False,-5.164630947197187,-0.7445102332921474,4.7,up,7,11.0,0,2026-05-06,True,False,,False,False,,,False,0,0.0,Deep Phase 3 Pipeline (+25pts) | Mid-Cap Acquisition Target (+11pts) | Large Analyst-to-Market Gap (+10pts),Process-evidence cap applied: no real process signal; score capped at 80; PRICED-IN: +159% from 52-week low — M&A premium may be partially reflected in price (-8 pts),PENDING,,,,
2026-05-05T09:54:44.294515,FDMT,"4D Molecular Therapeutics, Inc.",72,WATCH,9.7114,508.0,8.7,2,85.2,False,0.0,True,239.8,Rare Disease (ODD),False,4,2,8.87,MEDIUM_CONVICTION,,0.0,True,False,False,-2.6042860810152577,-0.3019904678621588,,up,3,44.0,2,2026-05-07,True,False,,False,False,,,True,0,2.0,Dual Phase 3 Programs (+20pts) | Bolt-On Acquisition Sweet Spot (+16pts) | Strategic Cash Runway (+12pts),Change-of-control provisions in DEF 14A (undisclosed estimated payout); Process-evidence cap applied: no real process signal; score capped at 80; PRICED-IN: +224% from 52-week low — M&A premium may be partially reflected in price (-8 pts),PENDING,,,,
2026-05-05T09:54:45.152127,FHTX,Foghorn Therapeutics Inc.,80,MEDIUM_CONVICTION,4.82,283.0,7.7,0,30.9,False,0.0,True,142.1,,False,4,2,4.75,MEDIUM_CONVICTION,,0.0,False,True,False,-3.8145500298318,-0.5894764803859629,144.6,up,4,67.0,0,2026-05-13,True,False,,False,False,,,True,0,2.0,Bolt-On Acquisition Sweet Spot (+16pts) | Large Analyst-to-Market Gap (+10pts) | C-Level Insider Buying (+10pts),Change-of-control provisions in DEF 14A (undisclosed estimated payout); Process-evidence cap applied: no real process signal; score capped at 80,PENDING,,,,
2026-05-05T09:54:46.640829,FLGT,"Fulgent Genetics, Inc.",100,HIGH_CONVICTION,14.63,435.0,3.5,0,322.7,False,0.94,False,74.3,ADC / Oncology Platform,False,4,2,15.19,HIGH_CONVICTION,3.73,-292.2,False,False,False,-16.714945119689265,-0.07092124886896631,,up,2,89.0,0,2026-07-31,False,False,,False,False,,right of first offer,True,1000000,18.0,Bolt-On Acquisition Sweet Spot (+16pts) | ROFO Clause with major pharma (+14pts) | Commercial-Stage Company (+10pts),Only 3.5Q runway — verify solvency before entering; Moderate insider selling (0.9% of mcap); ROFO clause detected in 8-K — major pharma has acquisition option; Change-of-control provisions in DEF 14A ($1.0M estimated payout),PENDING,,,,
2026-05-05T09:54:45.338721,FOLD,"Amicus Therapeutics, Inc.",73.0,WATCH,14.49,4550.0,,4,634.2,True,1.64,False,0.1,Rare Disease (ODD),False,4,2,14.49,WATCH,,0.0,True,True,False,86.6087168987177,-6.791995685494817,8.7,up,1,56.0,0,2026-05-07,True,False,,False,False,,merger agreement,False,0,0.0,Deep Phase 3 Pipeline (+25pts) | Commercial-Stage Company (+10pts) | Acquisition Pattern Match (+10pts),Elevated insider selling (1.6% of mcap),PENDING,,,,
2026-05-05T09:54:47.991689,FULC,"Fulcrum Therapeutics, Inc.",78.4,WATCH,7.21,390.0,18.8,0,0.0,False,0.0,True,186.7,,False,4,2,7.13,WATCH,3.01,-139.5,False,False,False,-7.150021091304939,-0.2383562029018108,9.0,up,2,67.0,1,2026-08-04,False,False,,False,False,,,False,0,0.0,Bolt-On Acquisition Sweet Spot (+16pts) | Large Analyst-to-Market Gap (+10pts) | C-Level Insider Buying (+10pts),,PENDING,,,,
2026-05-05T09:54:49.348364,GERN,Geron Corporation,80,MEDIUM_CONVICTION,1.6047,1028.0,20.2,2,183.9,False,0.0,True,267.0,,False,4,2,1.54,MEDIUM_CONVICTION,,0.0,True,False,False,-20.264038548564166,-0.11252053546799541,2.5,up,2,78.0,0,2026-05-06,True,False,,False,False,Pfizer,,True,0,2.0,Dual Phase 3 Programs (+20pts) | Mid-Cap Acquisition Target (+11pts) | Commercial-Stage Company (+10pts),Change-of-control provisions in DEF 14A (undisclosed estimated payout); Process-evidence cap applied: no real process signal; score capped at 80,PENDING,,,,
2026-05-05T09:54:47.151718,GLPG,Galapagos N.V.,80,MEDIUM_CONVICTION,28.38,1870.0,57.5,0,1112.2,True,0.0,False,16.3,Autoimmune / Inflammation,False,4,2,27.83,MEDIUM_CONVICTION,5.32,-433.5,True,False,False,3.1617029326669015,0.15408454797398757,,up,2,56.0,1,2026-05-06,True,False,,False,False,,,False,0,0.0,Mid-Cap Acquisition Target (+11pts) | Commercial-Stage Company (+10pts) | Acquisition Pattern Match (+10pts),Process-evidence cap applied: no real process signal; score capped at 80,PENDING,,,,
2026-05-05T09:54:49.622848,GTHX,"G1 Therapeutics, Inc.",72,WATCH,7.16,378.0,8.6,0,82.5,False,0.0,False,-37.2,ADC / Oncology Platform,False,4,2,7.16,MEDIUM_CONVICTION,,0.0,True,True,False,-5.325767043234891,-0.4304648022303537,4.8,up,1,70.0,1,,False,False,,False,False,,,False,0,0.0,Bolt-On Acquisition Sweet Spot (+16pts) | Strategic Cash Runway (+12pts) | Commercial-Stage Company (+10pts),Process-evidence cap applied: no real process signal; score capped at 80; PRICED-IN: +563% from 52-week low — M&A premium may be partially reflected in price (-8 pts),PENDING,,,,
2026-05-05T09:54:51.459506,HALO,"Halozyme Therapeutics, Inc.",80,MEDIUM_CONVICTION,65.6582,7779.0,,1,1396.6,True,0.27,True,15.1,Autoimmune / Inflammation,False,4,2,63.66,MEDIUM_CONVICTION,127.6,48.5,True,False,True,8.770348451474218,0.23594555502308032,7.4,down,3,78.0,0,2026-05-11,True,False,,False,False,Johnson & Johnson,exclusive license agreement,True,0,14.0,Phase 3 Program (+15pts) | Deep Partnership with Johnson & Johnson (+12pts) | Commercial-Stage Company (+10pts),Exclusive/co-dev agreement with Johnson & Johnson detected in 8-K; Change-of-control provisions in DEF 14A (undisclosed estimated payout); Process-evidence cap applied: no real process signal; score capped at 80,PENDING,,,,
2026-05-05T09:54:51.940948,HRMY,"Harmony Biosciences Holdings, Inc.",80,MEDIUM_CONVICTION,32.835,1900.0,,3,868.5,True,0.0,True,42.5,,False,4,2,31.26,MEDIUM_CONVICTION,124.72,73.7,True,True,False,6.424037849110756,0.13902934593019767,7.2,down,5,56.0,0,2026-05-07,True,False,,False,False,Eli Lilly,,True,0,2.0,Deep Phase 3 Pipeline (+25pts) | Mid-Cap Acquisition Target (+11pts) | Commercial-Stage Company (+10pts),Change-of-control provisions in DEF 14A (undisclosed estimated payout); Process-evidence cap applied: no real process signal; score capped at 80,PENDING,,,,
2026-05-05T09:54:52.963251,IDYA,"IDEAYA Biosciences, Inc.",72,WATCH,28.9088,2539.0,7.1,2,218.7,False,0.0,True,102.9,ADC / Oncology Platform,False,4,2,29.1,MEDIUM_CONVICTION,,0.0,False,False,True,-19.221973097595654,-0.1516042282042693,12.1,up,6,33.0,2,2026-05-11,True,False,,False,False,Astrazeneca,,True,0,2.0,Dual Phase 3 Programs (+20pts) | Mid-Cap Acquisition Target (+11pts) | Commercial-Stage Company (+10pts),Change-of-control provisions in DEF 14A (undisclosed estimated payout); Process-evidence cap applied: no real process signal; score capped at 80; PRICED-IN: +72% from 52-week low — M&A premium may be partially reflected in price (-8 pts),PENDING,,,,
2026-05-05T09:54:53.550270,IMCR,Immunocore Holdings plc,80,MEDIUM_CONVICTION,28.6,1450.0,46.6,2,297.6,False,0.04,True,50.3,Autoimmune / Inflammation,False,4,2,27.91,MEDIUM_CONVICTION,,0.0,False,False,False,3417.948552884082,-0.04101475969452137,4.7,up,5,56.0,0,2026-05-06,True,False,,False,False,,,True,0,2.0,Dual Phase 3 Programs (+20pts) | Mid-Cap Acquisition Target (+11pts) | Commercial-Stage Company (+10pts),Change-of-control provisions in DEF 14A (undisclosed estimated payout); Process-evidence cap applied: no real process signal; score capped at 80,PENDING,,,,
2026-05-05T09:54:54.505509,IMNM,"Immunome, Inc.",72,WATCH,23.165,2035.0,14.8,1,6.9,False,0.15,True,59.0,,False,4,2,22.94,MEDIUM_CONVICTION,7.38,-213.9,False,True,False,-5.809259108724273,-0.33549619397115,17.1,up,6,33.0,0,2026-05-11,True,False,,False,False,,,True,0,2.0,Phase 3 Program (+15pts) | Strategic Cash Runway (+12pts) | Mid-Cap Acquisition Target (+11pts),Change-of-control provisions in DEF 14A (undisclosed estimated payout); Process-evidence cap applied: no real process signal; score capped at 80; PRICED-IN: +224% from 52-week low — M&A premium may be partially reflected in price (-8 pts),PENDING,,,,
2026-05-05T09:54:55.034379,IMVT,"Immunovant, Inc.",72,WATCH,27.765,5651.0,10.2,2,0.0,False,0.28,True,63.9,Autoimmune / Inflammation,False,4,2,27.145,MEDIUM_CONVICTION,4.62,-501.0,False,True,False,-4.286509416937925,-0.6192567257206255,53.8,up,4,44.0,1,2026-06-04,False,False,,False,False,,,False,0,0.0,Dual Phase 3 Programs (+20pts) | Strategic Cash Runway (+12pts) | Large Analyst-to-Market Gap (+10pts),Process-evidence cap applied: no real process signal; score capped at 80; PRICED-IN: +108% from 52-week low — M&A premium may be partially reflected in price (-8 pts),PENDING,,,,
2026-05-05T09:54:57.691639,INVA,"Innoviva, Inc.",71.4,WATCH,22.99,1479.0,,0,425.1,True,0.01,False,63.9,Neuroscience / CNS,True,0,0,,,64.83,64.5,False,False,True,2.7757565374633915,0.08565742368377642,12.5,down,1,78.0,3,2026-05-06,True,False,,False,False,,,True,750000,2.0,Mid-Cap Acquisition Target (+11pts) | Commercial-Stage Company (+10pts) | Large Analyst-to-Market Gap (+10pts),Change-of-control provisions in DEF 14A ($0.8M estimated payout),PENDING,,,,
2026-05-05T09:54:58.207355,INZY,"Inozyme Pharma, Inc.",81.3,MEDIUM_CONVICTION,4,258.0,3.5,2,0.0,False,0.0,False,200.0,Rare Disease (ODD),False,4,2,4,MEDIUM_CONVICTION,,0.0,True,True,False,-1.9204145417667982,-0.9936102541571553,,up,5,40.0,0,,False,False,,False,False,,merger agreement,False,0,0.0,Dual Phase 3 Programs (+20pts) | Bolt-On Acquisition Sweet Spot (+16pts) | Large Analyst-to-Market Gap (+10pts),Only 3.5Q runway — verify solvency before entering,PENDING,,,,
2026-05-05T09:54:59.482983,IONS,"Ionis Pharmaceuticals, Inc.",72,WATCH,75.3423,12451.0,4.1,11,944.0,False,0.45,True,42.4,Rare Disease (ODD),False,4,2,74.76,MEDIUM_CONVICTION,,0.0,True,False,True,-51.96137683307468,-0.1195700486792737,10.4,up,7,89.0,1,2026-07-29,False,False,,False,False,,,True,0,2.0,Deep Phase 3 Pipeline (+25pts) | Commercial-Stage Company (+10pts) | C-Level Insider Buying (+10pts),Change-of-control provisions in DEF 14A (undisclosed estimated payout); Process-evidence cap applied: no real process signal; score capped at 80; PRICED-IN: +138% from 52-week low — M&A premium may be partially reflected in price (-8 pts),PENDING,,,,
2026-05-05T09:55:00.307518,IOVA,"Iovance Biotherapeutics, Inc.",72,WATCH,3.945,1410.0,4.5,1,263.5,False,0.05,False,-49.3,,False,4,2,3.36,MEDIUM_CONVICTION,3.95,0.1,True,False,False,-2.4107917728431016,-0.5151545432284143,21.6,up,6,56.0,2,2026-05-07,True,False,,False,False,,,True,0,2.0,Phase 3 Program (+15pts) | Mid-Cap Acquisition Target (+11pts) | Commercial-Stage Company (+10pts),Change-of-control provisions in DEF 14A (undisclosed estimated payout); Process-evidence cap applied: no real process signal; score capped at 80; PRICED-IN: +141% from 52-week low — M&A premium may be partially reflected in price (-8 pts),PENDING,,,,
2026-05-05T09:55:01.636395,JANX,"Janux Therapeutics, Inc.",80,WATCH,14.4669,880.0,46.7,0,10.0,False,0.0,False,96.3,ADC / Oncology Platform,False,4,2,14.37,WATCH,,0.0,False,False,True,-7.392286338220008,-0.16008134687354683,,up,6,78.0,2,2026-05-14,True,False,,False,False,Bristol-Myers Squibb,exclusive worldwide license,True,0,14.0,Bolt-On Acquisition Sweet Spot (+16pts) | Deep Partnership with Bristol-Myers Squibb (+12pts) | Large Analyst-to-Market Gap (+10pts),Exclusive/co-dev agreement with Bristol-Myers Squibb detected in 8-K; Change-of-control provisions in DEF 14A (undisclosed estimated payout); Process-evidence cap applied: no real process signal; score capped at 80,PENDING,,,,
2026-05-05T09:55:02.639050,JAZZ,Jazz Pharmaceuticals plc,72,WATCH,209.8013,13163.0,,5,4267.6,True,0.23,True,3.0,ADC / Oncology Platform,False,4,2,203.02,MEDIUM_CONVICTION,530.36,60.4,True,True,False,132.76128360685968,0.01215442497976173,6.4,up,13,56.0,2,2026-05-05,False,False,,False,False,,,False,0,0.0,Deep Phase 3 Pipeline (+25pts) | Commercial-Stage Company (+10pts) | C-Level Insider Buying (+10pts),Process-evidence cap applied: no real process signal; score capped at 80; PRICED-IN: +115% from 52-week low — M&A premium may be partially reflected in price (-8 pts),PENDING,,,,
2026-05-05T09:55:03.369465,KMPH,"KemPharm, Inc.",79.2,MEDIUM_CONVICTION,5.81,200.0,,0,106.5,False,0.0,False,72.1,Rare Disease (ODD),False,4,2,5.81,MEDIUM_CONVICTION,,0.0,True,True,False,-5.118260958009627,-0.25599801523550775,,,,17.0,0,2023-05-10,False,False,,False,False,,collaboration and license,True,0,7.0,Bolt-On Acquisition Sweet Spot (+16pts) | Commercial-Stage Company (+10pts) | Large Analyst-to-Market Gap (+10pts),Exclusive/co-dev agreement with major pharma detected in 8-K; Change-of-control provisions in DEF 14A (undisclosed estimated payout),PENDING,,,,
2026-05-05T09:55:03.895650,KNSA,"Kiniksa Pharmaceuticals, Ltd.",72,WATCH,57.5565,4271.0,,1,677.6,True,0.96,True,11.2,Neuroscience / CNS,False,4,2,53.78,MEDIUM_CONVICTION,,0.0,True,True,True,32.123699044480325,0.08171643213269279,13.0,up,6,44.0,1,2026-07-28,False,False,,False,False,Regeneron,,True,0,2.0,Phase 3 Program (+15pts) | Commercial-Stage Company (+10pts) | C-Level Insider Buying (+10pts),Moderate insider selling (1.0% of mcap); Change-of-control provisions in DEF 14A (undisclosed estimated payout); Process-evidence cap applied: no real process signal; score capped at 80; PRICED-IN: +132% from 52-week low — M&A premium may be partially reflected in price (-8 pts),PENDING,,,,
2026-05-05T09:55:05.052758,KROS,"Keros Therapeutics, Inc.",80,MEDIUM_CONVICTION,11.6459,433.0,10.5,0,244.1,True,0.08,True,781.0,,False,4,2,11.12,MEDIUM_CONVICTION,,0.0,True,False,False,6.75555725558698,0.20896022448140864,,down,7,62.0,0,2026-08-12,False,False,,False,False,Takeda,,True,0,2.0,Bolt-On Acquisition Sweet Spot (+16pts) | Strategic Cash Runway (+12pts) | Commercial-Stage Company (+10pts),Change-of-control provisions in DEF 14A (undisclosed estimated payout); Process-evidence cap applied: no real process signal; score capped at 80,PENDING,,,,
2026-05-05T09:55:06.396834,KRYS,"Krystal Biotech, Inc.",72,WATCH,295.09,8686.0,,1,389.1,True,0.58,True,10.5,Rare Disease (ODD),False,4,2,262.26,MEDIUM_CONVICTION,571.73,48.4,True,True,True,39.613030754381995,0.13085509519131153,8.5,up,2,78.0,4,2026-08-03,False,False,,False,False,,,True,0,2.0,Phase 3 Program (+15pts) | Commercial-Stage Company (+10pts) | C-Level Insider Buying (+10pts),Moderate insider selling (0.6% of mcap); Change-of-control provisions in DEF 14A (undisclosed estimated payout); Process-evidence cap applied: no real process signal; score capped at 80; PRICED-IN: +140% from 52-week low — M&A premium may be partially reflected in price (-8 pts),PENDING,,,,
2026-05-05T09:55:07.364074,KURA,"Kura Oncology, Inc.",72,WATCH,9.2624,822.0,8.3,1,67.5,False,0.0,True,195.1,ADC / Oncology Platform,False,4,2,8.83,MEDIUM_CONVICTION,20.82,55.5,True,False,False,-2.5765209744723037,-0.48763060774155004,2.7,up,5,38.0,0,2026-07-30,True,False,,False,False,,collaboration and license,True,0,7.0,Bolt-On Acquisition Sweet Spot (+16pts) | Phase 3 Program (+15pts) | Strategic Cash Runway (+12pts),Exclusive/co-dev agreement with major pharma detected in 8-K; Change-of-control provisions in DEF 14A (undisclosed estimated payout); Process-evidence cap applied: no real process signal; score capped at 80; PRICED-IN: +70% from 52-week low — M&A premium may be partially reflected in price (-8 pts),PENDING,,,,
2026-05-05T09:55:08.066550,KYMR,"Kymera Therapeutics, Inc.",72,WATCH,84.4911,6898.0,8.4,0,39.2,False,0.4,True,40.7,Autoimmune / Inflammation,False,4,2,81.07,MEDIUM_CONVICTION,0.13,-65857.1,True,False,True,-20.760328144597953,-0.20880195260829254,,up,15,56.0,1,2026-08-10,False,False,,False,False,,,True,0,2.0,Strategic Cash Runway (+12pts) | C-Level Insider Buying (+10pts) | Acquisition Pattern Match (+8pts),Change-of-control provisions in DEF 14A (undisclosed estimated payout); Process-evidence cap applied: no real process signal; score capped at 80; PRICED-IN: +201% from 52-week low — M&A premium may be partially reflected in price (-8 pts),PENDING,,,,
2026-05-05T09:55:06.502136,LEGN,Legend Biotech Corporation,72,WATCH,29.69,5491.0,9.0,0,1031.6,False,0.0,False,95.0,ADC / Oncology Platform,False,4,2,23.52,MEDIUM_CONVICTION,,0.0,True,True,False,-32.64786375259872,-0.09612334768588018,13.9,up,6,89.0,2,2026-05-12,True,False,,False,False,,,False,0,0.0,Strategic Cash Runway (+12pts) | Commercial-Stage Company (+10pts) | Large Analyst-to-Market Gap (+10pts),Process-evidence cap applied: no real process signal; score capped at 80; PRICED-IN: +83% from 52-week low — M&A premium may be partially reflected in price (-8 pts),PENDING,,,,
2026-05-05T09:55:10.745099,LENZ,"LENZ Therapeutics, Inc.",78.4,MEDIUM_CONVICTION,9.23,289.0,14.1,0,19.1,False,0.0,True,459.8,Neuroscience / CNS,False,4,2,8.98,WATCH,2.46,-275.2,False,False,False,-4.785946849832123,-0.3201317929389615,2.6,up,2,56.0,0,2026-05-11,True,False,,False,False,,,True,1000000,4.0,Bolt-On Acquisition Sweet Spot (+16pts) | Strategic Cash Runway (+12pts) | Large Analyst-to-Market Gap (+10pts),Change-of-control provisions in DEF 14A ($1.0M estimated payout),PENDING,,,,
2026-05-05T09:55:11.802000,LGND,Ligand Pharmaceuticals Incorporated,90.5,HIGH_CONVICTION,231.5288,4617.0,,0,268.1,True,0.42,True,15.6,Autoimmune / Inflammation,False,4,2,229.45,MEDIUM_CONVICTION,47.09,-391.7,True,True,True,20.405217837964045,0.024242875844605282,14.2,up,1,78.0,4,2026-05-14,True,True,Unknown,False,False,Janssen,merger agreement,True,0,13.5,SC 13D Filing: Activist investor (+12pts) | Commercial-Stage Company (+10pts) | C-Level Insider Buying (+10pts),ACTIVIST 13D: Unknown (2026-05-01 00:00:00); Change-of-control provisions in DEF 14A (undisclosed estimated payout),PENDING,,,,
2026-05-05T09:55:13.165575,LNTH,"Lantheus Holdings, Inc.",72,WATCH,86.59,5637.0,,1,1541.6,True,0.09,False,16.6,Rare Disease (ODD),False,4,2,84.62,MEDIUM_CONVICTION,669.82,87.1,True,True,True,10.239372186533016,0.12210568427880247,10.3,up,4,56.0,1,2026-05-07,True,False,,False,False,,collaboration and license,True,0,7.0,Phase 3 Program (+15pts) | Commercial-Stage Company (+10pts) | Acquisition Pattern Match (+10pts),Exclusive/co-dev agreement with major pharma detected in 8-K; Change-of-control provisions in DEF 14A (undisclosed estimated payout); Process-evidence cap applied: no real process signal; score capped at 80; PRICED-IN: +83% from 52-week low — M&A premium may be partially reflected in price (-8 pts),PENDING,,,,
2026-05-05T09:55:13.028632,LYEL,"Lyell Immunopharma, Inc.",72,WATCH,20.86,487.0,5.5,1,0.0,False,0.05,True,120.5,ADC / Oncology Platform,False,4,2,19.73,MEDIUM_CONVICTION,0.88,-2258.9,False,False,False,-2.6418838400915545,-0.7011216625378475,,up,1,67.0,0,2026-05-12,True,False,,False,False,Gilead,,True,0,2.0,Bolt-On Acquisition Sweet Spot (+16pts) | Phase 3 Program (+15pts) | Large Analyst-to-Market Gap (+10pts),Change-of-control provisions in DEF 14A (undisclosed estimated payout); Process-evidence cap applied: no real process signal; score capped at 80; PRICED-IN: +173% from 52-week low — M&A premium may be partially reflected in price (-8 pts),PENDING,,,,
2026-05-05T09:55:14.345146,MDGL,"Madrigal Pharmaceuticals, Inc.",72,WATCH,510.54,11712.0,7.4,3,958.4,False,0.02,True,42.6,Obesity / Metabolic,False,4,2,517.39,MEDIUM_CONVICTION,3011.95,83.0,False,False,True,-49.98719731008172,-0.31578554148659554,7.0,up,5,56.0,0,2026-05-06,True,False,,False,False,Roche,,True,0,2.0,Deep Phase 3 Pipeline (+25pts) | Commercial-Stage Company (+10pts) | C-Level Insider Buying (+10pts),Change-of-control provisions in DEF 14A (undisclosed estimated payout); Process-evidence cap applied: no real process signal; score capped at 80; PRICED-IN: +93% from 52-week low — M&A premium may be partially reflected in price (-8 pts),PENDING,,,,
2026-05-05T09:55:14.905421,MGNX,"MacroGenics, Inc.",72,WATCH,3.1975,203.0,6.3,0,149.5,False,0.05,True,87.6,Autoimmune / Inflammation,False,4,2,3.08,MEDIUM_CONVICTION,,0.0,True,False,True,-2.302832456105621,-0.3297772387955516,,up,1,44.0,3,2026-05-12,True,False,,False,False,,collaboration and license,True,625000,7.0,Bolt-On Acquisition Sweet Spot (+16pts) | Commercial-Stage Company (+10pts) | Large Analyst-to-Market Gap (+10pts),Exclusive/co-dev agreement with major pharma detected in 8-K; Change-of-control provisions in DEF 14A ($0.6M estimated payout); Process-evidence cap applied: no real process signal; score capped at 80; PRICED-IN: +170% from 52-week low — M&A premium may be partially reflected in price (-8 pts),PENDING,,,,
2026-05-05T09:55:16.700154,MGTX,MeiraGTx Holdings plc,100,HIGH_CONVICTION,9.89,915.0,5.4,0,81.4,False,1.53,True,135.9,Autoimmune / Inflammation,False,4,2,9.22,HIGH_CONVICTION,,0.0,True,False,False,-6.248820197606825,-0.7092335287660965,8.3,up,1,22.0,1,2026-05-12,True,True,Unknown,False,False,Johnson & Johnson,collaboration and license,True,0,17.5,Bolt-On Acquisition Sweet Spot (+16pts) | SC 13D Filing: Activist investor (+10pts) | Commercial-Stage Company (+10pts),Elevated insider selling (1.5% of mcap); ACTIVIST 13D: Unknown (2026-04-24 00:00:00); Exclusive/co-dev agreement with Johnson & Johnson detected in 8-K; Change-of-control provisions in DEF 14A (undisclosed estimated payout),PENDING,,,,
2026-05-05T09:55:16.165174,MIRM,"Mirum Pharmaceuticals, Inc.",79.4,MEDIUM_CONVICTION,108.8152,5462.0,,6,521.3,False,0.14,True,20.4,,False,4,2,97.31,MEDIUM_CONVICTION,,0.0,True,True,True,231.77571968848073,-0.034633335054361,13.7,up,3,44.0,0,2026-05-06,True,False,,False,False,Biogen,merger agreement,True,0,2.0,Deep Phase 3 Pipeline (+25pts) | Commercial-Stage Company (+10pts) | C-Level Insider Buying (+10pts),Change-of-control provisions in DEF 14A (undisclosed estimated payout),PENDING,,,,
2026-05-05T09:55:18.229296,MNKD,MannKind Corporation,100,HIGH_CONVICTION,2.8552,882.0,21.5,0,349.0,True,0.0,True,145.2,Neuroscience / CNS,False,4,2,2.83,HIGH_CONVICTION,,0.0,True,True,False,77.44900730351368,0.05787833630921749,8.4,up,7,50.0,0,2026-05-06,True,False,,False,False,,merger agreement,True,1000000.0,4.0,Bolt-On Acquisition Sweet Spot (+16pts) | Commercial-Stage Company (+10pts) | Large Analyst-to-Market Gap (+10pts),Change-of-control provisions in DEF 14A ($1.0M estimated payout),PENDING,,,,
2026-05-05T09:55:16.927364,MRTX,"Mirati Therapeutics, Inc.",71.0,WATCH,58.7,4118.0,7.1,4,12.4,False,0.0,False,73.9,ADC / Oncology Platform,False,4,2,58.7,MEDIUM_CONVICTION,,0.0,False,False,False,-3.1244111225649567,-0.7227002130264889,,up,13,70.0,0,,False,False,,False,False,,,False,0,0.0,Deep Phase 3 Pipeline (+25pts) | Large Analyst-to-Market Gap (+10pts) | Acquisition Pattern Match (+10pts),PRICED-IN: +115% from 52-week low — M&A premium may be partially reflected in price (-8 pts),PENDING,,,,
2026-05-05T09:55:18.718250,NBIX,"Neurocrine Biosciences, Inc.",100,HIGH_CONVICTION,135.1942,13568.0,,14,2860.5,True,0.07,True,31.7,Neuroscience / CNS,False,4,2,131.67,HIGH_CONVICTION,508.52,73.4,True,True,False,20.723649864986502,0.10803403990454921,9.7,up,5,44.0,3,2026-05-05,False,False,,False,False,,merger agreement,True,0,2.0,Deep Phase 3 Pipeline (+25pts) | Commercial-Stage Company (+10pts) | C-Level Insider Buying (+10pts),Change-of-control provisions in DEF 14A (undisclosed estimated payout),PENDING,,,,
2026-05-05T09:55:20.109090,NMRA,"Neumora Therapeutics, Inc. Common Stock",72,WATCH,2.35,429.0,3.9,3,0.0,False,0.02,False,197.9,Autoimmune / Inflammation,False,4,2,2.47,MEDIUM_CONVICTION,1.1,-113.6,True,True,False,-0.47313886472612277,-1.5178499496475328,17.0,up,7,33.0,0,2026-05-11,True,False,,False,False,,,True,0,2.0,Deep Phase 3 Pipeline (+25pts) | Bolt-On Acquisition Sweet Spot (+16pts) | Large Analyst-to-Market Gap (+10pts),Only 3.9Q runway — verify solvency before entering; Change-of-control provisions in DEF 14A (undisclosed estimated payout); Process-evidence cap applied: no real process signal; score capped at 80; PRICED-IN: +285% from 52-week low — M&A premium may be partially reflected in price (-8 pts),PENDING,,,,
2026-05-05T09:55:20.392957,NKTR,Nektar Therapeutics,72.0,WATCH,85.9113,1744.0,4.3,0,55.2,False,0.0,False,54.6,Autoimmune / Inflammation,False,4,2,85.04,MEDIUM_CONVICTION,,0.0,False,True,False,-6.528921553269271,-0.5282117655651235,,up,4,56.0,3,2026-05-07,True,False,,False,False,,,True,1000000.0,4.0,Mid-Cap Acquisition Target (+11pts) | Commercial-Stage Company (+10pts) | Acquisition Pattern Match (+10pts),Change-of-control provisions in DEF 14A ($1.0M estimated payout); PRICED-IN: +975% from 52-week low — M&A premium may be partially reflected in price (-8 pts),PENDING,,,,
2026-05-05T09:55:21.065802,NRIX,"Nurix Therapeutics, Inc.",72,WATCH,17.1131,1483.0,7.7,0,84.0,False,0.06,True,86.0,Autoimmune / Inflammation,False,4,2,16.7,MEDIUM_CONVICTION,,0.0,True,True,False,-5.20463238334266,-0.4725751379679994,,up,10,44.0,0,2026-07-09,False,False,,False,False,Pfizer,co-development agreement,True,0,7.0,Mid-Cap Acquisition Target (+11pts) | Commercial-Stage Company (+10pts) | Large Analyst-to-Market Gap (+10pts),Exclusive/co-dev agreement with Pfizer detected in 8-K; Change-of-control provisions in DEF 14A (undisclosed estimated payout); Process-evidence cap applied: no real process signal; score capped at 80; PRICED-IN: +109% from 52-week low — M&A premium may be partially reflected in price (-8 pts),PENDING,,,,
2026-05-05T09:55:22.089775,NTLA,"Intellia Therapeutics, Inc.",72,WATCH,13.61,1608.0,6.2,3,67.7,False,0.0,True,53.4,Autoimmune / Inflammation,False,4,2,13.48,MEDIUM_CONVICTION,,0.0,False,False,True,-2.298971547819775,-0.5766663223154005,1.6,up,7,89.0,6,2026-05-14,True,False,,False,False,Regeneron,,True,0,2.0,Deep Phase 3 Pipeline (+25pts) | Mid-Cap Acquisition Target (+11pts) | Commercial-Stage Company (+10pts),Change-of-control provisions in DEF 14A (undisclosed estimated payout); Process-evidence cap applied: no real process signal; score capped at 80; PRICED-IN: +99% from 52-week low — M&A premium may be partially reflected in price (-8 pts),PENDING,,,,
2026-05-05T09:55:22.668136,NUVB,Nuvation Bio Inc.,72,WATCH,4.72,1636.0,18.0,3,62.9,False,0.12,True,162.7,,False,3,1,4.49,WATCH,3.44,-37.2,True,False,True,-15.2204475634345,-0.40958486721325654,11.7,up,3,33.0,1,2026-08-06,False,False,,False,False,,collaboration and license,True,0,7.0,Deep Phase 3 Pipeline (+25pts) | Mid-Cap Acquisition Target (+11pts) | Commercial-Stage Company (+10pts),Exclusive/co-dev agreement with major pharma detected in 8-K; Change-of-control provisions in DEF 14A (undisclosed estimated payout); Process-evidence cap applied: no real process signal; score capped at 80; PRICED-IN: +201% from 52-week low — M&A premium may be partially reflected in price (-8 pts),PENDING,,,,
2026-05-05T09:55:23.707619,NVAX,"Novavax, Inc.",80,MEDIUM_CONVICTION,8.045,1311.0,18.6,3,1123.5,True,0.17,True,123.7,,False,4,2,7.925,MEDIUM_CONVICTION,,0.0,False,False,False,2.227699313667542,0.7800297327133369,9.0,up,2,67.0,6,2026-05-06,True,False,,False,False,Pfizer,,True,0,2.0,Deep Phase 3 Pipeline (+25pts) | Mid-Cap Acquisition Target (+11pts) | Commercial-Stage Company (+10pts),Change-of-control provisions in DEF 14A (undisclosed estimated payout); Process-evidence cap applied: no real process signal; score capped at 80,PENDING,,,,
2026-05-05T09:55:24.236816,OBIO,"Orchestra BioMed Holdings, Inc.",100,HIGH_CONVICTION,4.05,237.0,12.7,0,33.5,False,0.13,True,196.3,,False,4,2,3.99,HIGH_CONVICTION,,0.0,True,False,False,-3094.3428205128207,-0.5239805000404564,12.3,up,3,67.0,1,2026-05-11,True,True,Unknown,False,False,,,True,100000000.0,21.2,Bolt-On Acquisition Sweet Spot (+16pts) | Strategic Cash Runway (+12pts) | SC 13D Filing: Activist investor (+11pts),ACTIVIST 13D: Unknown (2026-04-29 00:00:00); Change-of-control provisions in DEF 14A ($100.0M estimated payout),PENDING,,,,
2026-05-05T09:55:25.353229,OCUL,"Ocular Therapeutix, Inc.",80,MEDIUM_CONVICTION,9.37,2040.0,11.1,3,51.8,False,0.08,True,172.1,Neuroscience / CNS,False,4,2,9.37,MEDIUM_CONVICTION,,0.0,False,True,True,-6.469005263090467,-0.3552537404548014,6.3,up,3,20.0,0,,False,False,,False,False,Astrazeneca,,True,0,2.0,Deep Phase 3 Pipeline (+25pts) | Strategic Cash Runway (+12pts) | Mid-Cap Acquisition Target (+11pts),Change-of-control provisions in DEF 14A (undisclosed estimated payout); Process-evidence cap applied: no real process signal; score capped at 80,PENDING,,,,
2026-05-05T09:55:25.783965,OMER,Omeros Corporation,72,WATCH,14.8199,1067.0,5.9,0,0.0,False,0.78,True,169.9,Autoimmune / Inflammation,False,4,2,14.6,MEDIUM_CONVICTION,,0.0,True,True,False,-10.839420293354785,-0.4532338253368914,3.0,up,1,67.0,3,2026-05-21,False,False,,False,False,Novo Nordisk,,True,972525,2.0,Mid-Cap Acquisition Target (+11pts) | Large Analyst-to-Market Gap (+10pts) | C-Level Insider Buying (+10pts),Moderate insider selling (0.8% of mcap); Change-of-control provisions in DEF 14A ($1.0M estimated payout); Process-evidence cap applied: no real process signal; score capped at 80; PRICED-IN: +402% from 52-week low — M&A premium may be partially reflected in price (-8 pts),PENDING,,,,
2026-05-05T09:55:26.790416,ORIC,"ORIC Pharmaceuticals, Inc.",71.8,WATCH,9.29,932.0,10.3,0,0.0,False,0.1,True,134.1,,False,4,2,9.88,WATCH,0.35,-2564.0,False,False,True,-5.333699474299793,-0.36303263394387114,,up,4,56.0,0,2026-08-06,False,False,,False,False,,,True,690000,2.0,Bolt-On Acquisition Sweet Spot (+16pts) | Strategic Cash Runway (+12pts) | Large Analyst-to-Market Gap (+10pts),Change-of-control provisions in DEF 14A ($0.7M estimated payout); PRICED-IN: +106% from 52-week low — M&A premium may be partially reflected in price (-8 pts),PENDING,,,,
2026-05-05T09:55:27.052861,PAHC,Phibro Animal Health Corporation,77.8,HIGH_CONVICTION,55.939,2267.0,,0,1296.2,True,0.87,False,-12.4,Neuroscience / CNS,False,4,2,53.18,HIGH_CONVICTION,,0.0,True,False,True,11.766552942858894,0.0717532421939419,14.9,up,4,100.0,9,2026-05-06,True,True,Unknown,False,False,,,False,0,10.4,Mid-Cap Acquisition Target (+11pts) | SC 13D Filing: Activist investor (+10pts) | Commercial-Stage Company (+10pts),Moderate insider selling (0.9% of mcap); ACTIVIST 13D: Unknown (2026-04-23 00:00:00),PENDING,,,,
2026-05-05T09:55:28.349331,PBYI,"Puma Biotechnology, Inc.",72,WATCH,7.555,384.0,,0,228.4,True,0.0,True,0,ADC / Oncology Platform,False,4,2,7.51,MEDIUM_CONVICTION,17.8,57.6,True,True,False,5.558084356604552,0.204108417788538,37.8,down,1,89.0,8,2026-05-07,True,False,,False,False,Astrazeneca,exclusive license agreement,True,0,14.0,Bolt-On Acquisition Sweet Spot (+16pts) | Deep Partnership with Astrazeneca (+12pts) | Commercial-Stage Company (+10pts),Exclusive/co-dev agreement with Astrazeneca detected in 8-K; Change-of-control provisions in DEF 14A (undisclosed estimated payout); Process-evidence cap applied: no real process signal; score capped at 80; PRICED-IN: +165% from 52-week low — M&A premium may be partially reflected in price (-8 pts),PENDING,,,,
2026-05-05T09:55:28.834523,PCRX,"Pacira BioSciences, Inc.",80,MEDIUM_CONVICTION,25.3338,997.0,,1,726.4,True,0.11,True,16.4,,False,4,2,25.49,MEDIUM_CONVICTION,330.58,92.3,True,True,True,11.829939511685428,0.01202816563840183,4.8,up,2,67.0,0,2026-08-04,False,False,,False,False,,,False,0,0.0,Bolt-On Acquisition Sweet Spot (+16pts) | Phase 3 Program (+15pts) | Commercial-Stage Company (+10pts),Process-evidence cap applied: no real process signal; score capped at 80,PENDING,,,,
2026-05-05T09:55:29.587644,PGEN,"Precigen, Inc.",72,WATCH,4.31,1295.0,3.7,1,9.7,False,1.22,True,39.2,Gene / Cell Therapy,False,4,2,4.16,MEDIUM_CONVICTION,,0.0,True,True,False,-12.074931112078218,-0.8850071813434509,4.2,up,1,44.0,1,2026-05-13,True,False,,False,False,,,True,0,2.0,Phase 3 Program (+15pts) | Mid-Cap Acquisition Target (+11pts) | C-Level Insider Buying (+10pts),Only 3.7Q runway — verify solvency before entering; Moderate insider selling (1.2% of mcap); Change-of-control provisions in DEF 14A (undisclosed estimated payout); Process-evidence cap applied: no real process signal; score capped at 80; PRICED-IN: +250% from 52-week low — M&A premium may be partially reflected in price (-8 pts),PENDING,,,,
2026-05-05T09:55:30.608199,PHAT,"Phathom Pharmaceuticals, Inc.",72,WATCH,12.29,976.0,17.5,0,175.1,False,0.01,False,100.7,Neuroscience / CNS,False,4,2,11.2,MEDIUM_CONVICTION,,0.0,True,False,True,-6.792864237008403,-1.2523071865239954,2.6,up,5,56.0,0,2026-08-06,False,False,,False,False,Takeda,,True,0,2.0,Bolt-On Acquisition Sweet Spot (+16pts) | Commercial-Stage Company (+10pts) | Large Analyst-to-Market Gap (+10pts),Change-of-control provisions in DEF 14A (undisclosed estimated payout); Process-evidence cap applied: no real process signal; score capped at 80; PRICED-IN: +456% from 52-week low — M&A premium may be partially reflected in price (-8 pts),PENDING,,,,
2026-05-05T09:55:31.910912,PRAX,"Praxis Precision Medicines, Inc.",72,WATCH,332,7019.0,8.4,7,0.0,False,0.0,True,64.0,Neuroscience / CNS,False,4,2,318.83,MEDIUM_CONVICTION,14.95,-2120.7,True,False,False,-20.703495567021193,-0.37141985275196243,5.5,up,13,44.0,0,2026-05-01,False,False,,False,False,Merck,,True,8708648,7.0,Deep Phase 3 Pipeline (+25pts) | Strategic Cash Runway (+12pts) | Large Analyst-to-Market Gap (+10pts),Change-of-control provisions in DEF 14A ($8.7M estimated payout); Process-evidence cap applied: no real process signal; score capped at 80; PRICED-IN: +851% from 52-week low — M&A premium may be partially reflected in price (-8 pts),PENDING,,,,
2026-05-05T09:55:32.674275,PRLD,Prelude Therapeutics Incorporated,94.8,HIGH_CONVICTION,5.0047,279.0,5.4,0,12.1,False,0.0,True,59.8,ADC / Oncology Platform,False,4,2,5.23,HIGH_CONVICTION,3.72,-34.5,True,True,False,-1.4038781421858735,-1.1482567396914292,3.2,up,1,89.0,6,2026-05-05,False,True,Unknown,False,False,,,True,0,12.4,Bolt-On Acquisition Sweet Spot (+16pts) | SC 13D Filing: Activist investor (+10pts) | C-Level Insider Buying (+10pts),ACTIVIST 13D: Unknown (2026-04-23 00:00:00); Change-of-control provisions in DEF 14A (undisclosed estimated payout),PENDING,,,,
2026-05-05T09:55:33.699482,PRTA,Prothena Corporation plc,72,WATCH,11.21,603.0,9.1,0,9.7,False,0.0,True,69.5,Neuroscience / CNS,False,4,1,11.06,WATCH,3.41,-228.7,True,True,False,-1.1180404003510431,-0.6389541868186271,4.9,up,2,33.0,1,2026-05-07,True,False,,False,False,Bms,,True,0,2.0,Bolt-On Acquisition Sweet Spot (+16pts) | Strategic Cash Runway (+12pts) | Large Analyst-to-Market Gap (+10pts),Change-of-control provisions in DEF 14A (undisclosed estimated payout); Process-evidence cap applied: no real process signal; score capped at 80; PRICED-IN: +159% from 52-week low — M&A premium may be partially reflected in price (-8 pts),PENDING,,,,
2026-05-05T09:55:34.264603,PTCT,"PTC Therapeutics, Inc.",72,WATCH,65.5,5431.0,38.7,3,1730.7,True,0.17,True,49.0,Rare Disease (ODD),False,4,2,65.06,MEDIUM_CONVICTION,,0.0,False,False,True,6.251304174101912,0.3738746628174066,15.6,up,7,67.0,0,2026-05-07,True,False,,False,False,,,True,0,2.0,Deep Phase 3 Pipeline (+25pts) | Commercial-Stage Company (+10pts) | C-Level Insider Buying (+10pts),Change-of-control provisions in DEF 14A (undisclosed estimated payout); Process-evidence cap applied: no real process signal; score capped at 80; PRICED-IN: +82% from 52-week low — M&A premium may be partially reflected in price (-8 pts),PENDING,,,,
2026-05-05T09:55:36.748801,RARE,Ultragenyx Pharmaceutical Inc.,80,MEDIUM_CONVICTION,24.8934,2447.0,7.2,9,673.0,False,0.11,True,106.9,Rare Disease (ODD),False,4,2,24.69,MEDIUM_CONVICTION,,0.0,True,True,False,-6.2196,-0.435313262815297,4.3,up,6,44.0,0,2026-05-05,False,False,,False,False,,,True,0,2.0,Deep Phase 3 Pipeline (+25pts) | Mid-Cap Acquisition Target (+11pts) | Commercial-Stage Company (+10pts),Change-of-control provisions in DEF 14A (undisclosed estimated payout); Process-evidence cap applied: no real process signal; score capped at 80,PENDING,,,,
2026-05-05T09:55:37.712234,RCKT,"Rocket Pharmaceuticals, Inc.",72,WATCH,3.5852,391.0,4.4,0,0.0,False,0.03,True,39.5,Rare Disease (ODD),False,4,2,3.48,MEDIUM_CONVICTION,0.47,-656.3,True,False,True,-1.60491055340688,-0.7537851549357101,11.3,up,7,78.0,2,2026-05-14,True,False,,False,False,,,True,2500000,4.0,Bolt-On Acquisition Sweet Spot (+16pts) | C-Level Insider Buying (+10pts) | Acquisition Pattern Match (+9pts),Change-of-control provisions in DEF 14A ($2.5M estimated payout); Process-evidence cap applied: no real process signal; score capped at 80; PRICED-IN: +64% from 52-week low — M&A premium may be partially reflected in price (-8 pts),PENDING,,,,
2026-05-05T09:55:38.166840,RCUS,"Arcus Biosciences, Inc.",72,WATCH,26.45,2663.0,9.0,3,247.0,False,0.0,False,13.4,,False,4,2,25.5,MEDIUM_CONVICTION,,0.0,True,True,False,-7.272662686567164,-0.4251101321585903,15.2,up,6,78.0,3,2026-05-05,False,False,,False,False,Gilead,,True,1000000.0,4.0,Deep Phase 3 Pipeline (+25pts) | Strategic Cash Runway (+12pts) | Mid-Cap Acquisition Target (+11pts),Change-of-control provisions in DEF 14A ($1.0M estimated payout); Process-evidence cap applied: no real process signal; score capped at 80; PRICED-IN: +275% from 52-week low — M&A premium may be partially reflected in price (-8 pts),PENDING,,,,
2026-05-05T09:55:39.271581,REPL,"Replimune Group, Inc.",72,WATCH,2.9188,241.0,3.7,2,0.0,False,0.02,True,379.6,ADC / Oncology Platform,False,4,2,2.57,MEDIUM_CONVICTION,0.33,-774.8,True,False,False,-2.955785983207574,-0.5307384739597808,7.2,up,1,44.0,0,2026-05-28,False,False,,False,False,,,True,0,2.0,Dual Phase 3 Programs (+20pts) | Bolt-On Acquisition Sweet Spot (+16pts) | Large Analyst-to-Market Gap (+10pts),Only 3.7Q runway — verify solvency before entering; Change-of-control provisions in DEF 14A (undisclosed estimated payout); Process-evidence cap applied: no real process signal; score capped at 80; PRICED-IN: +95% from 52-week low — M&A premium may be partially reflected in price (-8 pts),PENDING,,,,
2026-05-05T09:55:40.004622,RGNX,REGENXBIO Inc.,80,MEDIUM_CONVICTION,9.3,480.0,4.3,2,170.4,False,0.01,False,176.9,Rare Disease (ODD),False,4,2,8.97,MEDIUM_CONVICTION,,0.0,True,False,False,-6.653958223144186,-0.42106720441342416,1.5,up,2,33.0,0,2026-05-11,True,False,,False,False,Abbvie,,True,550000,2.0,Dual Phase 3 Programs (+20pts) | Bolt-On Acquisition Sweet Spot (+16pts) | Commercial-Stage Company (+10pts),Change-of-control provisions in DEF 14A ($0.6M estimated payout); Process-evidence cap applied: no real process signal; score capped at 80,PENDING,,,,
2026-05-05T09:55:41.363258,RLAY,"Relay Therapeutics, Inc.",72,WATCH,12.86,2433.0,10.4,1,15.4,False,0.02,True,68.0,ADC / Oncology Platform,False,4,2,12.96,MEDIUM_CONVICTION,,0.0,False,False,False,-5.129898947977811,-0.5049689917567112,,up,6,89.0,1,2026-05-05,False,False,,False,False,Pfizer,,True,0,2.0,Phase 3 Program (+15pts) | Strategic Cash Runway (+12pts) | Mid-Cap Acquisition Target (+11pts),Change-of-control provisions in DEF 14A (undisclosed estimated payout); Process-evidence cap applied: no real process signal; score capped at 80; PRICED-IN: +382% from 52-week low — M&A premium may be partially reflected in price (-8 pts),PENDING,,,,
2026-05-05T09:55:40.427907,RVNC,"Revance Therapeutics, Inc.",72,WATCH,3.65,381.0,4.5,0,234.0,False,0.0,False,469.3,Obesity / Metabolic,False,4,2,3.65,MEDIUM_CONVICTION,,0.0,True,True,False,-3.7322632875717816,-0.7917762269923316,4.2,up,1,57.0,0,2025-11-05,False,False,,False,False,,,False,0,0.0,Bolt-On Acquisition Sweet Spot (+16pts) | Commercial-Stage Company (+10pts) | Large Analyst-to-Market Gap (+10pts),Process-evidence cap applied: no real process signal; score capped at 80; PRICED-IN: +59% from 52-week low — M&A premium may be partially reflected in price (-8 pts),PENDING,,,,
2026-05-05T09:55:42.323882,RXRX,"Recursion Pharmaceuticals, Inc.",80,MEDIUM_CONVICTION,3.3986,1520.0,9.1,0,74.7,False,0.2,False,223.7,Autoimmune / Inflammation,False,4,2,3.46,MEDIUM_CONVICTION,,0.0,False,False,True,-2.0821574907576905,-0.48064558092790466,,down,4,44.0,2,2026-05-06,True,False,,False,False,Roche,,True,0,2.0,Strategic Cash Runway (+12pts) | Mid-Cap Acquisition Target (+11pts) | Commercial-Stage Company (+10pts),Change-of-control provisions in DEF 14A (undisclosed estimated payout); Process-evidence cap applied: no real process signal; score capped at 80,PENDING,,,,
2026-05-05T09:55:42.959307,RYTM,"Rhythm Pharmaceuticals, Inc.",72,WATCH,93.17,6362.0,13.1,4,189.8,False,0.04,True,50.3,Obesity / Metabolic,False,4,2,81.36,MEDIUM_CONVICTION,,0.0,True,False,True,-41.05247501128526,-0.5010882102724962,8.6,up,5,40.0,2,,False,False,,False,False,,,True,600000,2.0,Deep Phase 3 Pipeline (+25pts) | Strategic Cash Runway (+12pts) | Commercial-Stage Company (+10pts),Change-of-control provisions in DEF 14A ($0.6M estimated payout); Process-evidence cap applied: no real process signal; score capped at 80; PRICED-IN: +68% from 52-week low — M&A premium may be partially reflected in price (-8 pts),PENDING,,,,
2026-05-05T09:55:44.304862,RZLT,"Rezolute, Inc.",72,WATCH,3.345,320.0,7.0,2,0.0,False,0.05,True,89.2,Rare Disease (ODD),False,4,2,3.2,MEDIUM_CONVICTION,1.15,-190.9,True,False,True,-3.0860953557968016,-0.48653553376773645,1.9,up,3,33.0,0,2026-05-12,True,False,,False,False,,,True,0,2.0,Dual Phase 3 Programs (+20pts) | Bolt-On Acquisition Sweet Spot (+16pts) | Large Analyst-to-Market Gap (+10pts),Change-of-control provisions in DEF 14A (undisclosed estimated payout); Process-evidence cap applied: no real process signal; score capped at 80; PRICED-IN: +213% from 52-week low — M&A premium may be partially reflected in price (-8 pts),PENDING,,,,
2026-05-05T09:55:44.873896,SANA,"Sana Biotechnology, Inc.",72,WATCH,3.4659,925.0,4.5,0,0.0,False,0.01,True,150.2,Rare Disease (ODD),False,4,2,3.29,WATCH,,0.0,True,False,False,-5.822714917399893,-0.5408012415675924,,up,2,67.0,0,2026-05-14,True,False,,False,False,Takeda,collaboration and license,True,1500000,9.0,Bolt-On Acquisition Sweet Spot (+16pts) | Large Analyst-to-Market Gap (+10pts) | C-Level Insider Buying (+10pts),Exclusive/co-dev agreement with Takeda detected in 8-K; Change-of-control provisions in DEF 14A ($1.5M estimated payout); Process-evidence cap applied: no real process signal; score capped at 80; PRICED-IN: +117% from 52-week low — M&A premium may be partially reflected in price (-8 pts),PENDING,,,,
2026-05-05T09:55:45.044496,SDGR,"Schrödinger, Inc.",100,HIGH_CONVICTION,12.93,966.0,10.1,0,255.9,False,0.18,True,39.2,Neuroscience / CNS,False,4,2,11.96,HIGH_CONVICTION,,0.0,True,True,False,-12.376195882206346,-0.3015633243952327,22.3,up,3,56.0,3,2026-05-05,False,False,,True,False,Lilly,exploring strategic,True,0,32.0,STRATEGIC ALTERNATIVES DISCLOSED (+30pts) | Bolt-On Acquisition Sweet Spot (+16pts) | Strategic Cash Runway (+12pts),STRATEGIC ALTERNATIVES in 8-K — board hired a banker; Change-of-control provisions in DEF 14A (undisclosed estimated payout),PENDING,,,,
2026-05-05T09:55:46.250068,SIGA,"SIGA Technologies, Inc.",80,MEDIUM_CONVICTION,4.68,335.0,14.5,0,94.6,True,0.11,False,0,,False,4,2,4.6,MEDIUM_CONVICTION,8.74,46.5,True,True,False,11.668567962522445,0.08989360357367478,3.2,down,1,0,0,2026-07-30,True,False,,False,False,,,True,0,2.0,Bolt-On Acquisition Sweet Spot (+16pts) | Strategic Cash Runway (+12pts) | Commercial-Stage Company (+10pts),Change-of-control provisions in DEF 14A (undisclosed estimated payout); Process-evidence cap applied: no real process signal; score capped at 80,PENDING,,,,
2026-05-05T09:55:47.154050,SMMT,Summit Therapeutics Inc.,76.5,WATCH,17.034,13208.0,5.4,4,0.0,False,0.0,False,11.5,Neuroscience / CNS,False,4,2,21.46,MEDIUM_CONVICTION,0.25,-6754.2,False,False,True,-11.97490555591584,-2.163466184172724,8.2,up,6,44.0,1,2026-08-10,False,False,,False,False,,,True,1000000,4.0,Deep Phase 3 Pipeline (+25pts) | Strategic Price Discount (+8pts) | Motivated Cash Position (+8pts),Change-of-control provisions in DEF 14A ($1.0M estimated payout),PENDING,,,,
2026-05-05T09:55:48.104910,SNDX,"Syndax Pharmaceuticals, Inc.",72,WATCH,19.53,1723.0,5.9,1,172.4,False,0.04,True,112.5,,False,4,2,21.43,MEDIUM_CONVICTION,14.66,-33.2,False,False,True,-8.073556382560177,-0.6659578307670547,6.3,up,5,78.0,1,2026-08-03,False,False,,False,False,,,True,0,2.0,Phase 3 Program (+15pts) | Mid-Cap Acquisition Target (+11pts) | Commercial-Stage Company (+10pts),Change-of-control provisions in DEF 14A (undisclosed estimated payout); Process-evidence cap applied: no real process signal; score capped at 80; PRICED-IN: +128% from 52-week low — M&A premium may be partially reflected in price (-8 pts),PENDING,,,,
2026-05-05T09:55:48.535656,SRPT,"Sarepta Therapeutics, Inc.",72,WATCH,21.59,2267.0,64.4,4,2198.2,False,0.02,True,17.1,Rare Disease (ODD),False,4,2,20.88,MEDIUM_CONVICTION,,0.0,True,False,False,-3.848017371094166,-0.29032900204757306,18.6,up,13,67.0,0,2026-05-06,True,False,,False,False,Roche,,True,0,2.0,Deep Phase 3 Pipeline (+25pts) | Mid-Cap Acquisition Target (+11pts) | Commercial-Stage Company (+10pts),Change-of-control provisions in DEF 14A (undisclosed estimated payout); Process-evidence cap applied: no real process signal; score capped at 80; PRICED-IN: +107% from 52-week low — M&A premium may be partially reflected in price (-8 pts),PENDING,,,,
2026-05-05T09:55:49.420216,STRO,"Sutro Biopharma, Inc.",72,WATCH,37.7628,321.0,4.4,0,102.5,False,0.05,True,32.4,Autoimmune / Inflammation,False,4,2,36.62,MEDIUM_CONVICTION,,0.0,True,True,False,-0.5722080024173393,-0.9851704128860336,,up,6,56.0,1,2026-05-14,True,False,,False,False,,,True,0,2.0,Bolt-On Acquisition Sweet Spot (+16pts) | Commercial-Stage Company (+10pts) | C-Level Insider Buying (+10pts),Change-of-control provisions in DEF 14A (undisclosed estimated payout); Process-evidence cap applied: no real process signal; score capped at 80; PRICED-IN: +464% from 52-week low — M&A premium may be partially reflected in price (-8 pts),PENDING,,,,
2026-05-05T09:55:50.009366,SUPN,"Supernus Pharmaceuticals, Inc.",72,WATCH,48.8169,2811.0,5.0,4,719.0,False,0.53,True,22.9,Neuroscience / CNS,False,4,2,48,MEDIUM_CONVICTION,116.68,58.2,False,False,False,66.2898853575261,-0.02576191054952827,7.0,flat,2,78.0,7,2026-05-05,False,False,,False,False,Biogen,,True,0,2.0,Deep Phase 3 Pipeline (+25pts) | Mid-Cap Acquisition Target (+11pts) | Commercial-Stage Company (+10pts),Moderate insider selling (0.5% of mcap); Change-of-control provisions in DEF 14A (undisclosed estimated payout); Process-evidence cap applied: no real process signal; score capped at 80; PRICED-IN: +67% from 52-week low — M&A premium may be partially reflected in price (-8 pts),PENDING,,,,
2026-05-05T09:55:52.372559,TARA,"Protara Therapeutics, Inc.",72,WATCH,5.515,213.0,10.6,1,0.0,False,0.06,False,117.6,Obesity / Metabolic,False,4,2,5.33,MEDIUM_CONVICTION,1.03,-435.4,True,True,False,-2.8357543983984295,-0.3231149666367991,4.1,up,3,78.0,0,2026-05-14,True,False,,False,False,,,True,0,2.0,Bolt-On Acquisition Sweet Spot (+16pts) | Phase 3 Program (+15pts) | Strategic Cash Runway (+12pts),Change-of-control provisions in DEF 14A (undisclosed estimated payout); Process-evidence cap applied: no real process signal; score capped at 80; PRICED-IN: +99% from 52-week low — M&A premium may be partially reflected in price (-8 pts),PENDING,,,,
2026-05-05T09:55:52.372206,TBPH,"Theravance Biopharma, Inc.",100,HIGH_CONVICTION,16.7931,865.0,50.2,1,107.5,False,0.38,False,60.8,Autoimmune / Inflammation,False,4,2,16.74,HIGH_CONVICTION,,0.0,True,True,False,-109.8335364118484,-0.023684942114271985,14.7,up,2,44.0,0,2026-05-14,True,False,,True,False,,strategic alternatives,True,0,32.0,STRATEGIC ALTERNATIVES DISCLOSED (+30pts) | Bolt-On Acquisition Sweet Spot (+16pts) | Phase 3 Program (+15pts),STRATEGIC ALTERNATIVES in 8-K — board hired a banker; Change-of-control provisions in DEF 14A (undisclosed estimated payout),PENDING,,,,
2026-05-05T09:55:53.836840,TCMD,"Tactile Systems Technology, Inc.",72,WATCH,23.2266,528.0,221.2,0,329.5,True,0.27,False,69.0,,False,4,2,23.02,MEDIUM_CONVICTION,64.42,63.9,False,False,True,16.586615138355324,0.07549929677659684,10.4,up,1,78.0,0,2026-08-03,False,False,,False,False,,,True,0,2.0,Bolt-On Acquisition Sweet Spot (+16pts) | Commercial-Stage Company (+10pts) | Large Analyst-to-Market Gap (+10pts),Change-of-control provisions in DEF 14A (undisclosed estimated payout); Process-evidence cap applied: no real process signal; score capped at 80; PRICED-IN: +170% from 52-week low — M&A premium may be partially reflected in price (-8 pts),PENDING,,,,
2026-05-05T09:55:54.865832,TGTX,"TG Therapeutics, Inc.",80,MEDIUM_CONVICTION,35.135,5611.0,6.1,3,616.3,True,0.0,False,11.0,Autoimmune / Inflammation,False,4,2,33.78,MEDIUM_CONVICTION,,0.0,False,True,False,33.37029637067304,0.13544095407435391,9.2,up,3,44.0,0,2026-05-06,True,False,,False,False,,,True,16700000.0,10.0,Deep Phase 3 Pipeline (+25pts) | Commercial-Stage Company (+10pts) | Acquisition Pattern Match (+10pts),Change-of-control provisions in DEF 14A ($16.7M estimated payout); Process-evidence cap applied: no real process signal; score capped at 80,PENDING,,,,
2026-05-05T09:55:55.542219,TVTX,"Travere Therapeutics, Inc.",72,WATCH,45.06,4162.0,6.6,4,490.7,False,0.44,True,14.3,Rare Disease (ODD),False,4,2,42.12,MEDIUM_CONVICTION,,0.0,True,True,True,164.03282810018905,-0.1392493162101418,8.7,up,4,33.0,0,2026-08-05,False,False,,False,False,,,True,0,2.0,Deep Phase 3 Pipeline (+25pts) | Commercial-Stage Company (+10pts) | C-Level Insider Buying (+10pts),Change-of-control provisions in DEF 14A (undisclosed estimated payout); Process-evidence cap applied: no real process signal; score capped at 80; PRICED-IN: +225% from 52-week low — M&A premium may be partially reflected in price (-8 pts),PENDING,,,,
2026-05-05T09:55:56.068212,VERA,"Vera Therapeutics, Inc.",72,WATCH,35.115,2518.0,10.8,1,0.0,False,0.1,True,121.0,,False,4,2,35.61,MEDIUM_CONVICTION,4.05,-767.0,False,False,False,-10.20304488750656,-0.46268620496928115,5.2,up,6,11.0,0,2026-05-05,False,False,,False,False,,exclusive license agreement,True,0,10.0,Phase 3 Program (+15pts) | Strategic Cash Runway (+12pts) | Mid-Cap Acquisition Target (+11pts),Exclusive/co-dev agreement with major pharma detected in 8-K; Change-of-control provisions in DEF 14A (undisclosed estimated payout); Process-evidence cap applied: no real process signal; score capped at 80; PRICED-IN: +87% from 52-week low — M&A premium may be partially reflected in price (-8 pts),PENDING,,,,
2026-05-05T09:55:56.973856,VERV,"Verve Therapeutics, Inc.",72.1,WATCH,11.13,994.0,14.5,0,32.3,False,0.0,False,61.7,Gene / Cell Therapy,False,4,2,11.13,WATCH,,0.0,True,False,False,-1.6910536498623296,-0.3718502256372728,,down,5,90.0,9,,False,False,,False,False,Eli Lilly,merger agreement,False,0,0.0,Bolt-On Acquisition Sweet Spot (+16pts) | Strategic Cash Runway (+12pts) | Large Analyst-to-Market Gap (+10pts),,PENDING,,,,
2026-05-05T09:55:58.057508,VIR,"Vir Biotechnology, Inc.",72,WATCH,10.2249,1649.0,4.8,2,68.6,False,0.15,True,108.2,Neuroscience / CNS,False,4,2,10.215,MEDIUM_CONVICTION,,0.0,False,True,False,-1.8495555553286867,-0.509378475978607,,up,3,44.0,1,2026-05-06,True,False,,False,False,,,True,1000000.0,4.0,Dual Phase 3 Programs (+20pts) | Mid-Cap Acquisition Target (+11pts) | Commercial-Stage Company (+10pts),Change-of-control provisions in DEF 14A ($1.0M estimated payout); Process-evidence cap applied: no real process signal; score capped at 80; PRICED-IN: +146% from 52-week low — M&A premium may be partially reflected in price (-8 pts),PENDING,,,,
2026-05-05T09:55:58.384158,VKTX,"Viking Therapeutics, Inc.",80,MEDIUM_CONVICTION,31.006,3593.0,6.1,2,0.0,False,0.0,True,224.9,Obesity / Metabolic,False,3,1,30,MEDIUM_CONVICTION,1.03,-2910.3,False,False,True,-9.655597571578932,-0.6153670453176554,14.1,up,5,33.0,0,2026-07-29,False,False,,False,False,,,True,0,2.0,Dual Phase 3 Programs (+20pts) | Large Analyst-to-Market Gap (+10pts) | C-Level Insider Buying (+10pts),Change-of-control provisions in DEF 14A (undisclosed estimated payout); Process-evidence cap applied: no real process signal; score capped at 80,PENDING,,,,
2026-05-05T09:55:59.491374,VNDA,Vanda Pharmaceuticals Inc.,72,WATCH,7.44,440.0,8.6,11,216.1,False,0.64,False,111.7,Neuroscience / CNS,False,4,2,7.1,MEDIUM_CONVICTION,,0.0,True,False,False,-3.213872681273384,-0.4327233276368935,6.6,up,1,67.0,1,2026-05-06,True,False,,False,False,,,True,0,2.0,Deep Phase 3 Pipeline (+25pts) | Bolt-On Acquisition Sweet Spot (+16pts) | Strategic Cash Runway (+12pts),Moderate insider selling (0.6% of mcap); Change-of-control provisions in DEF 14A (undisclosed estimated payout); Process-evidence cap applied: no real process signal; score capped at 80; PRICED-IN: +95% from 52-week low — M&A premium may be partially reflected in price (-8 pts),PENDING,,,,
2026-05-05T09:56:00.044445,XENE,Xenon Pharmaceuticals Inc.,72,WATCH,57.685,4554.0,7.2,8,7.5,False,0.43,True,52.3,Neuroscience / CNS,False,4,2,56.04,MEDIUM_CONVICTION,2.44,-2264.1,True,False,False,-9.817217183008083,-0.3962881249528633,10.9,up,7,67.0,0,2026-05-11,True,False,,False,False,,,True,0,2.0,Deep Phase 3 Pipeline (+25pts) | C-Level Insider Buying (+10pts) | Acquisition Pattern Match (+10pts),Change-of-control provisions in DEF 14A (undisclosed estimated payout); Process-evidence cap applied: no real process signal; score capped at 80; PRICED-IN: +105% from 52-week low — M&A premium may be partially reflected in price (-8 pts),PENDING,,,,
2026-05-05T09:56:01.206911,XNCR,"Xencor, Inc.",72,WATCH,12.9099,947.0,13.3,0,125.6,False,0.06,True,150.4,Autoimmune / Inflammation,False,4,2,11.93,MEDIUM_CONVICTION,,0.0,True,True,True,-27.038592805449127,-0.21486276778862098,,up,4,56.0,3,2026-05-06,True,False,,False,False,Roche,collaboration and license,True,0,7.0,Bolt-On Acquisition Sweet Spot (+16pts) | Strategic Cash Runway (+12pts) | Commercial-Stage Company (+10pts),Exclusive/co-dev agreement with Roche detected in 8-K; Change-of-control provisions in DEF 14A (undisclosed estimated payout); Process-evidence cap applied: no real process signal; score capped at 80; PRICED-IN: +87% from 52-week low — M&A premium may be partially reflected in price (-8 pts),PENDING,,,,
2026-05-05T09:56:01.496054,YMAB,"Y-mAbs Therapeutics, Inc.",100,HIGH_CONVICTION,8.61,391.0,9.0,0,87.7,False,0.0,False,47.6,ADC / Oncology Platform,False,4,2,8.61,HIGH_CONVICTION,,0.0,True,True,False,-9.152865468597144,-0.3206266013822105,11.0,up,3,60.0,2,,False,False,,False,False,,merger agreement,False,0,35.0,FINANCIAL ADVISOR RETAINED / POTENTIAL SALE (+35pts) | Bolt-On Acquisition Sweet Spot (+16pts) | Strategic Cash Runway (+12pts),Financial advisor retained or potential sale language in 8-K,PENDING,,,,
2026-05-05T09:56:02.169693,ZBIO,"Zenas BioPharma, Inc.",72,WATCH,21.03,939.0,7.3,4,10.0,False,0.0,True,59.3,Autoimmune / Inflammation,False,4,2,19.32,MEDIUM_CONVICTION,,0.0,True,False,False,-7.54022963303664,-0.6561218981892994,,up,3,33.0,0,2026-05-14,True,False,,False,False,,,True,0,2.0,Deep Phase 3 Pipeline (+25pts) | Bolt-On Acquisition Sweet Spot (+16pts) | C-Level Insider Buying (+10pts),Change-of-control provisions in DEF 14A (undisclosed estimated payout); Process-evidence cap applied: no real process signal; score capped at 80; PRICED-IN: +147% from 52-week low — M&A premium may be partially reflected in price (-8 pts),PENDING,,,,
2026-05-05T09:56:02.761863,ZYME,Zymeworks Inc.,72,WATCH,27.1274,2016.0,11.1,0,106.0,False,0.0,True,41.3,ADC / Oncology Platform,False,4,2,27.54,MEDIUM_CONVICTION,,0.0,False,True,False,0.25646712663006527,-0.30079628185127405,29.5,up,7,56.0,0,2026-05-07,True,False,,False,False,Pfizer,,True,0,2.0,Strategic Cash Runway (+12pts) | Mid-Cap Acquisition Target (+11pts) | Commercial-Stage Company (+10pts),Change-of-control provisions in DEF 14A (undisclosed estimated payout); Process-evidence cap applied: no real process signal; score capped at 80; PRICED-IN: +150% from 52-week low — M&A premium may be partially reflected in price (-8 pts),PENDING,,,,
